statistics_code;statistics_label;time_code;time_label;time;1_variable_code;1_variable_label;1_variable_attribute_code;1_variable_attribute_label;2_variable_code;2_variable_label;2_variable_attribute_code;2_variable_attribute_label;value;value_unit;value_variable_code;value_variable_label;value_q
48121;Statistik für kleine und mittlere Unternehmen;JAHR;Jahr;2017;DINSG;Deutschland insgesamt;DG;Deutschland;UNTGR2;Unternehmensgröße;UNT-1000;Großunternehmen;18589;Anzahl;UNT003;Unternehmen;e
48121;Statistik für kleine und mittlere Unternehmen;JAHR;Jahr;2017;DINSG;Deutschland insgesamt;DG;Deutschland;UNTGR2;Unternehmensgröße;UNT-1000;Großunternehmen;.;Mill. EUR;AUFW05;Aufwendungen für Leiharbeitnehmer;
48121;Statistik für kleine und mittlere Unternehmen;JAHR;Jahr;2017;DINSG;Deutschland insgesamt;DG;Deutschland;UNTGR2;Unternehmensgröße;UNT-1000;Großunternehmen;.;Mill. EUR;VST005;Bruttolöhne und -gehälter;
48121;Statistik für kleine und mittlere Unternehmen;JAHR;Jahr;2017;DINSG;Deutschland insgesamt;DG;Deutschland;UNTGR2;Unternehmensgröße;UNT-1000;Großunternehmen;150943;Mill. EUR;INV018;Bruttoinvestitionen in Sachanlagen;e
48121;Statistik für kleine und mittlere Unternehmen;JAHR;Jahr;2017;DINSG;Deutschland insgesamt;DG;Deutschland;UNTGR2;Unternehmensgröße;UNT-1000;Großunternehmen;4394132;Mill. EUR;UMS002;Umsatz;e
48121;Statistik für kleine und mittlere Unternehmen;JAHR;Jahr;2017;DINSG;Deutschland insgesamt;DG;Deutschland;UNTGR2;Unternehmensgröße;UNT-1000;Großunternehmen;.;Anzahl;LGE001;Lohn- und Gehaltsempfänger;
48121;Statistik für kleine und mittlere Unternehmen;JAHR;Jahr;2017;DINSG;Deutschland insgesamt;DG;Deutschland;UNTGR2;Unternehmensgröße;UNT-1000;Großunternehmen;12944;EUR;INV023;Bruttoinvestitionen in Sachanl. je tätige Person;e
48121;Statistik für kleine und mittlere Unternehmen;JAHR;Jahr;2017;DINSG;Deutschland insgesamt;DG;Deutschland;UNTGR2;Unternehmensgröße;UNT-1000;Großunternehmen;-;Mill. EUR;KOS002;Kosten für Mieten und Pachten;
48121;Statistik für kleine und mittlere Unternehmen;JAHR;Jahr;2017;DINSG;Deutschland insgesamt;DG;Deutschland;UNTGR2;Unternehmensgröße;UNT-1000;Großunternehmen;52267;EUR;PAW008;Personalaufwendungen je tätige Person;e
48121;Statistik für kleine und mittlere Unternehmen;JAHR;Jahr;2017;DINSG;Deutschland insgesamt;DG;Deutschland;UNTGR2;Unternehmensgröße;UNT-1000;Großunternehmen;.;Mill. EUR;KAU008;Käufe v.Waren u.DL z.Wiederverk. i.unveränd. Zust.;
48121;Statistik für kleine und mittlere Unternehmen;JAHR;Jahr;2017;DINSG;Deutschland insgesamt;DG;Deutschland;UNTGR2;Unternehmensgröße;UNT-1000;Großunternehmen;11661458;Anzahl;PER005;Tätige Personen;e
48121;Statistik für kleine und mittlere Unternehmen;JAHR;Jahr;2017;DINSG;Deutschland insgesamt;DG;Deutschland;UNTGR2;Unternehmensgröße;UNT-1000;Großunternehmen;.;Mill. EUR;KOS026;Sozialversicherungskosten;
48121;Statistik für kleine und mittlere Unternehmen;JAHR;Jahr;2017;DINSG;Deutschland insgesamt;DG;Deutschland;UNTGR2;Unternehmensgröße;UNT-1000;Großunternehmen;.;Anzahl;LGE002;Lohn- und Gehaltsempfänger in Vollzeiteinheiten;
48121;Statistik für kleine und mittlere Unternehmen;JAHR;Jahr;2017;DINSG;Deutschland insgesamt;DG;Deutschland;UNTGR2;Unternehmensgröße;UNT-1000;Großunternehmen;609514;Mill. EUR;PAW002;Personalaufwendungen;e
48121;Statistik für kleine und mittlere Unternehmen;JAHR;Jahr;2017;DINSG;Deutschland insgesamt;DG;Deutschland;UNTGR2;Unternehmensgröße;UNT-1000;Großunternehmen;.;Mill. EUR;PRO013;Produktionswert;
48121;Statistik für kleine und mittlere Unternehmen;JAHR;Jahr;2017;DINSG;Deutschland insgesamt;DG;Deutschland;UNTGR2;Unternehmensgröße;UNT-1000;Großunternehmen;.;Mill. EUR;KAU007;Waren- und Dienstleistungskäufe;
48121;Statistik für kleine und mittlere Unternehmen;JAHR;Jahr;2017;DINSG;Deutschland insgesamt;DG;Deutschland;UNTGR2;Unternehmensgröße;UNT-1000;Großunternehmen;923504;Mill. EUR;BWS003;Bruttowertschöpfung zu Faktorkosten;e
48121;Statistik für kleine und mittlere Unternehmen;JAHR;Jahr;2017;DINSG;Deutschland insgesamt;DG;Deutschland;UNTGR2;Unternehmensgröße;UNT-1000;Großunternehmen;376808;EUR;UMS050;Umsatz je tätige Person;e
48121;Statistik für kleine und mittlere Unternehmen;JAHR;Jahr;2017;DINSG;Deutschland insgesamt;DG;Deutschland;UNTGR2;Unternehmensgröße;UNT-1000;Großunternehmen;16435;Anzahl;UNT007;Unternehmen mit Investitionen;e
48121;Statistik für kleine und mittlere Unternehmen;JAHR;Jahr;2017;DINSG;Deutschland insgesamt;DG;Deutschland;UNTGR2;Unternehmensgröße;UNT-1000;Großunternehmen;26925;EUR;BBU003;Bruttobetriebsüberschuss je tätige Person;e
48121;Statistik für kleine und mittlere Unternehmen;JAHR;Jahr;2017;DINSG;Deutschland insgesamt;DG;Deutschland;UNTGR2;Unternehmensgröße;UNT-1000;Großunternehmen;313989;Mill. EUR;BBU001;Bruttobetriebsüberschuss;e
48121;Statistik für kleine und mittlere Unternehmen;JAHR;Jahr;2017;DINSG;Deutschland insgesamt;DG;Deutschland;UNTGR2;Unternehmensgröße;UNT-1000;Großunternehmen;-;Mill. EUR;VRV001;Vorratsveränderungen bei Waren;
48121;Statistik für kleine und mittlere Unternehmen;JAHR;Jahr;2017;DINSG;Deutschland insgesamt;DG;Deutschland;UNTGR2;Unternehmensgröße;UNT-1000;Großunternehmen;79193;EUR;BWS010;Bruttowertschöpf. zu Faktorkosten je tätige Person;e
48121;Statistik für kleine und mittlere Unternehmen;JAHR;Jahr;2017;DINSG;Deutschland insgesamt;DG;Deutschland;UNTGR2;Unternehmensgröße;UNT-1000;Großunternehmen;.;Anzahl;UNT002;Unternehmen (EU);
48121;Statistik für kleine und mittlere Unternehmen;JAHR;Jahr;2015;DINSG;Deutschland insgesamt;DG;Deutschland;UNTGR2;Unternehmensgröße;UNT-1000;Großunternehmen;17282;Anzahl;UNT003;Unternehmen;e
48121;Statistik für kleine und mittlere Unternehmen;JAHR;Jahr;2015;DINSG;Deutschland insgesamt;DG;Deutschland;UNTGR2;Unternehmensgröße;UNT-1000;Großunternehmen;.;Mill. EUR;AUFW05;Aufwendungen für Leiharbeitnehmer;
48121;Statistik für kleine und mittlere Unternehmen;JAHR;Jahr;2015;DINSG;Deutschland insgesamt;DG;Deutschland;UNTGR2;Unternehmensgröße;UNT-1000;Großunternehmen;.;Mill. EUR;VST005;Bruttolöhne und -gehälter;
48121;Statistik für kleine und mittlere Unternehmen;JAHR;Jahr;2015;DINSG;Deutschland insgesamt;DG;Deutschland;UNTGR2;Unternehmensgröße;UNT-1000;Großunternehmen;118111;Mill. EUR;INV018;Bruttoinvestitionen in Sachanlagen;e
48121;Statistik für kleine und mittlere Unternehmen;JAHR;Jahr;2015;DINSG;Deutschland insgesamt;DG;Deutschland;UNTGR2;Unternehmensgröße;UNT-1000;Großunternehmen;4008802;Mill. EUR;UMS002;Umsatz;e
48121;Statistik für kleine und mittlere Unternehmen;JAHR;Jahr;2015;DINSG;Deutschland insgesamt;DG;Deutschland;UNTGR2;Unternehmensgröße;UNT-1000;Großunternehmen;.;Anzahl;LGE001;Lohn- und Gehaltsempfänger;
48121;Statistik für kleine und mittlere Unternehmen;JAHR;Jahr;2015;DINSG;Deutschland insgesamt;DG;Deutschland;UNTGR2;Unternehmensgröße;UNT-1000;Großunternehmen;10709;EUR;INV023;Bruttoinvestitionen in Sachanl. je tätige Person;e
48121;Statistik für kleine und mittlere Unternehmen;JAHR;Jahr;2015;DINSG;Deutschland insgesamt;DG;Deutschland;UNTGR2;Unternehmensgröße;UNT-1000;Großunternehmen;-;Mill. EUR;KOS002;Kosten für Mieten und Pachten;
48121;Statistik für kleine und mittlere Unternehmen;JAHR;Jahr;2015;DINSG;Deutschland insgesamt;DG;Deutschland;UNTGR2;Unternehmensgröße;UNT-1000;Großunternehmen;50592;EUR;PAW008;Personalaufwendungen je tätige Person;e
48121;Statistik für kleine und mittlere Unternehmen;JAHR;Jahr;2015;DINSG;Deutschland insgesamt;DG;Deutschland;UNTGR2;Unternehmensgröße;UNT-1000;Großunternehmen;.;Mill. EUR;KAU008;Käufe v.Waren u.DL z.Wiederverk. i.unveränd. Zust.;
48121;Statistik für kleine und mittlere Unternehmen;JAHR;Jahr;2015;DINSG;Deutschland insgesamt;DG;Deutschland;UNTGR2;Unternehmensgröße;UNT-1000;Großunternehmen;11029583;Anzahl;PER005;Tätige Personen;e
48121;Statistik für kleine und mittlere Unternehmen;JAHR;Jahr;2015;DINSG;Deutschland insgesamt;DG;Deutschland;UNTGR2;Unternehmensgröße;UNT-1000;Großunternehmen;.;Mill. EUR;KOS026;Sozialversicherungskosten;
48121;Statistik für kleine und mittlere Unternehmen;JAHR;Jahr;2015;DINSG;Deutschland insgesamt;DG;Deutschland;UNTGR2;Unternehmensgröße;UNT-1000;Großunternehmen;.;Anzahl;LGE002;Lohn- und Gehaltsempfänger in Vollzeiteinheiten;
48121;Statistik für kleine und mittlere Unternehmen;JAHR;Jahr;2015;DINSG;Deutschland insgesamt;DG;Deutschland;UNTGR2;Unternehmensgröße;UNT-1000;Großunternehmen;558010;Mill. EUR;PAW002;Personalaufwendungen;e
48121;Statistik für kleine und mittlere Unternehmen;JAHR;Jahr;2015;DINSG;Deutschland insgesamt;DG;Deutschland;UNTGR2;Unternehmensgröße;UNT-1000;Großunternehmen;.;Mill. EUR;PRO013;Produktionswert;
48121;Statistik für kleine und mittlere Unternehmen;JAHR;Jahr;2015;DINSG;Deutschland insgesamt;DG;Deutschland;UNTGR2;Unternehmensgröße;UNT-1000;Großunternehmen;.;Mill. EUR;KAU007;Waren- und Dienstleistungskäufe;
48121;Statistik für kleine und mittlere Unternehmen;JAHR;Jahr;2015;DINSG;Deutschland insgesamt;DG;Deutschland;UNTGR2;Unternehmensgröße;UNT-1000;Großunternehmen;823260;Mill. EUR;BWS003;Bruttowertschöpfung zu Faktorkosten;e
48121;Statistik für kleine und mittlere Unternehmen;JAHR;Jahr;2015;DINSG;Deutschland insgesamt;DG;Deutschland;UNTGR2;Unternehmensgröße;UNT-1000;Großunternehmen;363459;EUR;UMS050;Umsatz je tätige Person;e
48121;Statistik für kleine und mittlere Unternehmen;JAHR;Jahr;2015;DINSG;Deutschland insgesamt;DG;Deutschland;UNTGR2;Unternehmensgröße;UNT-1000;Großunternehmen;15369;Anzahl;UNT007;Unternehmen mit Investitionen;e
48121;Statistik für kleine und mittlere Unternehmen;JAHR;Jahr;2015;DINSG;Deutschland insgesamt;DG;Deutschland;UNTGR2;Unternehmensgröße;UNT-1000;Großunternehmen;23879;EUR;BBU003;Bruttobetriebsüberschuss je tätige Person;e
48121;Statistik für kleine und mittlere Unternehmen;JAHR;Jahr;2015;DINSG;Deutschland insgesamt;DG;Deutschland;UNTGR2;Unternehmensgröße;UNT-1000;Großunternehmen;263381;Mill. EUR;BBU001;Bruttobetriebsüberschuss;e
48121;Statistik für kleine und mittlere Unternehmen;JAHR;Jahr;2015;DINSG;Deutschland insgesamt;DG;Deutschland;UNTGR2;Unternehmensgröße;UNT-1000;Großunternehmen;-;Mill. EUR;VRV001;Vorratsveränderungen bei Waren;
48121;Statistik für kleine und mittlere Unternehmen;JAHR;Jahr;2015;DINSG;Deutschland insgesamt;DG;Deutschland;UNTGR2;Unternehmensgröße;UNT-1000;Großunternehmen;74641;EUR;BWS010;Bruttowertschöpf. zu Faktorkosten je tätige Person;e
48121;Statistik für kleine und mittlere Unternehmen;JAHR;Jahr;2015;DINSG;Deutschland insgesamt;DG;Deutschland;UNTGR2;Unternehmensgröße;UNT-1000;Großunternehmen;.;Anzahl;UNT002;Unternehmen (EU);
48121;Statistik für kleine und mittlere Unternehmen;JAHR;Jahr;2009;DINSG;Deutschland insgesamt;DG;Deutschland;UNTGR2;Unternehmensgröße;UNT-0100;Mittlere Unternehmen;62706;Anzahl;UNT003;Unternehmen;e
48121;Statistik für kleine und mittlere Unternehmen;JAHR;Jahr;2009;DINSG;Deutschland insgesamt;DG;Deutschland;UNTGR2;Unternehmensgröße;UNT-0100;Mittlere Unternehmen;.;Mill. EUR;AUFW05;Aufwendungen für Leiharbeitnehmer;
48121;Statistik für kleine und mittlere Unternehmen;JAHR;Jahr;2009;DINSG;Deutschland insgesamt;DG;Deutschland;UNTGR2;Unternehmensgröße;UNT-0100;Mittlere Unternehmen;.;Mill. EUR;VST005;Bruttolöhne und -gehälter;
48121;Statistik für kleine und mittlere Unternehmen;JAHR;Jahr;2009;DINSG;Deutschland insgesamt;DG;Deutschland;UNTGR2;Unternehmensgröße;UNT-0100;Mittlere Unternehmen;29449;Mill. EUR;INV018;Bruttoinvestitionen in Sachanlagen;e
48121;Statistik für kleine und mittlere Unternehmen;JAHR;Jahr;2009;DINSG;Deutschland insgesamt;DG;Deutschland;UNTGR2;Unternehmensgröße;UNT-0100;Mittlere Unternehmen;790038;Mill. EUR;UMS002;Umsatz;e
48121;Statistik für kleine und mittlere Unternehmen;JAHR;Jahr;2009;DINSG;Deutschland insgesamt;DG;Deutschland;UNTGR2;Unternehmensgröße;UNT-0100;Mittlere Unternehmen;.;Anzahl;LGE001;Lohn- und Gehaltsempfänger;
48121;Statistik für kleine und mittlere Unternehmen;JAHR;Jahr;2009;DINSG;Deutschland insgesamt;DG;Deutschland;UNTGR2;Unternehmensgröße;UNT-0100;Mittlere Unternehmen;6027;EUR;INV023;Bruttoinvestitionen in Sachanl. je tätige Person;e
48121;Statistik für kleine und mittlere Unternehmen;JAHR;Jahr;2009;DINSG;Deutschland insgesamt;DG;Deutschland;UNTGR2;Unternehmensgröße;UNT-0100;Mittlere Unternehmen;-;Mill. EUR;KOS002;Kosten für Mieten und Pachten;
48121;Statistik für kleine und mittlere Unternehmen;JAHR;Jahr;2009;DINSG;Deutschland insgesamt;DG;Deutschland;UNTGR2;Unternehmensgröße;UNT-0100;Mittlere Unternehmen;-;EUR;PAW008;Personalaufwendungen je tätige Person;
48121;Statistik für kleine und mittlere Unternehmen;JAHR;Jahr;2009;DINSG;Deutschland insgesamt;DG;Deutschland;UNTGR2;Unternehmensgröße;UNT-0100;Mittlere Unternehmen;.;Mill. EUR;KAU008;Käufe v.Waren u.DL z.Wiederverk. i.unveränd. Zust.;
48121;Statistik für kleine und mittlere Unternehmen;JAHR;Jahr;2009;DINSG;Deutschland insgesamt;DG;Deutschland;UNTGR2;Unternehmensgröße;UNT-0100;Mittlere Unternehmen;4886154;Anzahl;PER005;Tätige Personen;e
48121;Statistik für kleine und mittlere Unternehmen;JAHR;Jahr;2009;DINSG;Deutschland insgesamt;DG;Deutschland;UNTGR2;Unternehmensgröße;UNT-0100;Mittlere Unternehmen;.;Mill. EUR;KOS026;Sozialversicherungskosten;
48121;Statistik für kleine und mittlere Unternehmen;JAHR;Jahr;2009;DINSG;Deutschland insgesamt;DG;Deutschland;UNTGR2;Unternehmensgröße;UNT-0100;Mittlere Unternehmen;.;Anzahl;LGE002;Lohn- und Gehaltsempfänger in Vollzeiteinheiten;
48121;Statistik für kleine und mittlere Unternehmen;JAHR;Jahr;2009;DINSG;Deutschland insgesamt;DG;Deutschland;UNTGR2;Unternehmensgröße;UNT-0100;Mittlere Unternehmen;-;Mill. EUR;PAW002;Personalaufwendungen;
48121;Statistik für kleine und mittlere Unternehmen;JAHR;Jahr;2009;DINSG;Deutschland insgesamt;DG;Deutschland;UNTGR2;Unternehmensgröße;UNT-0100;Mittlere Unternehmen;.;Mill. EUR;PRO013;Produktionswert;
48121;Statistik für kleine und mittlere Unternehmen;JAHR;Jahr;2009;DINSG;Deutschland insgesamt;DG;Deutschland;UNTGR2;Unternehmensgröße;UNT-0100;Mittlere Unternehmen;.;Mill. EUR;KAU007;Waren- und Dienstleistungskäufe;
48121;Statistik für kleine und mittlere Unternehmen;JAHR;Jahr;2009;DINSG;Deutschland insgesamt;DG;Deutschland;UNTGR2;Unternehmensgröße;UNT-0100;Mittlere Unternehmen;248795;Mill. EUR;BWS003;Bruttowertschöpfung zu Faktorkosten;e
48121;Statistik für kleine und mittlere Unternehmen;JAHR;Jahr;2009;DINSG;Deutschland insgesamt;DG;Deutschland;UNTGR2;Unternehmensgröße;UNT-0100;Mittlere Unternehmen;161689;EUR;UMS050;Umsatz je tätige Person;e
48121;Statistik für kleine und mittlere Unternehmen;JAHR;Jahr;2009;DINSG;Deutschland insgesamt;DG;Deutschland;UNTGR2;Unternehmensgröße;UNT-0100;Mittlere Unternehmen;50226;Anzahl;UNT007;Unternehmen mit Investitionen;e
48121;Statistik für kleine und mittlere Unternehmen;JAHR;Jahr;2009;DINSG;Deutschland insgesamt;DG;Deutschland;UNTGR2;Unternehmensgröße;UNT-0100;Mittlere Unternehmen;-;EUR;BBU003;Bruttobetriebsüberschuss je tätige Person;
48121;Statistik für kleine und mittlere Unternehmen;JAHR;Jahr;2009;DINSG;Deutschland insgesamt;DG;Deutschland;UNTGR2;Unternehmensgröße;UNT-0100;Mittlere Unternehmen;-;Mill. EUR;BBU001;Bruttobetriebsüberschuss;
48121;Statistik für kleine und mittlere Unternehmen;JAHR;Jahr;2009;DINSG;Deutschland insgesamt;DG;Deutschland;UNTGR2;Unternehmensgröße;UNT-0100;Mittlere Unternehmen;-;Mill. EUR;VRV001;Vorratsveränderungen bei Waren;
48121;Statistik für kleine und mittlere Unternehmen;JAHR;Jahr;2009;DINSG;Deutschland insgesamt;DG;Deutschland;UNTGR2;Unternehmensgröße;UNT-0100;Mittlere Unternehmen;50918;EUR;BWS010;Bruttowertschöpf. zu Faktorkosten je tätige Person;e
48121;Statistik für kleine und mittlere Unternehmen;JAHR;Jahr;2009;DINSG;Deutschland insgesamt;DG;Deutschland;UNTGR2;Unternehmensgröße;UNT-0100;Mittlere Unternehmen;.;Anzahl;UNT002;Unternehmen (EU);
48121;Statistik für kleine und mittlere Unternehmen;JAHR;Jahr;2020;DINSG;Deutschland insgesamt;DG;Deutschland;UNTGR2;Unternehmensgröße;;Insgesamt;-;Anzahl;UNT003;Unternehmen;
48121;Statistik für kleine und mittlere Unternehmen;JAHR;Jahr;2020;DINSG;Deutschland insgesamt;DG;Deutschland;UNTGR2;Unternehmensgröße;;Insgesamt;27136;Mill. EUR;AUFW05;Aufwendungen für Leiharbeitnehmer;e
48121;Statistik für kleine und mittlere Unternehmen;JAHR;Jahr;2020;DINSG;Deutschland insgesamt;DG;Deutschland;UNTGR2;Unternehmensgröße;;Insgesamt;972524;Mill. EUR;VST005;Bruttolöhne und -gehälter;e
48121;Statistik für kleine und mittlere Unternehmen;JAHR;Jahr;2020;DINSG;Deutschland insgesamt;DG;Deutschland;UNTGR2;Unternehmensgröße;;Insgesamt;272073;Mill. EUR;INV018;Bruttoinvestitionen in Sachanlagen;e
48121;Statistik für kleine und mittlere Unternehmen;JAHR;Jahr;2020;DINSG;Deutschland insgesamt;DG;Deutschland;UNTGR2;Unternehmensgröße;;Insgesamt;6705217;Mill. EUR;UMS002;Umsatz;e
48121;Statistik für kleine und mittlere Unternehmen;JAHR;Jahr;2020;DINSG;Deutschland insgesamt;DG;Deutschland;UNTGR2;Unternehmensgröße;;Insgesamt;26894907;Anzahl;LGE001;Lohn- und Gehaltsempfänger;e
48121;Statistik für kleine und mittlere Unternehmen;JAHR;Jahr;2020;DINSG;Deutschland insgesamt;DG;Deutschland;UNTGR2;Unternehmensgröße;;Insgesamt;9245;EUR;INV023;Bruttoinvestitionen in Sachanl. je tätige Person;e
48121;Statistik für kleine und mittlere Unternehmen;JAHR;Jahr;2020;DINSG;Deutschland insgesamt;DG;Deutschland;UNTGR2;Unternehmensgröße;;Insgesamt;-;Mill. EUR;KOS002;Kosten für Mieten und Pachten;
48121;Statistik für kleine und mittlere Unternehmen;JAHR;Jahr;2020;DINSG;Deutschland insgesamt;DG;Deutschland;UNTGR2;Unternehmensgröße;;Insgesamt;40419;EUR;PAW008;Personalaufwendungen je tätige Person;e
48121;Statistik für kleine und mittlere Unternehmen;JAHR;Jahr;2020;DINSG;Deutschland insgesamt;DG;Deutschland;UNTGR2;Unternehmensgröße;;Insgesamt;2228264;Mill. EUR;KAU008;Käufe v.Waren u.DL z.Wiederverk. i.unveränd. Zust.;e
48121;Statistik für kleine und mittlere Unternehmen;JAHR;Jahr;2020;DINSG;Deutschland insgesamt;DG;Deutschland;UNTGR2;Unternehmensgröße;;Insgesamt;29430778;Anzahl;PER005;Tätige Personen;e
48121;Statistik für kleine und mittlere Unternehmen;JAHR;Jahr;2020;DINSG;Deutschland insgesamt;DG;Deutschland;UNTGR2;Unternehmensgröße;;Insgesamt;217047;Mill. EUR;KOS026;Sozialversicherungskosten;e
48121;Statistik für kleine und mittlere Unternehmen;JAHR;Jahr;2020;DINSG;Deutschland insgesamt;DG;Deutschland;UNTGR2;Unternehmensgröße;;Insgesamt;22697070;Anzahl;LGE002;Lohn- und Gehaltsempfänger in Vollzeiteinheiten;e
48121;Statistik für kleine und mittlere Unternehmen;JAHR;Jahr;2020;DINSG;Deutschland insgesamt;DG;Deutschland;UNTGR2;Unternehmensgröße;;Insgesamt;1189571;Mill. EUR;PAW002;Personalaufwendungen;e
48121;Statistik für kleine und mittlere Unternehmen;JAHR;Jahr;2020;DINSG;Deutschland insgesamt;DG;Deutschland;UNTGR2;Unternehmensgröße;;Insgesamt;4522515;Mill. EUR;PRO013;Produktionswert;e
48121;Statistik für kleine und mittlere Unternehmen;JAHR;Jahr;2020;DINSG;Deutschland insgesamt;DG;Deutschland;UNTGR2;Unternehmensgröße;;Insgesamt;4875453;Mill. EUR;KAU007;Waren- und Dienstleistungskäufe;e
48121;Statistik für kleine und mittlere Unternehmen;JAHR;Jahr;2020;DINSG;Deutschland insgesamt;DG;Deutschland;UNTGR2;Unternehmensgröße;;Insgesamt;1818581;Mill. EUR;BWS003;Bruttowertschöpfung zu Faktorkosten;e
48121;Statistik für kleine und mittlere Unternehmen;JAHR;Jahr;2020;DINSG;Deutschland insgesamt;DG;Deutschland;UNTGR2;Unternehmensgröße;;Insgesamt;227830;EUR;UMS050;Umsatz je tätige Person;e
48121;Statistik für kleine und mittlere Unternehmen;JAHR;Jahr;2020;DINSG;Deutschland insgesamt;DG;Deutschland;UNTGR2;Unternehmensgröße;;Insgesamt;1041490;Anzahl;UNT007;Unternehmen mit Investitionen;e
48121;Statistik für kleine und mittlere Unternehmen;JAHR;Jahr;2020;DINSG;Deutschland insgesamt;DG;Deutschland;UNTGR2;Unternehmensgröße;;Insgesamt;21373;EUR;BBU003;Bruttobetriebsüberschuss je tätige Person;e
48121;Statistik für kleine und mittlere Unternehmen;JAHR;Jahr;2020;DINSG;Deutschland insgesamt;DG;Deutschland;UNTGR2;Unternehmensgröße;;Insgesamt;629010;Mill. EUR;BBU001;Bruttobetriebsüberschuss;e
48121;Statistik für kleine und mittlere Unternehmen;JAHR;Jahr;2020;DINSG;Deutschland insgesamt;DG;Deutschland;UNTGR2;Unternehmensgröße;;Insgesamt;-;Mill. EUR;VRV001;Vorratsveränderungen bei Waren;
48121;Statistik für kleine und mittlere Unternehmen;JAHR;Jahr;2020;DINSG;Deutschland insgesamt;DG;Deutschland;UNTGR2;Unternehmensgröße;;Insgesamt;61792;EUR;BWS010;Bruttowertschöpf. zu Faktorkosten je tätige Person;e
48121;Statistik für kleine und mittlere Unternehmen;JAHR;Jahr;2020;DINSG;Deutschland insgesamt;DG;Deutschland;UNTGR2;Unternehmensgröße;;Insgesamt;2485804;Anzahl;UNT002;Unternehmen (EU);e
48121;Statistik für kleine und mittlere Unternehmen;JAHR;Jahr;2019;DINSG;Deutschland insgesamt;DG;Deutschland;UNTGR2;Unternehmensgröße;UNT-1000;Großunternehmen;-;Anzahl;UNT003;Unternehmen;
48121;Statistik für kleine und mittlere Unternehmen;JAHR;Jahr;2019;DINSG;Deutschland insgesamt;DG;Deutschland;UNTGR2;Unternehmensgröße;UNT-1000;Großunternehmen;23350;Mill. EUR;AUFW05;Aufwendungen für Leiharbeitnehmer;e
48121;Statistik für kleine und mittlere Unternehmen;JAHR;Jahr;2019;DINSG;Deutschland insgesamt;DG;Deutschland;UNTGR2;Unternehmensgröße;UNT-1000;Großunternehmen;619835;Mill. EUR;VST005;Bruttolöhne und -gehälter;e
48121;Statistik für kleine und mittlere Unternehmen;JAHR;Jahr;2019;DINSG;Deutschland insgesamt;DG;Deutschland;UNTGR2;Unternehmensgröße;UNT-1000;Großunternehmen;189857;Mill. EUR;INV018;Bruttoinvestitionen in Sachanlagen;e
48121;Statistik für kleine und mittlere Unternehmen;JAHR;Jahr;2019;DINSG;Deutschland insgesamt;DG;Deutschland;UNTGR2;Unternehmensgröße;UNT-1000;Großunternehmen;4957730;Mill. EUR;UMS002;Umsatz;e
48121;Statistik für kleine und mittlere Unternehmen;JAHR;Jahr;2019;DINSG;Deutschland insgesamt;DG;Deutschland;UNTGR2;Unternehmensgröße;UNT-1000;Großunternehmen;13753803;Anzahl;LGE001;Lohn- und Gehaltsempfänger;e
48121;Statistik für kleine und mittlere Unternehmen;JAHR;Jahr;2019;DINSG;Deutschland insgesamt;DG;Deutschland;UNTGR2;Unternehmensgröße;UNT-1000;Großunternehmen;13759;EUR;INV023;Bruttoinvestitionen in Sachanl. je tätige Person;e
48121;Statistik für kleine und mittlere Unternehmen;JAHR;Jahr;2019;DINSG;Deutschland insgesamt;DG;Deutschland;UNTGR2;Unternehmensgröße;UNT-1000;Großunternehmen;-;Mill. EUR;KOS002;Kosten für Mieten und Pachten;
48121;Statistik für kleine und mittlere Unternehmen;JAHR;Jahr;2019;DINSG;Deutschland insgesamt;DG;Deutschland;UNTGR2;Unternehmensgröße;UNT-1000;Großunternehmen;54762;EUR;PAW008;Personalaufwendungen je tätige Person;e
48121;Statistik für kleine und mittlere Unternehmen;JAHR;Jahr;2019;DINSG;Deutschland insgesamt;DG;Deutschland;UNTGR2;Unternehmensgröße;UNT-1000;Großunternehmen;1687739;Mill. EUR;KAU008;Käufe v.Waren u.DL z.Wiederverk. i.unveränd. Zust.;e
48121;Statistik für kleine und mittlere Unternehmen;JAHR;Jahr;2019;DINSG;Deutschland insgesamt;DG;Deutschland;UNTGR2;Unternehmensgröße;UNT-1000;Großunternehmen;13798474;Anzahl;PER005;Tätige Personen;e
48121;Statistik für kleine und mittlere Unternehmen;JAHR;Jahr;2019;DINSG;Deutschland insgesamt;DG;Deutschland;UNTGR2;Unternehmensgröße;UNT-1000;Großunternehmen;135797;Mill. EUR;KOS026;Sozialversicherungskosten;e
48121;Statistik für kleine und mittlere Unternehmen;JAHR;Jahr;2019;DINSG;Deutschland insgesamt;DG;Deutschland;UNTGR2;Unternehmensgröße;UNT-1000;Großunternehmen;11872865;Anzahl;LGE002;Lohn- und Gehaltsempfänger in Vollzeiteinheiten;e
48121;Statistik für kleine und mittlere Unternehmen;JAHR;Jahr;2019;DINSG;Deutschland insgesamt;DG;Deutschland;UNTGR2;Unternehmensgröße;UNT-1000;Großunternehmen;755632;Mill. EUR;PAW002;Personalaufwendungen;e
48121;Statistik für kleine und mittlere Unternehmen;JAHR;Jahr;2019;DINSG;Deutschland insgesamt;DG;Deutschland;UNTGR2;Unternehmensgröße;UNT-1000;Großunternehmen;3316221;Mill. EUR;PRO013;Produktionswert;e
48121;Statistik für kleine und mittlere Unternehmen;JAHR;Jahr;2019;DINSG;Deutschland insgesamt;DG;Deutschland;UNTGR2;Unternehmensgröße;UNT-1000;Großunternehmen;3844507;Mill. EUR;KAU007;Waren- und Dienstleistungskäufe;e
48121;Statistik für kleine und mittlere Unternehmen;JAHR;Jahr;2019;DINSG;Deutschland insgesamt;DG;Deutschland;UNTGR2;Unternehmensgröße;UNT-1000;Großunternehmen;1108133;Mill. EUR;BWS003;Bruttowertschöpfung zu Faktorkosten;e
48121;Statistik für kleine und mittlere Unternehmen;JAHR;Jahr;2019;DINSG;Deutschland insgesamt;DG;Deutschland;UNTGR2;Unternehmensgröße;UNT-1000;Großunternehmen;359295;EUR;UMS050;Umsatz je tätige Person;e
48121;Statistik für kleine und mittlere Unternehmen;JAHR;Jahr;2019;DINSG;Deutschland insgesamt;DG;Deutschland;UNTGR2;Unternehmensgröße;UNT-1000;Großunternehmen;15510;Anzahl;UNT007;Unternehmen mit Investitionen;e
48121;Statistik für kleine und mittlere Unternehmen;JAHR;Jahr;2019;DINSG;Deutschland insgesamt;DG;Deutschland;UNTGR2;Unternehmensgröße;UNT-1000;Großunternehmen;25546;EUR;BBU003;Bruttobetriebsüberschuss je tätige Person;e
48121;Statistik für kleine und mittlere Unternehmen;JAHR;Jahr;2019;DINSG;Deutschland insgesamt;DG;Deutschland;UNTGR2;Unternehmensgröße;UNT-1000;Großunternehmen;352501;Mill. EUR;BBU001;Bruttobetriebsüberschuss;e
48121;Statistik für kleine und mittlere Unternehmen;JAHR;Jahr;2019;DINSG;Deutschland insgesamt;DG;Deutschland;UNTGR2;Unternehmensgröße;UNT-1000;Großunternehmen;-;Mill. EUR;VRV001;Vorratsveränderungen bei Waren;
48121;Statistik für kleine und mittlere Unternehmen;JAHR;Jahr;2019;DINSG;Deutschland insgesamt;DG;Deutschland;UNTGR2;Unternehmensgröße;UNT-1000;Großunternehmen;80308;EUR;BWS010;Bruttowertschöpf. zu Faktorkosten je tätige Person;e
48121;Statistik für kleine und mittlere Unternehmen;JAHR;Jahr;2019;DINSG;Deutschland insgesamt;DG;Deutschland;UNTGR2;Unternehmensgröße;UNT-1000;Großunternehmen;16605;Anzahl;UNT002;Unternehmen (EU);e
48121;Statistik für kleine und mittlere Unternehmen;JAHR;Jahr;2023;DINSG;Deutschland insgesamt;DG;Deutschland;UNTGR2;Unternehmensgröße;UNT-0001;Kleinstunternehmen;-;Anzahl;UNT003;Unternehmen;
48121;Statistik für kleine und mittlere Unternehmen;JAHR;Jahr;2023;DINSG;Deutschland insgesamt;DG;Deutschland;UNTGR2;Unternehmensgröße;UNT-0001;Kleinstunternehmen;1344;Mill. EUR;AUFW05;Aufwendungen für Leiharbeitnehmer;e
48121;Statistik für kleine und mittlere Unternehmen;JAHR;Jahr;2023;DINSG;Deutschland insgesamt;DG;Deutschland;UNTGR2;Unternehmensgröße;UNT-0001;Kleinstunternehmen;104972;Mill. EUR;VST005;Bruttolöhne und -gehälter;e
48121;Statistik für kleine und mittlere Unternehmen;JAHR;Jahr;2023;DINSG;Deutschland insgesamt;DG;Deutschland;UNTGR2;Unternehmensgröße;UNT-0001;Kleinstunternehmen;55738;Mill. EUR;INV018;Bruttoinvestitionen in Sachanlagen;e
48121;Statistik für kleine und mittlere Unternehmen;JAHR;Jahr;2023;DINSG;Deutschland insgesamt;DG;Deutschland;UNTGR2;Unternehmensgröße;UNT-0001;Kleinstunternehmen;607689;Mill. EUR;UMS002;Umsatz;e
48121;Statistik für kleine und mittlere Unternehmen;JAHR;Jahr;2023;DINSG;Deutschland insgesamt;DG;Deutschland;UNTGR2;Unternehmensgröße;UNT-0001;Kleinstunternehmen;4304702;Anzahl;LGE001;Lohn- und Gehaltsempfänger;e
48121;Statistik für kleine und mittlere Unternehmen;JAHR;Jahr;2023;DINSG;Deutschland insgesamt;DG;Deutschland;UNTGR2;Unternehmensgröße;UNT-0001;Kleinstunternehmen;8132;EUR;INV023;Bruttoinvestitionen in Sachanl. je tätige Person;e
48121;Statistik für kleine und mittlere Unternehmen;JAHR;Jahr;2023;DINSG;Deutschland insgesamt;DG;Deutschland;UNTGR2;Unternehmensgröße;UNT-0001;Kleinstunternehmen;37638;Mill. EUR;KOS002;Kosten für Mieten und Pachten;e
48121;Statistik für kleine und mittlere Unternehmen;JAHR;Jahr;2023;DINSG;Deutschland insgesamt;DG;Deutschland;UNTGR2;Unternehmensgröße;UNT-0001;Kleinstunternehmen;18771;EUR;PAW008;Personalaufwendungen je tätige Person;e
48121;Statistik für kleine und mittlere Unternehmen;JAHR;Jahr;2023;DINSG;Deutschland insgesamt;DG;Deutschland;UNTGR2;Unternehmensgröße;UNT-0001;Kleinstunternehmen;92824;Mill. EUR;KAU008;Käufe v.Waren u.DL z.Wiederverk. i.unveränd. Zust.;e
48121;Statistik für kleine und mittlere Unternehmen;JAHR;Jahr;2023;DINSG;Deutschland insgesamt;DG;Deutschland;UNTGR2;Unternehmensgröße;UNT-0001;Kleinstunternehmen;6854100;Anzahl;PER005;Tätige Personen;e
48121;Statistik für kleine und mittlere Unternehmen;JAHR;Jahr;2023;DINSG;Deutschland insgesamt;DG;Deutschland;UNTGR2;Unternehmensgröße;UNT-0001;Kleinstunternehmen;23688;Mill. EUR;KOS026;Sozialversicherungskosten;e
48121;Statistik für kleine und mittlere Unternehmen;JAHR;Jahr;2023;DINSG;Deutschland insgesamt;DG;Deutschland;UNTGR2;Unternehmensgröße;UNT-0001;Kleinstunternehmen;3370122;Anzahl;LGE002;Lohn- und Gehaltsempfänger in Vollzeiteinheiten;e
48121;Statistik für kleine und mittlere Unternehmen;JAHR;Jahr;2023;DINSG;Deutschland insgesamt;DG;Deutschland;UNTGR2;Unternehmensgröße;UNT-0001;Kleinstunternehmen;128660;Mill. EUR;PAW002;Personalaufwendungen;e
48121;Statistik für kleine und mittlere Unternehmen;JAHR;Jahr;2023;DINSG;Deutschland insgesamt;DG;Deutschland;UNTGR2;Unternehmensgröße;UNT-0001;Kleinstunternehmen;524249;Mill. EUR;PRO013;Produktionswert;e
48121;Statistik für kleine und mittlere Unternehmen;JAHR;Jahr;2023;DINSG;Deutschland insgesamt;DG;Deutschland;UNTGR2;Unternehmensgröße;UNT-0001;Kleinstunternehmen;289110;Mill. EUR;KAU007;Waren- und Dienstleistungskäufe;e
48121;Statistik für kleine und mittlere Unternehmen;JAHR;Jahr;2023;DINSG;Deutschland insgesamt;DG;Deutschland;UNTGR2;Unternehmensgröße;UNT-0001;Kleinstunternehmen;326057;Mill. EUR;BWS003;Bruttowertschöpfung zu Faktorkosten;e
48121;Statistik für kleine und mittlere Unternehmen;JAHR;Jahr;2023;DINSG;Deutschland insgesamt;DG;Deutschland;UNTGR2;Unternehmensgröße;UNT-0001;Kleinstunternehmen;88661;EUR;UMS050;Umsatz je tätige Person;e
48121;Statistik für kleine und mittlere Unternehmen;JAHR;Jahr;2023;DINSG;Deutschland insgesamt;DG;Deutschland;UNTGR2;Unternehmensgröße;UNT-0001;Kleinstunternehmen;48561;Anzahl;UNT007;Unternehmen mit Investitionen;e
48121;Statistik für kleine und mittlere Unternehmen;JAHR;Jahr;2023;DINSG;Deutschland insgesamt;DG;Deutschland;UNTGR2;Unternehmensgröße;UNT-0001;Kleinstunternehmen;28800;EUR;BBU003;Bruttobetriebsüberschuss je tätige Person;e
48121;Statistik für kleine und mittlere Unternehmen;JAHR;Jahr;2023;DINSG;Deutschland insgesamt;DG;Deutschland;UNTGR2;Unternehmensgröße;UNT-0001;Kleinstunternehmen;197398;Mill. EUR;BBU001;Bruttobetriebsüberschuss;e
48121;Statistik für kleine und mittlere Unternehmen;JAHR;Jahr;2023;DINSG;Deutschland insgesamt;DG;Deutschland;UNTGR2;Unternehmensgröße;UNT-0001;Kleinstunternehmen;5389;Mill. EUR;VRV001;Vorratsveränderungen bei Waren;e
48121;Statistik für kleine und mittlere Unternehmen;JAHR;Jahr;2023;DINSG;Deutschland insgesamt;DG;Deutschland;UNTGR2;Unternehmensgröße;UNT-0001;Kleinstunternehmen;47571;EUR;BWS010;Bruttowertschöpf. zu Faktorkosten je tätige Person;e
48121;Statistik für kleine und mittlere Unternehmen;JAHR;Jahr;2023;DINSG;Deutschland insgesamt;DG;Deutschland;UNTGR2;Unternehmensgröße;UNT-0001;Kleinstunternehmen;2631106;Anzahl;UNT002;Unternehmen (EU);e
48121;Statistik für kleine und mittlere Unternehmen;JAHR;Jahr;2022;DINSG;Deutschland insgesamt;DG;Deutschland;UNTGR2;Unternehmensgröße;;Insgesamt;-;Anzahl;UNT003;Unternehmen;
48121;Statistik für kleine und mittlere Unternehmen;JAHR;Jahr;2022;DINSG;Deutschland insgesamt;DG;Deutschland;UNTGR2;Unternehmensgröße;;Insgesamt;40643;Mill. EUR;AUFW05;Aufwendungen für Leiharbeitnehmer;e
48121;Statistik für kleine und mittlere Unternehmen;JAHR;Jahr;2022;DINSG;Deutschland insgesamt;DG;Deutschland;UNTGR2;Unternehmensgröße;;Insgesamt;1375579;Mill. EUR;VST005;Bruttolöhne und -gehälter;e
48121;Statistik für kleine und mittlere Unternehmen;JAHR;Jahr;2022;DINSG;Deutschland insgesamt;DG;Deutschland;UNTGR2;Unternehmensgröße;;Insgesamt;442730;Mill. EUR;INV018;Bruttoinvestitionen in Sachanlagen;e
48121;Statistik für kleine und mittlere Unternehmen;JAHR;Jahr;2022;DINSG;Deutschland insgesamt;DG;Deutschland;UNTGR2;Unternehmensgröße;;Insgesamt;10120715;Mill. EUR;UMS002;Umsatz;e
48121;Statistik für kleine und mittlere Unternehmen;JAHR;Jahr;2022;DINSG;Deutschland insgesamt;DG;Deutschland;UNTGR2;Unternehmensgröße;;Insgesamt;35623912;Anzahl;LGE001;Lohn- und Gehaltsempfänger;e
48121;Statistik für kleine und mittlere Unternehmen;JAHR;Jahr;2022;DINSG;Deutschland insgesamt;DG;Deutschland;UNTGR2;Unternehmensgröße;;Insgesamt;11435;EUR;INV023;Bruttoinvestitionen in Sachanl. je tätige Person;e
48121;Statistik für kleine und mittlere Unternehmen;JAHR;Jahr;2022;DINSG;Deutschland insgesamt;DG;Deutschland;UNTGR2;Unternehmensgröße;;Insgesamt;236057;Mill. EUR;KOS002;Kosten für Mieten und Pachten;e
48121;Statistik für kleine und mittlere Unternehmen;JAHR;Jahr;2022;DINSG;Deutschland insgesamt;DG;Deutschland;UNTGR2;Unternehmensgröße;;Insgesamt;44058;EUR;PAW008;Personalaufwendungen je tätige Person;e
48121;Statistik für kleine und mittlere Unternehmen;JAHR;Jahr;2022;DINSG;Deutschland insgesamt;DG;Deutschland;UNTGR2;Unternehmensgröße;;Insgesamt;2741525;Mill. EUR;KAU008;Käufe v.Waren u.DL z.Wiederverk. i.unveränd. Zust.;e
48121;Statistik für kleine und mittlere Unternehmen;JAHR;Jahr;2022;DINSG;Deutschland insgesamt;DG;Deutschland;UNTGR2;Unternehmensgröße;;Insgesamt;38715794;Anzahl;PER005;Tätige Personen;e
48121;Statistik für kleine und mittlere Unternehmen;JAHR;Jahr;2022;DINSG;Deutschland insgesamt;DG;Deutschland;UNTGR2;Unternehmensgröße;;Insgesamt;330153;Mill. EUR;KOS026;Sozialversicherungskosten;e
48121;Statistik für kleine und mittlere Unternehmen;JAHR;Jahr;2022;DINSG;Deutschland insgesamt;DG;Deutschland;UNTGR2;Unternehmensgröße;;Insgesamt;30047639;Anzahl;LGE002;Lohn- und Gehaltsempfänger in Vollzeiteinheiten;e
48121;Statistik für kleine und mittlere Unternehmen;JAHR;Jahr;2022;DINSG;Deutschland insgesamt;DG;Deutschland;UNTGR2;Unternehmensgröße;;Insgesamt;1705732;Mill. EUR;PAW002;Personalaufwendungen;e
48121;Statistik für kleine und mittlere Unternehmen;JAHR;Jahr;2022;DINSG;Deutschland insgesamt;DG;Deutschland;UNTGR2;Unternehmensgröße;;Insgesamt;7343404;Mill. EUR;PRO013;Produktionswert;e
48121;Statistik für kleine und mittlere Unternehmen;JAHR;Jahr;2022;DINSG;Deutschland insgesamt;DG;Deutschland;UNTGR2;Unternehmensgröße;;Insgesamt;7266981;Mill. EUR;KAU007;Waren- und Dienstleistungskäufe;e
48121;Statistik für kleine und mittlere Unternehmen;JAHR;Jahr;2022;DINSG;Deutschland insgesamt;DG;Deutschland;UNTGR2;Unternehmensgröße;;Insgesamt;2875615;Mill. EUR;BWS003;Bruttowertschöpfung zu Faktorkosten;e
48121;Statistik für kleine und mittlere Unternehmen;JAHR;Jahr;2022;DINSG;Deutschland insgesamt;DG;Deutschland;UNTGR2;Unternehmensgröße;;Insgesamt;261411;EUR;UMS050;Umsatz je tätige Person;e
48121;Statistik für kleine und mittlere Unternehmen;JAHR;Jahr;2022;DINSG;Deutschland insgesamt;DG;Deutschland;UNTGR2;Unternehmensgröße;;Insgesamt;1387314;Anzahl;UNT007;Unternehmen mit Investitionen;e
48121;Statistik für kleine und mittlere Unternehmen;JAHR;Jahr;2022;DINSG;Deutschland insgesamt;DG;Deutschland;UNTGR2;Unternehmensgröße;;Insgesamt;30217;EUR;BBU003;Bruttobetriebsüberschuss je tätige Person;e
48121;Statistik für kleine und mittlere Unternehmen;JAHR;Jahr;2022;DINSG;Deutschland insgesamt;DG;Deutschland;UNTGR2;Unternehmensgröße;;Insgesamt;1169883;Mill. EUR;BBU001;Bruttobetriebsüberschuss;e
48121;Statistik für kleine und mittlere Unternehmen;JAHR;Jahr;2022;DINSG;Deutschland insgesamt;DG;Deutschland;UNTGR2;Unternehmensgröße;;Insgesamt;134694;Mill. EUR;VRV001;Vorratsveränderungen bei Waren;e
48121;Statistik für kleine und mittlere Unternehmen;JAHR;Jahr;2022;DINSG;Deutschland insgesamt;DG;Deutschland;UNTGR2;Unternehmensgröße;;Insgesamt;74275;EUR;BWS010;Bruttowertschöpf. zu Faktorkosten je tätige Person;e
48121;Statistik für kleine und mittlere Unternehmen;JAHR;Jahr;2022;DINSG;Deutschland insgesamt;DG;Deutschland;UNTGR2;Unternehmensgröße;;Insgesamt;3159716;Anzahl;UNT002;Unternehmen (EU);e
48121;Statistik für kleine und mittlere Unternehmen;JAHR;Jahr;2024;DINSG;Deutschland insgesamt;DG;Deutschland;UNTGR2;Unternehmensgröße;UNT-0100;Mittlere Unternehmen;-;Anzahl;UNT003;Unternehmen;
48121;Statistik für kleine und mittlere Unternehmen;JAHR;Jahr;2024;DINSG;Deutschland insgesamt;DG;Deutschland;UNTGR2;Unternehmensgröße;UNT-0100;Mittlere Unternehmen;5280;Mill. EUR;AUFW05;Aufwendungen für Leiharbeitnehmer;e
48121;Statistik für kleine und mittlere Unternehmen;JAHR;Jahr;2024;DINSG;Deutschland insgesamt;DG;Deutschland;UNTGR2;Unternehmensgröße;UNT-0100;Mittlere Unternehmen;228118;Mill. EUR;VST005;Bruttolöhne und -gehälter;e
48121;Statistik für kleine und mittlere Unternehmen;JAHR;Jahr;2024;DINSG;Deutschland insgesamt;DG;Deutschland;UNTGR2;Unternehmensgröße;UNT-0100;Mittlere Unternehmen;69544;Mill. EUR;INV018;Bruttoinvestitionen in Sachanlagen;e
48121;Statistik für kleine und mittlere Unternehmen;JAHR;Jahr;2024;DINSG;Deutschland insgesamt;DG;Deutschland;UNTGR2;Unternehmensgröße;UNT-0100;Mittlere Unternehmen;1066228;Mill. EUR;UMS002;Umsatz;e
48121;Statistik für kleine und mittlere Unternehmen;JAHR;Jahr;2024;DINSG;Deutschland insgesamt;DG;Deutschland;UNTGR2;Unternehmensgröße;UNT-0100;Mittlere Unternehmen;6047694;Anzahl;LGE001;Lohn- und Gehaltsempfänger;e
48121;Statistik für kleine und mittlere Unternehmen;JAHR;Jahr;2024;DINSG;Deutschland insgesamt;DG;Deutschland;UNTGR2;Unternehmensgröße;UNT-0100;Mittlere Unternehmen;11313;EUR;INV023;Bruttoinvestitionen in Sachanl. je tätige Person;e
48121;Statistik für kleine und mittlere Unternehmen;JAHR;Jahr;2024;DINSG;Deutschland insgesamt;DG;Deutschland;UNTGR2;Unternehmensgröße;UNT-0100;Mittlere Unternehmen;29863;Mill. EUR;KOS002;Kosten für Mieten und Pachten;e
48121;Statistik für kleine und mittlere Unternehmen;JAHR;Jahr;2024;DINSG;Deutschland insgesamt;DG;Deutschland;UNTGR2;Unternehmensgröße;UNT-0100;Mittlere Unternehmen;45154;EUR;PAW008;Personalaufwendungen je tätige Person;e
48121;Statistik für kleine und mittlere Unternehmen;JAHR;Jahr;2024;DINSG;Deutschland insgesamt;DG;Deutschland;UNTGR2;Unternehmensgröße;UNT-0100;Mittlere Unternehmen;295015;Mill. EUR;KAU008;Käufe v.Waren u.DL z.Wiederverk. i.unveränd. Zust.;e
48121;Statistik für kleine und mittlere Unternehmen;JAHR;Jahr;2024;DINSG;Deutschland insgesamt;DG;Deutschland;UNTGR2;Unternehmensgröße;UNT-0100;Mittlere Unternehmen;6147270;Anzahl;PER005;Tätige Personen;e
48121;Statistik für kleine und mittlere Unternehmen;JAHR;Jahr;2024;DINSG;Deutschland insgesamt;DG;Deutschland;UNTGR2;Unternehmensgröße;UNT-0100;Mittlere Unternehmen;49453;Mill. EUR;KOS026;Sozialversicherungskosten;e
48121;Statistik für kleine und mittlere Unternehmen;JAHR;Jahr;2024;DINSG;Deutschland insgesamt;DG;Deutschland;UNTGR2;Unternehmensgröße;UNT-0100;Mittlere Unternehmen;5024608;Anzahl;LGE002;Lohn- und Gehaltsempfänger in Vollzeiteinheiten;e
48121;Statistik für kleine und mittlere Unternehmen;JAHR;Jahr;2024;DINSG;Deutschland insgesamt;DG;Deutschland;UNTGR2;Unternehmensgröße;UNT-0100;Mittlere Unternehmen;277572;Mill. EUR;PAW002;Personalaufwendungen;e
48121;Statistik für kleine und mittlere Unternehmen;JAHR;Jahr;2024;DINSG;Deutschland insgesamt;DG;Deutschland;UNTGR2;Unternehmensgröße;UNT-0100;Mittlere Unternehmen;777361;Mill. EUR;PRO013;Produktionswert;e
48121;Statistik für kleine und mittlere Unternehmen;JAHR;Jahr;2024;DINSG;Deutschland insgesamt;DG;Deutschland;UNTGR2;Unternehmensgröße;UNT-0100;Mittlere Unternehmen;659994;Mill. EUR;KAU007;Waren- und Dienstleistungskäufe;e
48121;Statistik für kleine und mittlere Unternehmen;JAHR;Jahr;2024;DINSG;Deutschland insgesamt;DG;Deutschland;UNTGR2;Unternehmensgröße;UNT-0100;Mittlere Unternehmen;413356;Mill. EUR;BWS003;Bruttowertschöpfung zu Faktorkosten;e
48121;Statistik für kleine und mittlere Unternehmen;JAHR;Jahr;2024;DINSG;Deutschland insgesamt;DG;Deutschland;UNTGR2;Unternehmensgröße;UNT-0100;Mittlere Unternehmen;173447;EUR;UMS050;Umsatz je tätige Person;e
48121;Statistik für kleine und mittlere Unternehmen;JAHR;Jahr;2024;DINSG;Deutschland insgesamt;DG;Deutschland;UNTGR2;Unternehmensgröße;UNT-0100;Mittlere Unternehmen;40757;Anzahl;UNT007;Unternehmen mit Investitionen;e
48121;Statistik für kleine und mittlere Unternehmen;JAHR;Jahr;2024;DINSG;Deutschland insgesamt;DG;Deutschland;UNTGR2;Unternehmensgröße;UNT-0100;Mittlere Unternehmen;22089;EUR;BBU003;Bruttobetriebsüberschuss je tätige Person;e
48121;Statistik für kleine und mittlere Unternehmen;JAHR;Jahr;2024;DINSG;Deutschland insgesamt;DG;Deutschland;UNTGR2;Unternehmensgröße;UNT-0100;Mittlere Unternehmen;135785;Mill. EUR;BBU001;Bruttobetriebsüberschuss;e
48121;Statistik für kleine und mittlere Unternehmen;JAHR;Jahr;2024;DINSG;Deutschland insgesamt;DG;Deutschland;UNTGR2;Unternehmensgröße;UNT-0100;Mittlere Unternehmen;1541;Mill. EUR;VRV001;Vorratsveränderungen bei Waren;e
48121;Statistik für kleine und mittlere Unternehmen;JAHR;Jahr;2024;DINSG;Deutschland insgesamt;DG;Deutschland;UNTGR2;Unternehmensgröße;UNT-0100;Mittlere Unternehmen;67242;EUR;BWS010;Bruttowertschöpf. zu Faktorkosten je tätige Person;e
48121;Statistik für kleine und mittlere Unternehmen;JAHR;Jahr;2024;DINSG;Deutschland insgesamt;DG;Deutschland;UNTGR2;Unternehmensgröße;UNT-0100;Mittlere Unternehmen;79895;Anzahl;UNT002;Unternehmen (EU);e
48121;Statistik für kleine und mittlere Unternehmen;JAHR;Jahr;2008;DINSG;Deutschland insgesamt;DG;Deutschland;UNTGR2;Unternehmensgröße;UNT-0001;Kleinstunternehmen;1528297;Anzahl;UNT003;Unternehmen;e
48121;Statistik für kleine und mittlere Unternehmen;JAHR;Jahr;2008;DINSG;Deutschland insgesamt;DG;Deutschland;UNTGR2;Unternehmensgröße;UNT-0001;Kleinstunternehmen;.;Mill. EUR;AUFW05;Aufwendungen für Leiharbeitnehmer;
48121;Statistik für kleine und mittlere Unternehmen;JAHR;Jahr;2008;DINSG;Deutschland insgesamt;DG;Deutschland;UNTGR2;Unternehmensgröße;UNT-0001;Kleinstunternehmen;.;Mill. EUR;VST005;Bruttolöhne und -gehälter;
48121;Statistik für kleine und mittlere Unternehmen;JAHR;Jahr;2008;DINSG;Deutschland insgesamt;DG;Deutschland;UNTGR2;Unternehmensgröße;UNT-0001;Kleinstunternehmen;29592;Mill. EUR;INV018;Bruttoinvestitionen in Sachanlagen;e
48121;Statistik für kleine und mittlere Unternehmen;JAHR;Jahr;2008;DINSG;Deutschland insgesamt;DG;Deutschland;UNTGR2;Unternehmensgröße;UNT-0001;Kleinstunternehmen;314643;Mill. EUR;UMS002;Umsatz;e
48121;Statistik für kleine und mittlere Unternehmen;JAHR;Jahr;2008;DINSG;Deutschland insgesamt;DG;Deutschland;UNTGR2;Unternehmensgröße;UNT-0001;Kleinstunternehmen;.;Anzahl;LGE001;Lohn- und Gehaltsempfänger;
48121;Statistik für kleine und mittlere Unternehmen;JAHR;Jahr;2008;DINSG;Deutschland insgesamt;DG;Deutschland;UNTGR2;Unternehmensgröße;UNT-0001;Kleinstunternehmen;6988;EUR;INV023;Bruttoinvestitionen in Sachanl. je tätige Person;e
48121;Statistik für kleine und mittlere Unternehmen;JAHR;Jahr;2008;DINSG;Deutschland insgesamt;DG;Deutschland;UNTGR2;Unternehmensgröße;UNT-0001;Kleinstunternehmen;.;Mill. EUR;KOS002;Kosten für Mieten und Pachten;
48121;Statistik für kleine und mittlere Unternehmen;JAHR;Jahr;2008;DINSG;Deutschland insgesamt;DG;Deutschland;UNTGR2;Unternehmensgröße;UNT-0001;Kleinstunternehmen;-;EUR;PAW008;Personalaufwendungen je tätige Person;
48121;Statistik für kleine und mittlere Unternehmen;JAHR;Jahr;2008;DINSG;Deutschland insgesamt;DG;Deutschland;UNTGR2;Unternehmensgröße;UNT-0001;Kleinstunternehmen;.;Mill. EUR;KAU008;Käufe v.Waren u.DL z.Wiederverk. i.unveränd. Zust.;
48121;Statistik für kleine und mittlere Unternehmen;JAHR;Jahr;2008;DINSG;Deutschland insgesamt;DG;Deutschland;UNTGR2;Unternehmensgröße;UNT-0001;Kleinstunternehmen;4234508;Anzahl;PER005;Tätige Personen;e
48121;Statistik für kleine und mittlere Unternehmen;JAHR;Jahr;2008;DINSG;Deutschland insgesamt;DG;Deutschland;UNTGR2;Unternehmensgröße;UNT-0001;Kleinstunternehmen;.;Mill. EUR;KOS026;Sozialversicherungskosten;
48121;Statistik für kleine und mittlere Unternehmen;JAHR;Jahr;2008;DINSG;Deutschland insgesamt;DG;Deutschland;UNTGR2;Unternehmensgröße;UNT-0001;Kleinstunternehmen;.;Anzahl;LGE002;Lohn- und Gehaltsempfänger in Vollzeiteinheiten;
48121;Statistik für kleine und mittlere Unternehmen;JAHR;Jahr;2008;DINSG;Deutschland insgesamt;DG;Deutschland;UNTGR2;Unternehmensgröße;UNT-0001;Kleinstunternehmen;-;Mill. EUR;PAW002;Personalaufwendungen;
48121;Statistik für kleine und mittlere Unternehmen;JAHR;Jahr;2008;DINSG;Deutschland insgesamt;DG;Deutschland;UNTGR2;Unternehmensgröße;UNT-0001;Kleinstunternehmen;.;Mill. EUR;PRO013;Produktionswert;
48121;Statistik für kleine und mittlere Unternehmen;JAHR;Jahr;2008;DINSG;Deutschland insgesamt;DG;Deutschland;UNTGR2;Unternehmensgröße;UNT-0001;Kleinstunternehmen;.;Mill. EUR;KAU007;Waren- und Dienstleistungskäufe;
48121;Statistik für kleine und mittlere Unternehmen;JAHR;Jahr;2008;DINSG;Deutschland insgesamt;DG;Deutschland;UNTGR2;Unternehmensgröße;UNT-0001;Kleinstunternehmen;140055;Mill. EUR;BWS003;Bruttowertschöpfung zu Faktorkosten;e
48121;Statistik für kleine und mittlere Unternehmen;JAHR;Jahr;2008;DINSG;Deutschland insgesamt;DG;Deutschland;UNTGR2;Unternehmensgröße;UNT-0001;Kleinstunternehmen;74304;EUR;UMS050;Umsatz je tätige Person;e
48121;Statistik für kleine und mittlere Unternehmen;JAHR;Jahr;2008;DINSG;Deutschland insgesamt;DG;Deutschland;UNTGR2;Unternehmensgröße;UNT-0001;Kleinstunternehmen;584960;Anzahl;UNT007;Unternehmen mit Investitionen;e
48121;Statistik für kleine und mittlere Unternehmen;JAHR;Jahr;2008;DINSG;Deutschland insgesamt;DG;Deutschland;UNTGR2;Unternehmensgröße;UNT-0001;Kleinstunternehmen;-;EUR;BBU003;Bruttobetriebsüberschuss je tätige Person;
48121;Statistik für kleine und mittlere Unternehmen;JAHR;Jahr;2008;DINSG;Deutschland insgesamt;DG;Deutschland;UNTGR2;Unternehmensgröße;UNT-0001;Kleinstunternehmen;-;Mill. EUR;BBU001;Bruttobetriebsüberschuss;
48121;Statistik für kleine und mittlere Unternehmen;JAHR;Jahr;2008;DINSG;Deutschland insgesamt;DG;Deutschland;UNTGR2;Unternehmensgröße;UNT-0001;Kleinstunternehmen;.;Mill. EUR;VRV001;Vorratsveränderungen bei Waren;
48121;Statistik für kleine und mittlere Unternehmen;JAHR;Jahr;2008;DINSG;Deutschland insgesamt;DG;Deutschland;UNTGR2;Unternehmensgröße;UNT-0001;Kleinstunternehmen;33075;EUR;BWS010;Bruttowertschöpf. zu Faktorkosten je tätige Person;e
48121;Statistik für kleine und mittlere Unternehmen;JAHR;Jahr;2008;DINSG;Deutschland insgesamt;DG;Deutschland;UNTGR2;Unternehmensgröße;UNT-0001;Kleinstunternehmen;.;Anzahl;UNT002;Unternehmen (EU);
48121;Statistik für kleine und mittlere Unternehmen;JAHR;Jahr;2012;DINSG;Deutschland insgesamt;DG;Deutschland;UNTGR2;Unternehmensgröße;UNT-0010;Kleine Unternehmen;337299;Anzahl;UNT003;Unternehmen;e
48121;Statistik für kleine und mittlere Unternehmen;JAHR;Jahr;2012;DINSG;Deutschland insgesamt;DG;Deutschland;UNTGR2;Unternehmensgröße;UNT-0010;Kleine Unternehmen;.;Mill. EUR;AUFW05;Aufwendungen für Leiharbeitnehmer;
48121;Statistik für kleine und mittlere Unternehmen;JAHR;Jahr;2012;DINSG;Deutschland insgesamt;DG;Deutschland;UNTGR2;Unternehmensgröße;UNT-0010;Kleine Unternehmen;.;Mill. EUR;VST005;Bruttolöhne und -gehälter;
48121;Statistik für kleine und mittlere Unternehmen;JAHR;Jahr;2012;DINSG;Deutschland insgesamt;DG;Deutschland;UNTGR2;Unternehmensgröße;UNT-0010;Kleine Unternehmen;25020;Mill. EUR;INV018;Bruttoinvestitionen in Sachanlagen;e
48121;Statistik für kleine und mittlere Unternehmen;JAHR;Jahr;2012;DINSG;Deutschland insgesamt;DG;Deutschland;UNTGR2;Unternehmensgröße;UNT-0010;Kleine Unternehmen;628628;Mill. EUR;UMS002;Umsatz;e
48121;Statistik für kleine und mittlere Unternehmen;JAHR;Jahr;2012;DINSG;Deutschland insgesamt;DG;Deutschland;UNTGR2;Unternehmensgröße;UNT-0010;Kleine Unternehmen;.;Anzahl;LGE001;Lohn- und Gehaltsempfänger;
48121;Statistik für kleine und mittlere Unternehmen;JAHR;Jahr;2012;DINSG;Deutschland insgesamt;DG;Deutschland;UNTGR2;Unternehmensgröße;UNT-0010;Kleine Unternehmen;4283;EUR;INV023;Bruttoinvestitionen in Sachanl. je tätige Person;e
48121;Statistik für kleine und mittlere Unternehmen;JAHR;Jahr;2012;DINSG;Deutschland insgesamt;DG;Deutschland;UNTGR2;Unternehmensgröße;UNT-0010;Kleine Unternehmen;-;Mill. EUR;KOS002;Kosten für Mieten und Pachten;
48121;Statistik für kleine und mittlere Unternehmen;JAHR;Jahr;2012;DINSG;Deutschland insgesamt;DG;Deutschland;UNTGR2;Unternehmensgröße;UNT-0010;Kleine Unternehmen;25689;EUR;PAW008;Personalaufwendungen je tätige Person;e
48121;Statistik für kleine und mittlere Unternehmen;JAHR;Jahr;2012;DINSG;Deutschland insgesamt;DG;Deutschland;UNTGR2;Unternehmensgröße;UNT-0010;Kleine Unternehmen;.;Mill. EUR;KAU008;Käufe v.Waren u.DL z.Wiederverk. i.unveränd. Zust.;
48121;Statistik für kleine und mittlere Unternehmen;JAHR;Jahr;2012;DINSG;Deutschland insgesamt;DG;Deutschland;UNTGR2;Unternehmensgröße;UNT-0010;Kleine Unternehmen;5842066;Anzahl;PER005;Tätige Personen;e
48121;Statistik für kleine und mittlere Unternehmen;JAHR;Jahr;2012;DINSG;Deutschland insgesamt;DG;Deutschland;UNTGR2;Unternehmensgröße;UNT-0010;Kleine Unternehmen;.;Mill. EUR;KOS026;Sozialversicherungskosten;
48121;Statistik für kleine und mittlere Unternehmen;JAHR;Jahr;2012;DINSG;Deutschland insgesamt;DG;Deutschland;UNTGR2;Unternehmensgröße;UNT-0010;Kleine Unternehmen;.;Anzahl;LGE002;Lohn- und Gehaltsempfänger in Vollzeiteinheiten;
48121;Statistik für kleine und mittlere Unternehmen;JAHR;Jahr;2012;DINSG;Deutschland insgesamt;DG;Deutschland;UNTGR2;Unternehmensgröße;UNT-0010;Kleine Unternehmen;150077;Mill. EUR;PAW002;Personalaufwendungen;e
48121;Statistik für kleine und mittlere Unternehmen;JAHR;Jahr;2012;DINSG;Deutschland insgesamt;DG;Deutschland;UNTGR2;Unternehmensgröße;UNT-0010;Kleine Unternehmen;.;Mill. EUR;PRO013;Produktionswert;
48121;Statistik für kleine und mittlere Unternehmen;JAHR;Jahr;2012;DINSG;Deutschland insgesamt;DG;Deutschland;UNTGR2;Unternehmensgröße;UNT-0010;Kleine Unternehmen;.;Mill. EUR;KAU007;Waren- und Dienstleistungskäufe;
48121;Statistik für kleine und mittlere Unternehmen;JAHR;Jahr;2012;DINSG;Deutschland insgesamt;DG;Deutschland;UNTGR2;Unternehmensgröße;UNT-0010;Kleine Unternehmen;231338;Mill. EUR;BWS003;Bruttowertschöpfung zu Faktorkosten;e
48121;Statistik für kleine und mittlere Unternehmen;JAHR;Jahr;2012;DINSG;Deutschland insgesamt;DG;Deutschland;UNTGR2;Unternehmensgröße;UNT-0010;Kleine Unternehmen;107604;EUR;UMS050;Umsatz je tätige Person;e
48121;Statistik für kleine und mittlere Unternehmen;JAHR;Jahr;2012;DINSG;Deutschland insgesamt;DG;Deutschland;UNTGR2;Unternehmensgröße;UNT-0010;Kleine Unternehmen;244273;Anzahl;UNT007;Unternehmen mit Investitionen;e
48121;Statistik für kleine und mittlere Unternehmen;JAHR;Jahr;2012;DINSG;Deutschland insgesamt;DG;Deutschland;UNTGR2;Unternehmensgröße;UNT-0010;Kleine Unternehmen;13839;EUR;BBU003;Bruttobetriebsüberschuss je tätige Person;e
48121;Statistik für kleine und mittlere Unternehmen;JAHR;Jahr;2012;DINSG;Deutschland insgesamt;DG;Deutschland;UNTGR2;Unternehmensgröße;UNT-0010;Kleine Unternehmen;80848;Mill. EUR;BBU001;Bruttobetriebsüberschuss;e
48121;Statistik für kleine und mittlere Unternehmen;JAHR;Jahr;2012;DINSG;Deutschland insgesamt;DG;Deutschland;UNTGR2;Unternehmensgröße;UNT-0010;Kleine Unternehmen;-;Mill. EUR;VRV001;Vorratsveränderungen bei Waren;
48121;Statistik für kleine und mittlere Unternehmen;JAHR;Jahr;2012;DINSG;Deutschland insgesamt;DG;Deutschland;UNTGR2;Unternehmensgröße;UNT-0010;Kleine Unternehmen;39599;EUR;BWS010;Bruttowertschöpf. zu Faktorkosten je tätige Person;e
48121;Statistik für kleine und mittlere Unternehmen;JAHR;Jahr;2012;DINSG;Deutschland insgesamt;DG;Deutschland;UNTGR2;Unternehmensgröße;UNT-0010;Kleine Unternehmen;.;Anzahl;UNT002;Unternehmen (EU);
48121;Statistik für kleine und mittlere Unternehmen;JAHR;Jahr;2024;DINSG;Deutschland insgesamt;DG;Deutschland;UNTGR2;Unternehmensgröße;;Insgesamt;-;Anzahl;UNT003;Unternehmen;
48121;Statistik für kleine und mittlere Unternehmen;JAHR;Jahr;2024;DINSG;Deutschland insgesamt;DG;Deutschland;UNTGR2;Unternehmensgröße;;Insgesamt;40069;Mill. EUR;AUFW05;Aufwendungen für Leiharbeitnehmer;e
48121;Statistik für kleine und mittlere Unternehmen;JAHR;Jahr;2024;DINSG;Deutschland insgesamt;DG;Deutschland;UNTGR2;Unternehmensgröße;;Insgesamt;1516010;Mill. EUR;VST005;Bruttolöhne und -gehälter;e
48121;Statistik für kleine und mittlere Unternehmen;JAHR;Jahr;2024;DINSG;Deutschland insgesamt;DG;Deutschland;UNTGR2;Unternehmensgröße;;Insgesamt;537374;Mill. EUR;INV018;Bruttoinvestitionen in Sachanlagen;e
48121;Statistik für kleine und mittlere Unternehmen;JAHR;Jahr;2024;DINSG;Deutschland insgesamt;DG;Deutschland;UNTGR2;Unternehmensgröße;;Insgesamt;9780496;Mill. EUR;UMS002;Umsatz;e
48121;Statistik für kleine und mittlere Unternehmen;JAHR;Jahr;2024;DINSG;Deutschland insgesamt;DG;Deutschland;UNTGR2;Unternehmensgröße;;Insgesamt;36249053;Anzahl;LGE001;Lohn- und Gehaltsempfänger;e
48121;Statistik für kleine und mittlere Unternehmen;JAHR;Jahr;2024;DINSG;Deutschland insgesamt;DG;Deutschland;UNTGR2;Unternehmensgröße;;Insgesamt;13669;EUR;INV023;Bruttoinvestitionen in Sachanl. je tätige Person;e
48121;Statistik für kleine und mittlere Unternehmen;JAHR;Jahr;2024;DINSG;Deutschland insgesamt;DG;Deutschland;UNTGR2;Unternehmensgröße;;Insgesamt;214760;Mill. EUR;KOS002;Kosten für Mieten und Pachten;e
48121;Statistik für kleine und mittlere Unternehmen;JAHR;Jahr;2024;DINSG;Deutschland insgesamt;DG;Deutschland;UNTGR2;Unternehmensgröße;;Insgesamt;47056;EUR;PAW008;Personalaufwendungen je tätige Person;e
48121;Statistik für kleine und mittlere Unternehmen;JAHR;Jahr;2024;DINSG;Deutschland insgesamt;DG;Deutschland;UNTGR2;Unternehmensgröße;;Insgesamt;2689464;Mill. EUR;KAU008;Käufe v.Waren u.DL z.Wiederverk. i.unveränd. Zust.;e
48121;Statistik für kleine und mittlere Unternehmen;JAHR;Jahr;2024;DINSG;Deutschland insgesamt;DG;Deutschland;UNTGR2;Unternehmensgröße;;Insgesamt;39312214;Anzahl;PER005;Tätige Personen;e
48121;Statistik für kleine und mittlere Unternehmen;JAHR;Jahr;2024;DINSG;Deutschland insgesamt;DG;Deutschland;UNTGR2;Unternehmensgröße;;Insgesamt;333849;Mill. EUR;KOS026;Sozialversicherungskosten;e
48121;Statistik für kleine und mittlere Unternehmen;JAHR;Jahr;2024;DINSG;Deutschland insgesamt;DG;Deutschland;UNTGR2;Unternehmensgröße;;Insgesamt;30049884;Anzahl;LGE002;Lohn- und Gehaltsempfänger in Vollzeiteinheiten;e
48121;Statistik für kleine und mittlere Unternehmen;JAHR;Jahr;2024;DINSG;Deutschland insgesamt;DG;Deutschland;UNTGR2;Unternehmensgröße;;Insgesamt;1849859;Mill. EUR;PAW002;Personalaufwendungen;e
48121;Statistik für kleine und mittlere Unternehmen;JAHR;Jahr;2024;DINSG;Deutschland insgesamt;DG;Deutschland;UNTGR2;Unternehmensgröße;;Insgesamt;6953658;Mill. EUR;PRO013;Produktionswert;e
48121;Statistik für kleine und mittlere Unternehmen;JAHR;Jahr;2024;DINSG;Deutschland insgesamt;DG;Deutschland;UNTGR2;Unternehmensgröße;;Insgesamt;6754838;Mill. EUR;KAU007;Waren- und Dienstleistungskäufe;e
48121;Statistik für kleine und mittlere Unternehmen;JAHR;Jahr;2024;DINSG;Deutschland insgesamt;DG;Deutschland;UNTGR2;Unternehmensgröße;;Insgesamt;2893992;Mill. EUR;BWS003;Bruttowertschöpfung zu Faktorkosten;e
48121;Statistik für kleine und mittlere Unternehmen;JAHR;Jahr;2024;DINSG;Deutschland insgesamt;DG;Deutschland;UNTGR2;Unternehmensgröße;;Insgesamt;248790;EUR;UMS050;Umsatz je tätige Person;e
48121;Statistik für kleine und mittlere Unternehmen;JAHR;Jahr;2024;DINSG;Deutschland insgesamt;DG;Deutschland;UNTGR2;Unternehmensgröße;;Insgesamt;345656;Anzahl;UNT007;Unternehmen mit Investitionen;e
48121;Statistik für kleine und mittlere Unternehmen;JAHR;Jahr;2024;DINSG;Deutschland insgesamt;DG;Deutschland;UNTGR2;Unternehmensgröße;;Insgesamt;26560;EUR;BBU003;Bruttobetriebsüberschuss je tätige Person;e
48121;Statistik für kleine und mittlere Unternehmen;JAHR;Jahr;2024;DINSG;Deutschland insgesamt;DG;Deutschland;UNTGR2;Unternehmensgröße;;Insgesamt;1044134;Mill. EUR;BBU001;Bruttobetriebsüberschuss;e
48121;Statistik für kleine und mittlere Unternehmen;JAHR;Jahr;2024;DINSG;Deutschland insgesamt;DG;Deutschland;UNTGR2;Unternehmensgröße;;Insgesamt;10924;Mill. EUR;VRV001;Vorratsveränderungen bei Waren;e
48121;Statistik für kleine und mittlere Unternehmen;JAHR;Jahr;2024;DINSG;Deutschland insgesamt;DG;Deutschland;UNTGR2;Unternehmensgröße;;Insgesamt;73616;EUR;BWS010;Bruttowertschöpf. zu Faktorkosten je tätige Person;e
48121;Statistik für kleine und mittlere Unternehmen;JAHR;Jahr;2024;DINSG;Deutschland insgesamt;DG;Deutschland;UNTGR2;Unternehmensgröße;;Insgesamt;3236281;Anzahl;UNT002;Unternehmen (EU);e
48121;Statistik für kleine und mittlere Unternehmen;JAHR;Jahr;2010;DINSG;Deutschland insgesamt;DG;Deutschland;UNTGR2;Unternehmensgröße;UNT-0010;Kleine Unternehmen;317514;Anzahl;UNT003;Unternehmen;e
48121;Statistik für kleine und mittlere Unternehmen;JAHR;Jahr;2010;DINSG;Deutschland insgesamt;DG;Deutschland;UNTGR2;Unternehmensgröße;UNT-0010;Kleine Unternehmen;.;Mill. EUR;AUFW05;Aufwendungen für Leiharbeitnehmer;
48121;Statistik für kleine und mittlere Unternehmen;JAHR;Jahr;2010;DINSG;Deutschland insgesamt;DG;Deutschland;UNTGR2;Unternehmensgröße;UNT-0010;Kleine Unternehmen;.;Mill. EUR;VST005;Bruttolöhne und -gehälter;
48121;Statistik für kleine und mittlere Unternehmen;JAHR;Jahr;2010;DINSG;Deutschland insgesamt;DG;Deutschland;UNTGR2;Unternehmensgröße;UNT-0010;Kleine Unternehmen;25173;Mill. EUR;INV018;Bruttoinvestitionen in Sachanlagen;e
48121;Statistik für kleine und mittlere Unternehmen;JAHR;Jahr;2010;DINSG;Deutschland insgesamt;DG;Deutschland;UNTGR2;Unternehmensgröße;UNT-0010;Kleine Unternehmen;579073;Mill. EUR;UMS002;Umsatz;e
48121;Statistik für kleine und mittlere Unternehmen;JAHR;Jahr;2010;DINSG;Deutschland insgesamt;DG;Deutschland;UNTGR2;Unternehmensgröße;UNT-0010;Kleine Unternehmen;.;Anzahl;LGE001;Lohn- und Gehaltsempfänger;
48121;Statistik für kleine und mittlere Unternehmen;JAHR;Jahr;2010;DINSG;Deutschland insgesamt;DG;Deutschland;UNTGR2;Unternehmensgröße;UNT-0010;Kleine Unternehmen;4530;EUR;INV023;Bruttoinvestitionen in Sachanl. je tätige Person;e
48121;Statistik für kleine und mittlere Unternehmen;JAHR;Jahr;2010;DINSG;Deutschland insgesamt;DG;Deutschland;UNTGR2;Unternehmensgröße;UNT-0010;Kleine Unternehmen;-;Mill. EUR;KOS002;Kosten für Mieten und Pachten;
48121;Statistik für kleine und mittlere Unternehmen;JAHR;Jahr;2010;DINSG;Deutschland insgesamt;DG;Deutschland;UNTGR2;Unternehmensgröße;UNT-0010;Kleine Unternehmen;-;EUR;PAW008;Personalaufwendungen je tätige Person;
48121;Statistik für kleine und mittlere Unternehmen;JAHR;Jahr;2010;DINSG;Deutschland insgesamt;DG;Deutschland;UNTGR2;Unternehmensgröße;UNT-0010;Kleine Unternehmen;.;Mill. EUR;KAU008;Käufe v.Waren u.DL z.Wiederverk. i.unveränd. Zust.;
48121;Statistik für kleine und mittlere Unternehmen;JAHR;Jahr;2010;DINSG;Deutschland insgesamt;DG;Deutschland;UNTGR2;Unternehmensgröße;UNT-0010;Kleine Unternehmen;5557177;Anzahl;PER005;Tätige Personen;e
48121;Statistik für kleine und mittlere Unternehmen;JAHR;Jahr;2010;DINSG;Deutschland insgesamt;DG;Deutschland;UNTGR2;Unternehmensgröße;UNT-0010;Kleine Unternehmen;.;Mill. EUR;KOS026;Sozialversicherungskosten;
48121;Statistik für kleine und mittlere Unternehmen;JAHR;Jahr;2010;DINSG;Deutschland insgesamt;DG;Deutschland;UNTGR2;Unternehmensgröße;UNT-0010;Kleine Unternehmen;.;Anzahl;LGE002;Lohn- und Gehaltsempfänger in Vollzeiteinheiten;
48121;Statistik für kleine und mittlere Unternehmen;JAHR;Jahr;2010;DINSG;Deutschland insgesamt;DG;Deutschland;UNTGR2;Unternehmensgröße;UNT-0010;Kleine Unternehmen;-;Mill. EUR;PAW002;Personalaufwendungen;
48121;Statistik für kleine und mittlere Unternehmen;JAHR;Jahr;2010;DINSG;Deutschland insgesamt;DG;Deutschland;UNTGR2;Unternehmensgröße;UNT-0010;Kleine Unternehmen;.;Mill. EUR;PRO013;Produktionswert;
48121;Statistik für kleine und mittlere Unternehmen;JAHR;Jahr;2010;DINSG;Deutschland insgesamt;DG;Deutschland;UNTGR2;Unternehmensgröße;UNT-0010;Kleine Unternehmen;.;Mill. EUR;KAU007;Waren- und Dienstleistungskäufe;
48121;Statistik für kleine und mittlere Unternehmen;JAHR;Jahr;2010;DINSG;Deutschland insgesamt;DG;Deutschland;UNTGR2;Unternehmensgröße;UNT-0010;Kleine Unternehmen;214603;Mill. EUR;BWS003;Bruttowertschöpfung zu Faktorkosten;e
48121;Statistik für kleine und mittlere Unternehmen;JAHR;Jahr;2010;DINSG;Deutschland insgesamt;DG;Deutschland;UNTGR2;Unternehmensgröße;UNT-0010;Kleine Unternehmen;104203;EUR;UMS050;Umsatz je tätige Person;e
48121;Statistik für kleine und mittlere Unternehmen;JAHR;Jahr;2010;DINSG;Deutschland insgesamt;DG;Deutschland;UNTGR2;Unternehmensgröße;UNT-0010;Kleine Unternehmen;234634;Anzahl;UNT007;Unternehmen mit Investitionen;e
48121;Statistik für kleine und mittlere Unternehmen;JAHR;Jahr;2010;DINSG;Deutschland insgesamt;DG;Deutschland;UNTGR2;Unternehmensgröße;UNT-0010;Kleine Unternehmen;-;EUR;BBU003;Bruttobetriebsüberschuss je tätige Person;
48121;Statistik für kleine und mittlere Unternehmen;JAHR;Jahr;2010;DINSG;Deutschland insgesamt;DG;Deutschland;UNTGR2;Unternehmensgröße;UNT-0010;Kleine Unternehmen;-;Mill. EUR;BBU001;Bruttobetriebsüberschuss;
48121;Statistik für kleine und mittlere Unternehmen;JAHR;Jahr;2010;DINSG;Deutschland insgesamt;DG;Deutschland;UNTGR2;Unternehmensgröße;UNT-0010;Kleine Unternehmen;-;Mill. EUR;VRV001;Vorratsveränderungen bei Waren;
48121;Statistik für kleine und mittlere Unternehmen;JAHR;Jahr;2010;DINSG;Deutschland insgesamt;DG;Deutschland;UNTGR2;Unternehmensgröße;UNT-0010;Kleine Unternehmen;38617;EUR;BWS010;Bruttowertschöpf. zu Faktorkosten je tätige Person;e
48121;Statistik für kleine und mittlere Unternehmen;JAHR;Jahr;2010;DINSG;Deutschland insgesamt;DG;Deutschland;UNTGR2;Unternehmensgröße;UNT-0010;Kleine Unternehmen;.;Anzahl;UNT002;Unternehmen (EU);
48121;Statistik für kleine und mittlere Unternehmen;JAHR;Jahr;2016;DINSG;Deutschland insgesamt;DG;Deutschland;UNTGR2;Unternehmensgröße;UNT-0010;Kleine Unternehmen;394596;Anzahl;UNT003;Unternehmen;e
48121;Statistik für kleine und mittlere Unternehmen;JAHR;Jahr;2016;DINSG;Deutschland insgesamt;DG;Deutschland;UNTGR2;Unternehmensgröße;UNT-0010;Kleine Unternehmen;.;Mill. EUR;AUFW05;Aufwendungen für Leiharbeitnehmer;
48121;Statistik für kleine und mittlere Unternehmen;JAHR;Jahr;2016;DINSG;Deutschland insgesamt;DG;Deutschland;UNTGR2;Unternehmensgröße;UNT-0010;Kleine Unternehmen;.;Mill. EUR;VST005;Bruttolöhne und -gehälter;
48121;Statistik für kleine und mittlere Unternehmen;JAHR;Jahr;2016;DINSG;Deutschland insgesamt;DG;Deutschland;UNTGR2;Unternehmensgröße;UNT-0010;Kleine Unternehmen;37607;Mill. EUR;INV018;Bruttoinvestitionen in Sachanlagen;e
48121;Statistik für kleine und mittlere Unternehmen;JAHR;Jahr;2016;DINSG;Deutschland insgesamt;DG;Deutschland;UNTGR2;Unternehmensgröße;UNT-0010;Kleine Unternehmen;746186;Mill. EUR;UMS002;Umsatz;e
48121;Statistik für kleine und mittlere Unternehmen;JAHR;Jahr;2016;DINSG;Deutschland insgesamt;DG;Deutschland;UNTGR2;Unternehmensgröße;UNT-0010;Kleine Unternehmen;.;Anzahl;LGE001;Lohn- und Gehaltsempfänger;
48121;Statistik für kleine und mittlere Unternehmen;JAHR;Jahr;2016;DINSG;Deutschland insgesamt;DG;Deutschland;UNTGR2;Unternehmensgröße;UNT-0010;Kleine Unternehmen;5578;EUR;INV023;Bruttoinvestitionen in Sachanl. je tätige Person;e
48121;Statistik für kleine und mittlere Unternehmen;JAHR;Jahr;2016;DINSG;Deutschland insgesamt;DG;Deutschland;UNTGR2;Unternehmensgröße;UNT-0010;Kleine Unternehmen;-;Mill. EUR;KOS002;Kosten für Mieten und Pachten;
48121;Statistik für kleine und mittlere Unternehmen;JAHR;Jahr;2016;DINSG;Deutschland insgesamt;DG;Deutschland;UNTGR2;Unternehmensgröße;UNT-0010;Kleine Unternehmen;27535;EUR;PAW008;Personalaufwendungen je tätige Person;e
48121;Statistik für kleine und mittlere Unternehmen;JAHR;Jahr;2016;DINSG;Deutschland insgesamt;DG;Deutschland;UNTGR2;Unternehmensgröße;UNT-0010;Kleine Unternehmen;.;Mill. EUR;KAU008;Käufe v.Waren u.DL z.Wiederverk. i.unveränd. Zust.;
48121;Statistik für kleine und mittlere Unternehmen;JAHR;Jahr;2016;DINSG;Deutschland insgesamt;DG;Deutschland;UNTGR2;Unternehmensgröße;UNT-0010;Kleine Unternehmen;6742562;Anzahl;PER005;Tätige Personen;e
48121;Statistik für kleine und mittlere Unternehmen;JAHR;Jahr;2016;DINSG;Deutschland insgesamt;DG;Deutschland;UNTGR2;Unternehmensgröße;UNT-0010;Kleine Unternehmen;.;Mill. EUR;KOS026;Sozialversicherungskosten;
48121;Statistik für kleine und mittlere Unternehmen;JAHR;Jahr;2016;DINSG;Deutschland insgesamt;DG;Deutschland;UNTGR2;Unternehmensgröße;UNT-0010;Kleine Unternehmen;.;Anzahl;LGE002;Lohn- und Gehaltsempfänger in Vollzeiteinheiten;
48121;Statistik für kleine und mittlere Unternehmen;JAHR;Jahr;2016;DINSG;Deutschland insgesamt;DG;Deutschland;UNTGR2;Unternehmensgröße;UNT-0010;Kleine Unternehmen;185654;Mill. EUR;PAW002;Personalaufwendungen;e
48121;Statistik für kleine und mittlere Unternehmen;JAHR;Jahr;2016;DINSG;Deutschland insgesamt;DG;Deutschland;UNTGR2;Unternehmensgröße;UNT-0010;Kleine Unternehmen;.;Mill. EUR;PRO013;Produktionswert;
48121;Statistik für kleine und mittlere Unternehmen;JAHR;Jahr;2016;DINSG;Deutschland insgesamt;DG;Deutschland;UNTGR2;Unternehmensgröße;UNT-0010;Kleine Unternehmen;.;Mill. EUR;KAU007;Waren- und Dienstleistungskäufe;
48121;Statistik für kleine und mittlere Unternehmen;JAHR;Jahr;2016;DINSG;Deutschland insgesamt;DG;Deutschland;UNTGR2;Unternehmensgröße;UNT-0010;Kleine Unternehmen;292668;Mill. EUR;BWS003;Bruttowertschöpfung zu Faktorkosten;e
48121;Statistik für kleine und mittlere Unternehmen;JAHR;Jahr;2016;DINSG;Deutschland insgesamt;DG;Deutschland;UNTGR2;Unternehmensgröße;UNT-0010;Kleine Unternehmen;110668;EUR;UMS050;Umsatz je tätige Person;e
48121;Statistik für kleine und mittlere Unternehmen;JAHR;Jahr;2016;DINSG;Deutschland insgesamt;DG;Deutschland;UNTGR2;Unternehmensgröße;UNT-0010;Kleine Unternehmen;292431;Anzahl;UNT007;Unternehmen mit Investitionen;e
48121;Statistik für kleine und mittlere Unternehmen;JAHR;Jahr;2016;DINSG;Deutschland insgesamt;DG;Deutschland;UNTGR2;Unternehmensgröße;UNT-0010;Kleine Unternehmen;15871;EUR;BBU003;Bruttobetriebsüberschuss je tätige Person;e
48121;Statistik für kleine und mittlere Unternehmen;JAHR;Jahr;2016;DINSG;Deutschland insgesamt;DG;Deutschland;UNTGR2;Unternehmensgröße;UNT-0010;Kleine Unternehmen;107014;Mill. EUR;BBU001;Bruttobetriebsüberschuss;e
48121;Statistik für kleine und mittlere Unternehmen;JAHR;Jahr;2016;DINSG;Deutschland insgesamt;DG;Deutschland;UNTGR2;Unternehmensgröße;UNT-0010;Kleine Unternehmen;-;Mill. EUR;VRV001;Vorratsveränderungen bei Waren;
48121;Statistik für kleine und mittlere Unternehmen;JAHR;Jahr;2016;DINSG;Deutschland insgesamt;DG;Deutschland;UNTGR2;Unternehmensgröße;UNT-0010;Kleine Unternehmen;43406;EUR;BWS010;Bruttowertschöpf. zu Faktorkosten je tätige Person;e
48121;Statistik für kleine und mittlere Unternehmen;JAHR;Jahr;2016;DINSG;Deutschland insgesamt;DG;Deutschland;UNTGR2;Unternehmensgröße;UNT-0010;Kleine Unternehmen;.;Anzahl;UNT002;Unternehmen (EU);
48121;Statistik für kleine und mittlere Unternehmen;JAHR;Jahr;2020;DINSG;Deutschland insgesamt;DG;Deutschland;UNTGR2;Unternehmensgröße;UNT-0100;Mittlere Unternehmen;-;Anzahl;UNT003;Unternehmen;
48121;Statistik für kleine und mittlere Unternehmen;JAHR;Jahr;2020;DINSG;Deutschland insgesamt;DG;Deutschland;UNTGR2;Unternehmensgröße;UNT-0100;Mittlere Unternehmen;3990;Mill. EUR;AUFW05;Aufwendungen für Leiharbeitnehmer;e
48121;Statistik für kleine und mittlere Unternehmen;JAHR;Jahr;2020;DINSG;Deutschland insgesamt;DG;Deutschland;UNTGR2;Unternehmensgröße;UNT-0100;Mittlere Unternehmen;158245;Mill. EUR;VST005;Bruttolöhne und -gehälter;e
48121;Statistik für kleine und mittlere Unternehmen;JAHR;Jahr;2020;DINSG;Deutschland insgesamt;DG;Deutschland;UNTGR2;Unternehmensgröße;UNT-0100;Mittlere Unternehmen;33899;Mill. EUR;INV018;Bruttoinvestitionen in Sachanlagen;e
48121;Statistik für kleine und mittlere Unternehmen;JAHR;Jahr;2020;DINSG;Deutschland insgesamt;DG;Deutschland;UNTGR2;Unternehmensgröße;UNT-0100;Mittlere Unternehmen;855899;Mill. EUR;UMS002;Umsatz;e
48121;Statistik für kleine und mittlere Unternehmen;JAHR;Jahr;2020;DINSG;Deutschland insgesamt;DG;Deutschland;UNTGR2;Unternehmensgröße;UNT-0100;Mittlere Unternehmen;4733618;Anzahl;LGE001;Lohn- und Gehaltsempfänger;e
48121;Statistik für kleine und mittlere Unternehmen;JAHR;Jahr;2020;DINSG;Deutschland insgesamt;DG;Deutschland;UNTGR2;Unternehmensgröße;UNT-0100;Mittlere Unternehmen;7054;EUR;INV023;Bruttoinvestitionen in Sachanl. je tätige Person;e
48121;Statistik für kleine und mittlere Unternehmen;JAHR;Jahr;2020;DINSG;Deutschland insgesamt;DG;Deutschland;UNTGR2;Unternehmensgröße;UNT-0100;Mittlere Unternehmen;-;Mill. EUR;KOS002;Kosten für Mieten und Pachten;
48121;Statistik für kleine und mittlere Unternehmen;JAHR;Jahr;2020;DINSG;Deutschland insgesamt;DG;Deutschland;UNTGR2;Unternehmensgröße;UNT-0100;Mittlere Unternehmen;40012;EUR;PAW008;Personalaufwendungen je tätige Person;e
48121;Statistik für kleine und mittlere Unternehmen;JAHR;Jahr;2020;DINSG;Deutschland insgesamt;DG;Deutschland;UNTGR2;Unternehmensgröße;UNT-0100;Mittlere Unternehmen;279050;Mill. EUR;KAU008;Käufe v.Waren u.DL z.Wiederverk. i.unveränd. Zust.;e
48121;Statistik für kleine und mittlere Unternehmen;JAHR;Jahr;2020;DINSG;Deutschland insgesamt;DG;Deutschland;UNTGR2;Unternehmensgröße;UNT-0100;Mittlere Unternehmen;4805634;Anzahl;PER005;Tätige Personen;e
48121;Statistik für kleine und mittlere Unternehmen;JAHR;Jahr;2020;DINSG;Deutschland insgesamt;DG;Deutschland;UNTGR2;Unternehmensgröße;UNT-0100;Mittlere Unternehmen;34036;Mill. EUR;KOS026;Sozialversicherungskosten;e
48121;Statistik für kleine und mittlere Unternehmen;JAHR;Jahr;2020;DINSG;Deutschland insgesamt;DG;Deutschland;UNTGR2;Unternehmensgröße;UNT-0100;Mittlere Unternehmen;4078295;Anzahl;LGE002;Lohn- und Gehaltsempfänger in Vollzeiteinheiten;e
48121;Statistik für kleine und mittlere Unternehmen;JAHR;Jahr;2020;DINSG;Deutschland insgesamt;DG;Deutschland;UNTGR2;Unternehmensgröße;UNT-0100;Mittlere Unternehmen;192281;Mill. EUR;PAW002;Personalaufwendungen;e
48121;Statistik für kleine und mittlere Unternehmen;JAHR;Jahr;2020;DINSG;Deutschland insgesamt;DG;Deutschland;UNTGR2;Unternehmensgröße;UNT-0100;Mittlere Unternehmen;580225;Mill. EUR;PRO013;Produktionswert;e
48121;Statistik für kleine und mittlere Unternehmen;JAHR;Jahr;2020;DINSG;Deutschland insgesamt;DG;Deutschland;UNTGR2;Unternehmensgröße;UNT-0100;Mittlere Unternehmen;568574;Mill. EUR;KAU007;Waren- und Dienstleistungskäufe;e
48121;Statistik für kleine und mittlere Unternehmen;JAHR;Jahr;2020;DINSG;Deutschland insgesamt;DG;Deutschland;UNTGR2;Unternehmensgröße;UNT-0100;Mittlere Unternehmen;287084;Mill. EUR;BWS003;Bruttowertschöpfung zu Faktorkosten;e
48121;Statistik für kleine und mittlere Unternehmen;JAHR;Jahr;2020;DINSG;Deutschland insgesamt;DG;Deutschland;UNTGR2;Unternehmensgröße;UNT-0100;Mittlere Unternehmen;178103;EUR;UMS050;Umsatz je tätige Person;e
48121;Statistik für kleine und mittlere Unternehmen;JAHR;Jahr;2020;DINSG;Deutschland insgesamt;DG;Deutschland;UNTGR2;Unternehmensgröße;UNT-0100;Mittlere Unternehmen;52438;Anzahl;UNT007;Unternehmen mit Investitionen;e
48121;Statistik für kleine und mittlere Unternehmen;JAHR;Jahr;2020;DINSG;Deutschland insgesamt;DG;Deutschland;UNTGR2;Unternehmensgröße;UNT-0100;Mittlere Unternehmen;19727;EUR;BBU003;Bruttobetriebsüberschuss je tätige Person;e
48121;Statistik für kleine und mittlere Unternehmen;JAHR;Jahr;2020;DINSG;Deutschland insgesamt;DG;Deutschland;UNTGR2;Unternehmensgröße;UNT-0100;Mittlere Unternehmen;94803;Mill. EUR;BBU001;Bruttobetriebsüberschuss;e
48121;Statistik für kleine und mittlere Unternehmen;JAHR;Jahr;2020;DINSG;Deutschland insgesamt;DG;Deutschland;UNTGR2;Unternehmensgröße;UNT-0100;Mittlere Unternehmen;-;Mill. EUR;VRV001;Vorratsveränderungen bei Waren;
48121;Statistik für kleine und mittlere Unternehmen;JAHR;Jahr;2020;DINSG;Deutschland insgesamt;DG;Deutschland;UNTGR2;Unternehmensgröße;UNT-0100;Mittlere Unternehmen;59739;EUR;BWS010;Bruttowertschöpf. zu Faktorkosten je tätige Person;e
48121;Statistik für kleine und mittlere Unternehmen;JAHR;Jahr;2020;DINSG;Deutschland insgesamt;DG;Deutschland;UNTGR2;Unternehmensgröße;UNT-0100;Mittlere Unternehmen;62217;Anzahl;UNT002;Unternehmen (EU);e
48121;Statistik für kleine und mittlere Unternehmen;JAHR;Jahr;2014;DINSG;Deutschland insgesamt;DG;Deutschland;UNTGR2;Unternehmensgröße;UNT-0010;Kleine Unternehmen;364196;Anzahl;UNT003;Unternehmen;e
48121;Statistik für kleine und mittlere Unternehmen;JAHR;Jahr;2014;DINSG;Deutschland insgesamt;DG;Deutschland;UNTGR2;Unternehmensgröße;UNT-0010;Kleine Unternehmen;.;Mill. EUR;AUFW05;Aufwendungen für Leiharbeitnehmer;
48121;Statistik für kleine und mittlere Unternehmen;JAHR;Jahr;2014;DINSG;Deutschland insgesamt;DG;Deutschland;UNTGR2;Unternehmensgröße;UNT-0010;Kleine Unternehmen;.;Mill. EUR;VST005;Bruttolöhne und -gehälter;
48121;Statistik für kleine und mittlere Unternehmen;JAHR;Jahr;2014;DINSG;Deutschland insgesamt;DG;Deutschland;UNTGR2;Unternehmensgröße;UNT-0010;Kleine Unternehmen;28269;Mill. EUR;INV018;Bruttoinvestitionen in Sachanlagen;e
48121;Statistik für kleine und mittlere Unternehmen;JAHR;Jahr;2014;DINSG;Deutschland insgesamt;DG;Deutschland;UNTGR2;Unternehmensgröße;UNT-0010;Kleine Unternehmen;681435;Mill. EUR;UMS002;Umsatz;e
48121;Statistik für kleine und mittlere Unternehmen;JAHR;Jahr;2014;DINSG;Deutschland insgesamt;DG;Deutschland;UNTGR2;Unternehmensgröße;UNT-0010;Kleine Unternehmen;.;Anzahl;LGE001;Lohn- und Gehaltsempfänger;
48121;Statistik für kleine und mittlere Unternehmen;JAHR;Jahr;2014;DINSG;Deutschland insgesamt;DG;Deutschland;UNTGR2;Unternehmensgröße;UNT-0010;Kleine Unternehmen;4519;EUR;INV023;Bruttoinvestitionen in Sachanl. je tätige Person;e
48121;Statistik für kleine und mittlere Unternehmen;JAHR;Jahr;2014;DINSG;Deutschland insgesamt;DG;Deutschland;UNTGR2;Unternehmensgröße;UNT-0010;Kleine Unternehmen;-;Mill. EUR;KOS002;Kosten für Mieten und Pachten;
48121;Statistik für kleine und mittlere Unternehmen;JAHR;Jahr;2014;DINSG;Deutschland insgesamt;DG;Deutschland;UNTGR2;Unternehmensgröße;UNT-0010;Kleine Unternehmen;26614;EUR;PAW008;Personalaufwendungen je tätige Person;e
48121;Statistik für kleine und mittlere Unternehmen;JAHR;Jahr;2014;DINSG;Deutschland insgesamt;DG;Deutschland;UNTGR2;Unternehmensgröße;UNT-0010;Kleine Unternehmen;.;Mill. EUR;KAU008;Käufe v.Waren u.DL z.Wiederverk. i.unveränd. Zust.;
48121;Statistik für kleine und mittlere Unternehmen;JAHR;Jahr;2014;DINSG;Deutschland insgesamt;DG;Deutschland;UNTGR2;Unternehmensgröße;UNT-0010;Kleine Unternehmen;6254974;Anzahl;PER005;Tätige Personen;e
48121;Statistik für kleine und mittlere Unternehmen;JAHR;Jahr;2014;DINSG;Deutschland insgesamt;DG;Deutschland;UNTGR2;Unternehmensgröße;UNT-0010;Kleine Unternehmen;.;Mill. EUR;KOS026;Sozialversicherungskosten;
48121;Statistik für kleine und mittlere Unternehmen;JAHR;Jahr;2014;DINSG;Deutschland insgesamt;DG;Deutschland;UNTGR2;Unternehmensgröße;UNT-0010;Kleine Unternehmen;.;Anzahl;LGE002;Lohn- und Gehaltsempfänger in Vollzeiteinheiten;
48121;Statistik für kleine und mittlere Unternehmen;JAHR;Jahr;2014;DINSG;Deutschland insgesamt;DG;Deutschland;UNTGR2;Unternehmensgröße;UNT-0010;Kleine Unternehmen;166468;Mill. EUR;PAW002;Personalaufwendungen;e
48121;Statistik für kleine und mittlere Unternehmen;JAHR;Jahr;2014;DINSG;Deutschland insgesamt;DG;Deutschland;UNTGR2;Unternehmensgröße;UNT-0010;Kleine Unternehmen;.;Mill. EUR;PRO013;Produktionswert;
48121;Statistik für kleine und mittlere Unternehmen;JAHR;Jahr;2014;DINSG;Deutschland insgesamt;DG;Deutschland;UNTGR2;Unternehmensgröße;UNT-0010;Kleine Unternehmen;.;Mill. EUR;KAU007;Waren- und Dienstleistungskäufe;
48121;Statistik für kleine und mittlere Unternehmen;JAHR;Jahr;2014;DINSG;Deutschland insgesamt;DG;Deutschland;UNTGR2;Unternehmensgröße;UNT-0010;Kleine Unternehmen;260710;Mill. EUR;BWS003;Bruttowertschöpfung zu Faktorkosten;e
48121;Statistik für kleine und mittlere Unternehmen;JAHR;Jahr;2014;DINSG;Deutschland insgesamt;DG;Deutschland;UNTGR2;Unternehmensgröße;UNT-0010;Kleine Unternehmen;108943;EUR;UMS050;Umsatz je tätige Person;e
48121;Statistik für kleine und mittlere Unternehmen;JAHR;Jahr;2014;DINSG;Deutschland insgesamt;DG;Deutschland;UNTGR2;Unternehmensgröße;UNT-0010;Kleine Unternehmen;263003;Anzahl;UNT007;Unternehmen mit Investitionen;e
48121;Statistik für kleine und mittlere Unternehmen;JAHR;Jahr;2014;DINSG;Deutschland insgesamt;DG;Deutschland;UNTGR2;Unternehmensgröße;UNT-0010;Kleine Unternehmen;14958;EUR;BBU003;Bruttobetriebsüberschuss je tätige Person;e
48121;Statistik für kleine und mittlere Unternehmen;JAHR;Jahr;2014;DINSG;Deutschland insgesamt;DG;Deutschland;UNTGR2;Unternehmensgröße;UNT-0010;Kleine Unternehmen;93560;Mill. EUR;BBU001;Bruttobetriebsüberschuss;e
48121;Statistik für kleine und mittlere Unternehmen;JAHR;Jahr;2014;DINSG;Deutschland insgesamt;DG;Deutschland;UNTGR2;Unternehmensgröße;UNT-0010;Kleine Unternehmen;-;Mill. EUR;VRV001;Vorratsveränderungen bei Waren;
48121;Statistik für kleine und mittlere Unternehmen;JAHR;Jahr;2014;DINSG;Deutschland insgesamt;DG;Deutschland;UNTGR2;Unternehmensgröße;UNT-0010;Kleine Unternehmen;41680;EUR;BWS010;Bruttowertschöpf. zu Faktorkosten je tätige Person;e
48121;Statistik für kleine und mittlere Unternehmen;JAHR;Jahr;2014;DINSG;Deutschland insgesamt;DG;Deutschland;UNTGR2;Unternehmensgröße;UNT-0010;Kleine Unternehmen;.;Anzahl;UNT002;Unternehmen (EU);
48121;Statistik für kleine und mittlere Unternehmen;JAHR;Jahr;2019;DINSG;Deutschland insgesamt;DG;Deutschland;UNTGR2;Unternehmensgröße;;Insgesamt;-;Anzahl;UNT003;Unternehmen;
48121;Statistik für kleine und mittlere Unternehmen;JAHR;Jahr;2019;DINSG;Deutschland insgesamt;DG;Deutschland;UNTGR2;Unternehmensgröße;;Insgesamt;30526;Mill. EUR;AUFW05;Aufwendungen für Leiharbeitnehmer;e
48121;Statistik für kleine und mittlere Unternehmen;JAHR;Jahr;2019;DINSG;Deutschland insgesamt;DG;Deutschland;UNTGR2;Unternehmensgröße;;Insgesamt;1014590;Mill. EUR;VST005;Bruttolöhne und -gehälter;e
48121;Statistik für kleine und mittlere Unternehmen;JAHR;Jahr;2019;DINSG;Deutschland insgesamt;DG;Deutschland;UNTGR2;Unternehmensgröße;;Insgesamt;301717;Mill. EUR;INV018;Bruttoinvestitionen in Sachanlagen;e
48121;Statistik für kleine und mittlere Unternehmen;JAHR;Jahr;2019;DINSG;Deutschland insgesamt;DG;Deutschland;UNTGR2;Unternehmensgröße;;Insgesamt;7026178;Mill. EUR;UMS002;Umsatz;e
48121;Statistik für kleine und mittlere Unternehmen;JAHR;Jahr;2019;DINSG;Deutschland insgesamt;DG;Deutschland;UNTGR2;Unternehmensgröße;;Insgesamt;28871260;Anzahl;LGE001;Lohn- und Gehaltsempfänger;e
48121;Statistik für kleine und mittlere Unternehmen;JAHR;Jahr;2019;DINSG;Deutschland insgesamt;DG;Deutschland;UNTGR2;Unternehmensgröße;;Insgesamt;9559;EUR;INV023;Bruttoinvestitionen in Sachanl. je tätige Person;e
48121;Statistik für kleine und mittlere Unternehmen;JAHR;Jahr;2019;DINSG;Deutschland insgesamt;DG;Deutschland;UNTGR2;Unternehmensgröße;;Insgesamt;-;Mill. EUR;KOS002;Kosten für Mieten und Pachten;
48121;Statistik für kleine und mittlere Unternehmen;JAHR;Jahr;2019;DINSG;Deutschland insgesamt;DG;Deutschland;UNTGR2;Unternehmensgröße;;Insgesamt;39230;EUR;PAW008;Personalaufwendungen je tätige Person;e
48121;Statistik für kleine und mittlere Unternehmen;JAHR;Jahr;2019;DINSG;Deutschland insgesamt;DG;Deutschland;UNTGR2;Unternehmensgröße;;Insgesamt;2287973;Mill. EUR;KAU008;Käufe v.Waren u.DL z.Wiederverk. i.unveränd. Zust.;e
48121;Statistik für kleine und mittlere Unternehmen;JAHR;Jahr;2019;DINSG;Deutschland insgesamt;DG;Deutschland;UNTGR2;Unternehmensgröße;;Insgesamt;31564200;Anzahl;PER005;Tätige Personen;e
48121;Statistik für kleine und mittlere Unternehmen;JAHR;Jahr;2019;DINSG;Deutschland insgesamt;DG;Deutschland;UNTGR2;Unternehmensgröße;;Insgesamt;223686;Mill. EUR;KOS026;Sozialversicherungskosten;e
48121;Statistik für kleine und mittlere Unternehmen;JAHR;Jahr;2019;DINSG;Deutschland insgesamt;DG;Deutschland;UNTGR2;Unternehmensgröße;;Insgesamt;23949358;Anzahl;LGE002;Lohn- und Gehaltsempfänger in Vollzeiteinheiten;e
48121;Statistik für kleine und mittlere Unternehmen;JAHR;Jahr;2019;DINSG;Deutschland insgesamt;DG;Deutschland;UNTGR2;Unternehmensgröße;;Insgesamt;1238275;Mill. EUR;PAW002;Personalaufwendungen;e
48121;Statistik für kleine und mittlere Unternehmen;JAHR;Jahr;2019;DINSG;Deutschland insgesamt;DG;Deutschland;UNTGR2;Unternehmensgröße;;Insgesamt;4819410;Mill. EUR;PRO013;Produktionswert;e
48121;Statistik für kleine und mittlere Unternehmen;JAHR;Jahr;2019;DINSG;Deutschland insgesamt;DG;Deutschland;UNTGR2;Unternehmensgröße;;Insgesamt;5122628;Mill. EUR;KAU007;Waren- und Dienstleistungskäufe;e
48121;Statistik für kleine und mittlere Unternehmen;JAHR;Jahr;2019;DINSG;Deutschland insgesamt;DG;Deutschland;UNTGR2;Unternehmensgröße;;Insgesamt;1912045;Mill. EUR;BWS003;Bruttowertschöpfung zu Faktorkosten;e
48121;Statistik für kleine und mittlere Unternehmen;JAHR;Jahr;2019;DINSG;Deutschland insgesamt;DG;Deutschland;UNTGR2;Unternehmensgröße;;Insgesamt;222600;EUR;UMS050;Umsatz je tätige Person;e
48121;Statistik für kleine und mittlere Unternehmen;JAHR;Jahr;2019;DINSG;Deutschland insgesamt;DG;Deutschland;UNTGR2;Unternehmensgröße;;Insgesamt;1133091;Anzahl;UNT007;Unternehmen mit Investitionen;e
48121;Statistik für kleine und mittlere Unternehmen;JAHR;Jahr;2019;DINSG;Deutschland insgesamt;DG;Deutschland;UNTGR2;Unternehmensgröße;;Insgesamt;21346;EUR;BBU003;Bruttobetriebsüberschuss je tätige Person;e
48121;Statistik für kleine und mittlere Unternehmen;JAHR;Jahr;2019;DINSG;Deutschland insgesamt;DG;Deutschland;UNTGR2;Unternehmensgröße;;Insgesamt;673770;Mill. EUR;BBU001;Bruttobetriebsüberschuss;e
48121;Statistik für kleine und mittlere Unternehmen;JAHR;Jahr;2019;DINSG;Deutschland insgesamt;DG;Deutschland;UNTGR2;Unternehmensgröße;;Insgesamt;-;Mill. EUR;VRV001;Vorratsveränderungen bei Waren;
48121;Statistik für kleine und mittlere Unternehmen;JAHR;Jahr;2019;DINSG;Deutschland insgesamt;DG;Deutschland;UNTGR2;Unternehmensgröße;;Insgesamt;60576;EUR;BWS010;Bruttowertschöpf. zu Faktorkosten je tätige Person;e
48121;Statistik für kleine und mittlere Unternehmen;JAHR;Jahr;2019;DINSG;Deutschland insgesamt;DG;Deutschland;UNTGR2;Unternehmensgröße;;Insgesamt;2592680;Anzahl;UNT002;Unternehmen (EU);e
48121;Statistik für kleine und mittlere Unternehmen;JAHR;Jahr;2022;DINSG;Deutschland insgesamt;DG;Deutschland;UNTGR2;Unternehmensgröße;UNT-0100;Mittlere Unternehmen;-;Anzahl;UNT003;Unternehmen;
48121;Statistik für kleine und mittlere Unternehmen;JAHR;Jahr;2022;DINSG;Deutschland insgesamt;DG;Deutschland;UNTGR2;Unternehmensgröße;UNT-0100;Mittlere Unternehmen;5790;Mill. EUR;AUFW05;Aufwendungen für Leiharbeitnehmer;e
48121;Statistik für kleine und mittlere Unternehmen;JAHR;Jahr;2022;DINSG;Deutschland insgesamt;DG;Deutschland;UNTGR2;Unternehmensgröße;UNT-0100;Mittlere Unternehmen;207691;Mill. EUR;VST005;Bruttolöhne und -gehälter;e
48121;Statistik für kleine und mittlere Unternehmen;JAHR;Jahr;2022;DINSG;Deutschland insgesamt;DG;Deutschland;UNTGR2;Unternehmensgröße;UNT-0100;Mittlere Unternehmen;65057;Mill. EUR;INV018;Bruttoinvestitionen in Sachanlagen;e
48121;Statistik für kleine und mittlere Unternehmen;JAHR;Jahr;2022;DINSG;Deutschland insgesamt;DG;Deutschland;UNTGR2;Unternehmensgröße;UNT-0100;Mittlere Unternehmen;1063082;Mill. EUR;UMS002;Umsatz;e
48121;Statistik für kleine und mittlere Unternehmen;JAHR;Jahr;2022;DINSG;Deutschland insgesamt;DG;Deutschland;UNTGR2;Unternehmensgröße;UNT-0100;Mittlere Unternehmen;5831222;Anzahl;LGE001;Lohn- und Gehaltsempfänger;e
48121;Statistik für kleine und mittlere Unternehmen;JAHR;Jahr;2022;DINSG;Deutschland insgesamt;DG;Deutschland;UNTGR2;Unternehmensgröße;UNT-0100;Mittlere Unternehmen;10979;EUR;INV023;Bruttoinvestitionen in Sachanl. je tätige Person;e
48121;Statistik für kleine und mittlere Unternehmen;JAHR;Jahr;2022;DINSG;Deutschland insgesamt;DG;Deutschland;UNTGR2;Unternehmensgröße;UNT-0100;Mittlere Unternehmen;33174;Mill. EUR;KOS002;Kosten für Mieten und Pachten;e
48121;Statistik für kleine und mittlere Unternehmen;JAHR;Jahr;2022;DINSG;Deutschland insgesamt;DG;Deutschland;UNTGR2;Unternehmensgröße;UNT-0100;Mittlere Unternehmen;42641;EUR;PAW008;Personalaufwendungen je tätige Person;e
48121;Statistik für kleine und mittlere Unternehmen;JAHR;Jahr;2022;DINSG;Deutschland insgesamt;DG;Deutschland;UNTGR2;Unternehmensgröße;UNT-0100;Mittlere Unternehmen;305582;Mill. EUR;KAU008;Käufe v.Waren u.DL z.Wiederverk. i.unveränd. Zust.;e
48121;Statistik für kleine und mittlere Unternehmen;JAHR;Jahr;2022;DINSG;Deutschland insgesamt;DG;Deutschland;UNTGR2;Unternehmensgröße;UNT-0100;Mittlere Unternehmen;5925737;Anzahl;PER005;Tätige Personen;e
48121;Statistik für kleine und mittlere Unternehmen;JAHR;Jahr;2022;DINSG;Deutschland insgesamt;DG;Deutschland;UNTGR2;Unternehmensgröße;UNT-0100;Mittlere Unternehmen;44990;Mill. EUR;KOS026;Sozialversicherungskosten;e
48121;Statistik für kleine und mittlere Unternehmen;JAHR;Jahr;2022;DINSG;Deutschland insgesamt;DG;Deutschland;UNTGR2;Unternehmensgröße;UNT-0100;Mittlere Unternehmen;4986335;Anzahl;LGE002;Lohn- und Gehaltsempfänger in Vollzeiteinheiten;e
48121;Statistik für kleine und mittlere Unternehmen;JAHR;Jahr;2022;DINSG;Deutschland insgesamt;DG;Deutschland;UNTGR2;Unternehmensgröße;UNT-0100;Mittlere Unternehmen;252681;Mill. EUR;PAW002;Personalaufwendungen;e
48121;Statistik für kleine und mittlere Unternehmen;JAHR;Jahr;2022;DINSG;Deutschland insgesamt;DG;Deutschland;UNTGR2;Unternehmensgröße;UNT-0100;Mittlere Unternehmen;779587;Mill. EUR;PRO013;Produktionswert;e
48121;Statistik für kleine und mittlere Unternehmen;JAHR;Jahr;2022;DINSG;Deutschland insgesamt;DG;Deutschland;UNTGR2;Unternehmensgröße;UNT-0100;Mittlere Unternehmen;685067;Mill. EUR;KAU007;Waren- und Dienstleistungskäufe;e
48121;Statistik für kleine und mittlere Unternehmen;JAHR;Jahr;2022;DINSG;Deutschland insgesamt;DG;Deutschland;UNTGR2;Unternehmensgröße;UNT-0100;Mittlere Unternehmen;408209;Mill. EUR;BWS003;Bruttowertschöpfung zu Faktorkosten;e
48121;Statistik für kleine und mittlere Unternehmen;JAHR;Jahr;2022;DINSG;Deutschland insgesamt;DG;Deutschland;UNTGR2;Unternehmensgröße;UNT-0100;Mittlere Unternehmen;179401;EUR;UMS050;Umsatz je tätige Person;e
48121;Statistik für kleine und mittlere Unternehmen;JAHR;Jahr;2022;DINSG;Deutschland insgesamt;DG;Deutschland;UNTGR2;Unternehmensgröße;UNT-0100;Mittlere Unternehmen;67891;Anzahl;UNT007;Unternehmen mit Investitionen;e
48121;Statistik für kleine und mittlere Unternehmen;JAHR;Jahr;2022;DINSG;Deutschland insgesamt;DG;Deutschland;UNTGR2;Unternehmensgröße;UNT-0100;Mittlere Unternehmen;26246;EUR;BBU003;Bruttobetriebsüberschuss je tätige Person;e
48121;Statistik für kleine und mittlere Unternehmen;JAHR;Jahr;2022;DINSG;Deutschland insgesamt;DG;Deutschland;UNTGR2;Unternehmensgröße;UNT-0100;Mittlere Unternehmen;155528;Mill. EUR;BBU001;Bruttobetriebsüberschuss;e
48121;Statistik für kleine und mittlere Unternehmen;JAHR;Jahr;2022;DINSG;Deutschland insgesamt;DG;Deutschland;UNTGR2;Unternehmensgröße;UNT-0100;Mittlere Unternehmen;17373;Mill. EUR;VRV001;Vorratsveränderungen bei Waren;e
48121;Statistik für kleine und mittlere Unternehmen;JAHR;Jahr;2022;DINSG;Deutschland insgesamt;DG;Deutschland;UNTGR2;Unternehmensgröße;UNT-0100;Mittlere Unternehmen;68888;EUR;BWS010;Bruttowertschöpf. zu Faktorkosten je tätige Person;e
48121;Statistik für kleine und mittlere Unternehmen;JAHR;Jahr;2022;DINSG;Deutschland insgesamt;DG;Deutschland;UNTGR2;Unternehmensgröße;UNT-0100;Mittlere Unternehmen;78412;Anzahl;UNT002;Unternehmen (EU);e
48121;Statistik für kleine und mittlere Unternehmen;JAHR;Jahr;2021;DINSG;Deutschland insgesamt;DG;Deutschland;UNTGR2;Unternehmensgröße;UNT-0001;Kleinstunternehmen;-;Anzahl;UNT003;Unternehmen;
48121;Statistik für kleine und mittlere Unternehmen;JAHR;Jahr;2021;DINSG;Deutschland insgesamt;DG;Deutschland;UNTGR2;Unternehmensgröße;UNT-0001;Kleinstunternehmen;939;Mill. EUR;AUFW05;Aufwendungen für Leiharbeitnehmer;e
48121;Statistik für kleine und mittlere Unternehmen;JAHR;Jahr;2021;DINSG;Deutschland insgesamt;DG;Deutschland;UNTGR2;Unternehmensgröße;UNT-0001;Kleinstunternehmen;99939;Mill. EUR;VST005;Bruttolöhne und -gehälter;e
48121;Statistik für kleine und mittlere Unternehmen;JAHR;Jahr;2021;DINSG;Deutschland insgesamt;DG;Deutschland;UNTGR2;Unternehmensgröße;UNT-0001;Kleinstunternehmen;50731;Mill. EUR;INV018;Bruttoinvestitionen in Sachanlagen;e
48121;Statistik für kleine und mittlere Unternehmen;JAHR;Jahr;2021;DINSG;Deutschland insgesamt;DG;Deutschland;UNTGR2;Unternehmensgröße;UNT-0001;Kleinstunternehmen;581379;Mill. EUR;UMS002;Umsatz;e
48121;Statistik für kleine und mittlere Unternehmen;JAHR;Jahr;2021;DINSG;Deutschland insgesamt;DG;Deutschland;UNTGR2;Unternehmensgröße;UNT-0001;Kleinstunternehmen;4625541;Anzahl;LGE001;Lohn- und Gehaltsempfänger;e
48121;Statistik für kleine und mittlere Unternehmen;JAHR;Jahr;2021;DINSG;Deutschland insgesamt;DG;Deutschland;UNTGR2;Unternehmensgröße;UNT-0001;Kleinstunternehmen;7083;EUR;INV023;Bruttoinvestitionen in Sachanl. je tätige Person;e
48121;Statistik für kleine und mittlere Unternehmen;JAHR;Jahr;2021;DINSG;Deutschland insgesamt;DG;Deutschland;UNTGR2;Unternehmensgröße;UNT-0001;Kleinstunternehmen;37738;Mill. EUR;KOS002;Kosten für Mieten und Pachten;e
48121;Statistik für kleine und mittlere Unternehmen;JAHR;Jahr;2021;DINSG;Deutschland insgesamt;DG;Deutschland;UNTGR2;Unternehmensgröße;UNT-0001;Kleinstunternehmen;17154;EUR;PAW008;Personalaufwendungen je tätige Person;e
48121;Statistik für kleine und mittlere Unternehmen;JAHR;Jahr;2021;DINSG;Deutschland insgesamt;DG;Deutschland;UNTGR2;Unternehmensgröße;UNT-0001;Kleinstunternehmen;85876;Mill. EUR;KAU008;Käufe v.Waren u.DL z.Wiederverk. i.unveränd. Zust.;e
48121;Statistik für kleine und mittlere Unternehmen;JAHR;Jahr;2021;DINSG;Deutschland insgesamt;DG;Deutschland;UNTGR2;Unternehmensgröße;UNT-0001;Kleinstunternehmen;7162248;Anzahl;PER005;Tätige Personen;e
48121;Statistik für kleine und mittlere Unternehmen;JAHR;Jahr;2021;DINSG;Deutschland insgesamt;DG;Deutschland;UNTGR2;Unternehmensgröße;UNT-0001;Kleinstunternehmen;22920;Mill. EUR;KOS026;Sozialversicherungskosten;e
48121;Statistik für kleine und mittlere Unternehmen;JAHR;Jahr;2021;DINSG;Deutschland insgesamt;DG;Deutschland;UNTGR2;Unternehmensgröße;UNT-0001;Kleinstunternehmen;4096911;Anzahl;LGE002;Lohn- und Gehaltsempfänger in Vollzeiteinheiten;e
48121;Statistik für kleine und mittlere Unternehmen;JAHR;Jahr;2021;DINSG;Deutschland insgesamt;DG;Deutschland;UNTGR2;Unternehmensgröße;UNT-0001;Kleinstunternehmen;122859;Mill. EUR;PAW002;Personalaufwendungen;e
48121;Statistik für kleine und mittlere Unternehmen;JAHR;Jahr;2021;DINSG;Deutschland insgesamt;DG;Deutschland;UNTGR2;Unternehmensgröße;UNT-0001;Kleinstunternehmen;521490;Mill. EUR;PRO013;Produktionswert;e
48121;Statistik für kleine und mittlere Unternehmen;JAHR;Jahr;2021;DINSG;Deutschland insgesamt;DG;Deutschland;UNTGR2;Unternehmensgröße;UNT-0001;Kleinstunternehmen;271784;Mill. EUR;KAU007;Waren- und Dienstleistungskäufe;e
48121;Statistik für kleine und mittlere Unternehmen;JAHR;Jahr;2021;DINSG;Deutschland insgesamt;DG;Deutschland;UNTGR2;Unternehmensgröße;UNT-0001;Kleinstunternehmen;335619;Mill. EUR;BWS003;Bruttowertschöpfung zu Faktorkosten;e
48121;Statistik für kleine und mittlere Unternehmen;JAHR;Jahr;2021;DINSG;Deutschland insgesamt;DG;Deutschland;UNTGR2;Unternehmensgröße;UNT-0001;Kleinstunternehmen;81173;EUR;UMS050;Umsatz je tätige Person;e
48121;Statistik für kleine und mittlere Unternehmen;JAHR;Jahr;2021;DINSG;Deutschland insgesamt;DG;Deutschland;UNTGR2;Unternehmensgröße;UNT-0001;Kleinstunternehmen;935562;Anzahl;UNT007;Unternehmen mit Investitionen;e
48121;Statistik für kleine und mittlere Unternehmen;JAHR;Jahr;2021;DINSG;Deutschland insgesamt;DG;Deutschland;UNTGR2;Unternehmensgröße;UNT-0001;Kleinstunternehmen;29706;EUR;BBU003;Bruttobetriebsüberschuss je tätige Person;e
48121;Statistik für kleine und mittlere Unternehmen;JAHR;Jahr;2021;DINSG;Deutschland insgesamt;DG;Deutschland;UNTGR2;Unternehmensgröße;UNT-0001;Kleinstunternehmen;212761;Mill. EUR;BBU001;Bruttobetriebsüberschuss;e
48121;Statistik für kleine und mittlere Unternehmen;JAHR;Jahr;2021;DINSG;Deutschland insgesamt;DG;Deutschland;UNTGR2;Unternehmensgröße;UNT-0001;Kleinstunternehmen;11601;Mill. EUR;VRV001;Vorratsveränderungen bei Waren;e
48121;Statistik für kleine und mittlere Unternehmen;JAHR;Jahr;2021;DINSG;Deutschland insgesamt;DG;Deutschland;UNTGR2;Unternehmensgröße;UNT-0001;Kleinstunternehmen;46860;EUR;BWS010;Bruttowertschöpf. zu Faktorkosten je tätige Person;e
48121;Statistik für kleine und mittlere Unternehmen;JAHR;Jahr;2021;DINSG;Deutschland insgesamt;DG;Deutschland;UNTGR2;Unternehmensgröße;UNT-0001;Kleinstunternehmen;2599499;Anzahl;UNT002;Unternehmen (EU);e
48121;Statistik für kleine und mittlere Unternehmen;JAHR;Jahr;2018;DINSG;Deutschland insgesamt;DG;Deutschland;UNTGR2;Unternehmensgröße;UNT-0010;Kleine Unternehmen;-;Anzahl;UNT003;Unternehmen;
48121;Statistik für kleine und mittlere Unternehmen;JAHR;Jahr;2018;DINSG;Deutschland insgesamt;DG;Deutschland;UNTGR2;Unternehmensgröße;UNT-0010;Kleine Unternehmen;2461;Mill. EUR;AUFW05;Aufwendungen für Leiharbeitnehmer;e
48121;Statistik für kleine und mittlere Unternehmen;JAHR;Jahr;2018;DINSG;Deutschland insgesamt;DG;Deutschland;UNTGR2;Unternehmensgröße;UNT-0010;Kleine Unternehmen;157603;Mill. EUR;VST005;Bruttolöhne und -gehälter;e
48121;Statistik für kleine und mittlere Unternehmen;JAHR;Jahr;2018;DINSG;Deutschland insgesamt;DG;Deutschland;UNTGR2;Unternehmensgröße;UNT-0010;Kleine Unternehmen;37668;Mill. EUR;INV018;Bruttoinvestitionen in Sachanlagen;e
48121;Statistik für kleine und mittlere Unternehmen;JAHR;Jahr;2018;DINSG;Deutschland insgesamt;DG;Deutschland;UNTGR2;Unternehmensgröße;UNT-0010;Kleine Unternehmen;769758;Mill. EUR;UMS002;Umsatz;e
48121;Statistik für kleine und mittlere Unternehmen;JAHR;Jahr;2018;DINSG;Deutschland insgesamt;DG;Deutschland;UNTGR2;Unternehmensgröße;UNT-0010;Kleine Unternehmen;6515808;Anzahl;LGE001;Lohn- und Gehaltsempfänger;e
48121;Statistik für kleine und mittlere Unternehmen;JAHR;Jahr;2018;DINSG;Deutschland insgesamt;DG;Deutschland;UNTGR2;Unternehmensgröße;UNT-0010;Kleine Unternehmen;5467;EUR;INV023;Bruttoinvestitionen in Sachanl. je tätige Person;e
48121;Statistik für kleine und mittlere Unternehmen;JAHR;Jahr;2018;DINSG;Deutschland insgesamt;DG;Deutschland;UNTGR2;Unternehmensgröße;UNT-0010;Kleine Unternehmen;-;Mill. EUR;KOS002;Kosten für Mieten und Pachten;
48121;Statistik für kleine und mittlere Unternehmen;JAHR;Jahr;2018;DINSG;Deutschland insgesamt;DG;Deutschland;UNTGR2;Unternehmensgröße;UNT-0010;Kleine Unternehmen;27994;EUR;PAW008;Personalaufwendungen je tätige Person;e
48121;Statistik für kleine und mittlere Unternehmen;JAHR;Jahr;2018;DINSG;Deutschland insgesamt;DG;Deutschland;UNTGR2;Unternehmensgröße;UNT-0010;Kleine Unternehmen;228084;Mill. EUR;KAU008;Käufe v.Waren u.DL z.Wiederverk. i.unveränd. Zust.;e
48121;Statistik für kleine und mittlere Unternehmen;JAHR;Jahr;2018;DINSG;Deutschland insgesamt;DG;Deutschland;UNTGR2;Unternehmensgröße;UNT-0010;Kleine Unternehmen;6890040;Anzahl;PER005;Tätige Personen;e
48121;Statistik für kleine und mittlere Unternehmen;JAHR;Jahr;2018;DINSG;Deutschland insgesamt;DG;Deutschland;UNTGR2;Unternehmensgröße;UNT-0010;Kleine Unternehmen;35278;Mill. EUR;KOS026;Sozialversicherungskosten;e
48121;Statistik für kleine und mittlere Unternehmen;JAHR;Jahr;2018;DINSG;Deutschland insgesamt;DG;Deutschland;UNTGR2;Unternehmensgröße;UNT-0010;Kleine Unternehmen;5101270;Anzahl;LGE002;Lohn- und Gehaltsempfänger in Vollzeiteinheiten;e
48121;Statistik für kleine und mittlere Unternehmen;JAHR;Jahr;2018;DINSG;Deutschland insgesamt;DG;Deutschland;UNTGR2;Unternehmensgröße;UNT-0010;Kleine Unternehmen;192882;Mill. EUR;PAW002;Personalaufwendungen;e
48121;Statistik für kleine und mittlere Unternehmen;JAHR;Jahr;2018;DINSG;Deutschland insgesamt;DG;Deutschland;UNTGR2;Unternehmensgröße;UNT-0010;Kleine Unternehmen;552419;Mill. EUR;PRO013;Produktionswert;e
48121;Statistik für kleine und mittlere Unternehmen;JAHR;Jahr;2018;DINSG;Deutschland insgesamt;DG;Deutschland;UNTGR2;Unternehmensgröße;UNT-0010;Kleine Unternehmen;468215;Mill. EUR;KAU007;Waren- und Dienstleistungskäufe;e
48121;Statistik für kleine und mittlere Unternehmen;JAHR;Jahr;2018;DINSG;Deutschland insgesamt;DG;Deutschland;UNTGR2;Unternehmensgröße;UNT-0010;Kleine Unternehmen;306481;Mill. EUR;BWS003;Bruttowertschöpfung zu Faktorkosten;e
48121;Statistik für kleine und mittlere Unternehmen;JAHR;Jahr;2018;DINSG;Deutschland insgesamt;DG;Deutschland;UNTGR2;Unternehmensgröße;UNT-0010;Kleine Unternehmen;111720;EUR;UMS050;Umsatz je tätige Person;e
48121;Statistik für kleine und mittlere Unternehmen;JAHR;Jahr;2018;DINSG;Deutschland insgesamt;DG;Deutschland;UNTGR2;Unternehmensgröße;UNT-0010;Kleine Unternehmen;283336;Anzahl;UNT007;Unternehmen mit Investitionen;e
48121;Statistik für kleine und mittlere Unternehmen;JAHR;Jahr;2018;DINSG;Deutschland insgesamt;DG;Deutschland;UNTGR2;Unternehmensgröße;UNT-0010;Kleine Unternehmen;16487;EUR;BBU003;Bruttobetriebsüberschuss je tätige Person;e
48121;Statistik für kleine und mittlere Unternehmen;JAHR;Jahr;2018;DINSG;Deutschland insgesamt;DG;Deutschland;UNTGR2;Unternehmensgröße;UNT-0010;Kleine Unternehmen;113599;Mill. EUR;BBU001;Bruttobetriebsüberschuss;e
48121;Statistik für kleine und mittlere Unternehmen;JAHR;Jahr;2018;DINSG;Deutschland insgesamt;DG;Deutschland;UNTGR2;Unternehmensgröße;UNT-0010;Kleine Unternehmen;-;Mill. EUR;VRV001;Vorratsveränderungen bei Waren;
48121;Statistik für kleine und mittlere Unternehmen;JAHR;Jahr;2018;DINSG;Deutschland insgesamt;DG;Deutschland;UNTGR2;Unternehmensgröße;UNT-0010;Kleine Unternehmen;44482;EUR;BWS010;Bruttowertschöpf. zu Faktorkosten je tätige Person;e
48121;Statistik für kleine und mittlere Unternehmen;JAHR;Jahr;2018;DINSG;Deutschland insgesamt;DG;Deutschland;UNTGR2;Unternehmensgröße;UNT-0010;Kleine Unternehmen;392298;Anzahl;UNT002;Unternehmen (EU);e
48121;Statistik für kleine und mittlere Unternehmen;JAHR;Jahr;2013;DINSG;Deutschland insgesamt;DG;Deutschland;UNTGR2;Unternehmensgröße;UNT-1000;Großunternehmen;16221;Anzahl;UNT003;Unternehmen;e
48121;Statistik für kleine und mittlere Unternehmen;JAHR;Jahr;2013;DINSG;Deutschland insgesamt;DG;Deutschland;UNTGR2;Unternehmensgröße;UNT-1000;Großunternehmen;.;Mill. EUR;AUFW05;Aufwendungen für Leiharbeitnehmer;
48121;Statistik für kleine und mittlere Unternehmen;JAHR;Jahr;2013;DINSG;Deutschland insgesamt;DG;Deutschland;UNTGR2;Unternehmensgröße;UNT-1000;Großunternehmen;.;Mill. EUR;VST005;Bruttolöhne und -gehälter;
48121;Statistik für kleine und mittlere Unternehmen;JAHR;Jahr;2013;DINSG;Deutschland insgesamt;DG;Deutschland;UNTGR2;Unternehmensgröße;UNT-1000;Großunternehmen;102286;Mill. EUR;INV018;Bruttoinvestitionen in Sachanlagen;e
48121;Statistik für kleine und mittlere Unternehmen;JAHR;Jahr;2013;DINSG;Deutschland insgesamt;DG;Deutschland;UNTGR2;Unternehmensgröße;UNT-1000;Großunternehmen;3904917;Mill. EUR;UMS002;Umsatz;e
48121;Statistik für kleine und mittlere Unternehmen;JAHR;Jahr;2013;DINSG;Deutschland insgesamt;DG;Deutschland;UNTGR2;Unternehmensgröße;UNT-1000;Großunternehmen;.;Anzahl;LGE001;Lohn- und Gehaltsempfänger;
48121;Statistik für kleine und mittlere Unternehmen;JAHR;Jahr;2013;DINSG;Deutschland insgesamt;DG;Deutschland;UNTGR2;Unternehmensgröße;UNT-1000;Großunternehmen;9732;EUR;INV023;Bruttoinvestitionen in Sachanl. je tätige Person;e
48121;Statistik für kleine und mittlere Unternehmen;JAHR;Jahr;2013;DINSG;Deutschland insgesamt;DG;Deutschland;UNTGR2;Unternehmensgröße;UNT-1000;Großunternehmen;-;Mill. EUR;KOS002;Kosten für Mieten und Pachten;
48121;Statistik für kleine und mittlere Unternehmen;JAHR;Jahr;2013;DINSG;Deutschland insgesamt;DG;Deutschland;UNTGR2;Unternehmensgröße;UNT-1000;Großunternehmen;47889;EUR;PAW008;Personalaufwendungen je tätige Person;e
48121;Statistik für kleine und mittlere Unternehmen;JAHR;Jahr;2013;DINSG;Deutschland insgesamt;DG;Deutschland;UNTGR2;Unternehmensgröße;UNT-1000;Großunternehmen;.;Mill. EUR;KAU008;Käufe v.Waren u.DL z.Wiederverk. i.unveränd. Zust.;
48121;Statistik für kleine und mittlere Unternehmen;JAHR;Jahr;2013;DINSG;Deutschland insgesamt;DG;Deutschland;UNTGR2;Unternehmensgröße;UNT-1000;Großunternehmen;10510227;Anzahl;PER005;Tätige Personen;e
48121;Statistik für kleine und mittlere Unternehmen;JAHR;Jahr;2013;DINSG;Deutschland insgesamt;DG;Deutschland;UNTGR2;Unternehmensgröße;UNT-1000;Großunternehmen;.;Mill. EUR;KOS026;Sozialversicherungskosten;
48121;Statistik für kleine und mittlere Unternehmen;JAHR;Jahr;2013;DINSG;Deutschland insgesamt;DG;Deutschland;UNTGR2;Unternehmensgröße;UNT-1000;Großunternehmen;.;Anzahl;LGE002;Lohn- und Gehaltsempfänger in Vollzeiteinheiten;
48121;Statistik für kleine und mittlere Unternehmen;JAHR;Jahr;2013;DINSG;Deutschland insgesamt;DG;Deutschland;UNTGR2;Unternehmensgröße;UNT-1000;Großunternehmen;503326;Mill. EUR;PAW002;Personalaufwendungen;e
48121;Statistik für kleine und mittlere Unternehmen;JAHR;Jahr;2013;DINSG;Deutschland insgesamt;DG;Deutschland;UNTGR2;Unternehmensgröße;UNT-1000;Großunternehmen;.;Mill. EUR;PRO013;Produktionswert;
48121;Statistik für kleine und mittlere Unternehmen;JAHR;Jahr;2013;DINSG;Deutschland insgesamt;DG;Deutschland;UNTGR2;Unternehmensgröße;UNT-1000;Großunternehmen;.;Mill. EUR;KAU007;Waren- und Dienstleistungskäufe;
48121;Statistik für kleine und mittlere Unternehmen;JAHR;Jahr;2013;DINSG;Deutschland insgesamt;DG;Deutschland;UNTGR2;Unternehmensgröße;UNT-1000;Großunternehmen;751247;Mill. EUR;BWS003;Bruttowertschöpfung zu Faktorkosten;e
48121;Statistik für kleine und mittlere Unternehmen;JAHR;Jahr;2013;DINSG;Deutschland insgesamt;DG;Deutschland;UNTGR2;Unternehmensgröße;UNT-1000;Großunternehmen;371535;EUR;UMS050;Umsatz je tätige Person;e
48121;Statistik für kleine und mittlere Unternehmen;JAHR;Jahr;2013;DINSG;Deutschland insgesamt;DG;Deutschland;UNTGR2;Unternehmensgröße;UNT-1000;Großunternehmen;14199;Anzahl;UNT007;Unternehmen mit Investitionen;e
48121;Statistik für kleine und mittlere Unternehmen;JAHR;Jahr;2013;DINSG;Deutschland insgesamt;DG;Deutschland;UNTGR2;Unternehmensgröße;UNT-1000;Großunternehmen;23374;EUR;BBU003;Bruttobetriebsüberschuss je tätige Person;e
48121;Statistik für kleine und mittlere Unternehmen;JAHR;Jahr;2013;DINSG;Deutschland insgesamt;DG;Deutschland;UNTGR2;Unternehmensgröße;UNT-1000;Großunternehmen;245663;Mill. EUR;BBU001;Bruttobetriebsüberschuss;e
48121;Statistik für kleine und mittlere Unternehmen;JAHR;Jahr;2013;DINSG;Deutschland insgesamt;DG;Deutschland;UNTGR2;Unternehmensgröße;UNT-1000;Großunternehmen;-;Mill. EUR;VRV001;Vorratsveränderungen bei Waren;
48121;Statistik für kleine und mittlere Unternehmen;JAHR;Jahr;2013;DINSG;Deutschland insgesamt;DG;Deutschland;UNTGR2;Unternehmensgröße;UNT-1000;Großunternehmen;71478;EUR;BWS010;Bruttowertschöpf. zu Faktorkosten je tätige Person;e
48121;Statistik für kleine und mittlere Unternehmen;JAHR;Jahr;2013;DINSG;Deutschland insgesamt;DG;Deutschland;UNTGR2;Unternehmensgröße;UNT-1000;Großunternehmen;.;Anzahl;UNT002;Unternehmen (EU);
48121;Statistik für kleine und mittlere Unternehmen;JAHR;Jahr;2011;DINSG;Deutschland insgesamt;DG;Deutschland;UNTGR2;Unternehmensgröße;UNT-1000;Großunternehmen;15974;Anzahl;UNT003;Unternehmen;e
48121;Statistik für kleine und mittlere Unternehmen;JAHR;Jahr;2011;DINSG;Deutschland insgesamt;DG;Deutschland;UNTGR2;Unternehmensgröße;UNT-1000;Großunternehmen;.;Mill. EUR;AUFW05;Aufwendungen für Leiharbeitnehmer;
48121;Statistik für kleine und mittlere Unternehmen;JAHR;Jahr;2011;DINSG;Deutschland insgesamt;DG;Deutschland;UNTGR2;Unternehmensgröße;UNT-1000;Großunternehmen;.;Mill. EUR;VST005;Bruttolöhne und -gehälter;
48121;Statistik für kleine und mittlere Unternehmen;JAHR;Jahr;2011;DINSG;Deutschland insgesamt;DG;Deutschland;UNTGR2;Unternehmensgröße;UNT-1000;Großunternehmen;102717;Mill. EUR;INV018;Bruttoinvestitionen in Sachanlagen;e
48121;Statistik für kleine und mittlere Unternehmen;JAHR;Jahr;2011;DINSG;Deutschland insgesamt;DG;Deutschland;UNTGR2;Unternehmensgröße;UNT-1000;Großunternehmen;3672684;Mill. EUR;UMS002;Umsatz;e
48121;Statistik für kleine und mittlere Unternehmen;JAHR;Jahr;2011;DINSG;Deutschland insgesamt;DG;Deutschland;UNTGR2;Unternehmensgröße;UNT-1000;Großunternehmen;.;Anzahl;LGE001;Lohn- und Gehaltsempfänger;
48121;Statistik für kleine und mittlere Unternehmen;JAHR;Jahr;2011;DINSG;Deutschland insgesamt;DG;Deutschland;UNTGR2;Unternehmensgröße;UNT-1000;Großunternehmen;9886;EUR;INV023;Bruttoinvestitionen in Sachanl. je tätige Person;e
48121;Statistik für kleine und mittlere Unternehmen;JAHR;Jahr;2011;DINSG;Deutschland insgesamt;DG;Deutschland;UNTGR2;Unternehmensgröße;UNT-1000;Großunternehmen;-;Mill. EUR;KOS002;Kosten für Mieten und Pachten;
48121;Statistik für kleine und mittlere Unternehmen;JAHR;Jahr;2011;DINSG;Deutschland insgesamt;DG;Deutschland;UNTGR2;Unternehmensgröße;UNT-1000;Großunternehmen;-;EUR;PAW008;Personalaufwendungen je tätige Person;
48121;Statistik für kleine und mittlere Unternehmen;JAHR;Jahr;2011;DINSG;Deutschland insgesamt;DG;Deutschland;UNTGR2;Unternehmensgröße;UNT-1000;Großunternehmen;.;Mill. EUR;KAU008;Käufe v.Waren u.DL z.Wiederverk. i.unveränd. Zust.;
48121;Statistik für kleine und mittlere Unternehmen;JAHR;Jahr;2011;DINSG;Deutschland insgesamt;DG;Deutschland;UNTGR2;Unternehmensgröße;UNT-1000;Großunternehmen;10390029;Anzahl;PER005;Tätige Personen;e
48121;Statistik für kleine und mittlere Unternehmen;JAHR;Jahr;2011;DINSG;Deutschland insgesamt;DG;Deutschland;UNTGR2;Unternehmensgröße;UNT-1000;Großunternehmen;.;Mill. EUR;KOS026;Sozialversicherungskosten;
48121;Statistik für kleine und mittlere Unternehmen;JAHR;Jahr;2011;DINSG;Deutschland insgesamt;DG;Deutschland;UNTGR2;Unternehmensgröße;UNT-1000;Großunternehmen;.;Anzahl;LGE002;Lohn- und Gehaltsempfänger in Vollzeiteinheiten;
48121;Statistik für kleine und mittlere Unternehmen;JAHR;Jahr;2011;DINSG;Deutschland insgesamt;DG;Deutschland;UNTGR2;Unternehmensgröße;UNT-1000;Großunternehmen;-;Mill. EUR;PAW002;Personalaufwendungen;
48121;Statistik für kleine und mittlere Unternehmen;JAHR;Jahr;2011;DINSG;Deutschland insgesamt;DG;Deutschland;UNTGR2;Unternehmensgröße;UNT-1000;Großunternehmen;.;Mill. EUR;PRO013;Produktionswert;
48121;Statistik für kleine und mittlere Unternehmen;JAHR;Jahr;2011;DINSG;Deutschland insgesamt;DG;Deutschland;UNTGR2;Unternehmensgröße;UNT-1000;Großunternehmen;.;Mill. EUR;KAU007;Waren- und Dienstleistungskäufe;
48121;Statistik für kleine und mittlere Unternehmen;JAHR;Jahr;2011;DINSG;Deutschland insgesamt;DG;Deutschland;UNTGR2;Unternehmensgröße;UNT-1000;Großunternehmen;724835;Mill. EUR;BWS003;Bruttowertschöpfung zu Faktorkosten;e
48121;Statistik für kleine und mittlere Unternehmen;JAHR;Jahr;2011;DINSG;Deutschland insgesamt;DG;Deutschland;UNTGR2;Unternehmensgröße;UNT-1000;Großunternehmen;353482;EUR;UMS050;Umsatz je tätige Person;e
48121;Statistik für kleine und mittlere Unternehmen;JAHR;Jahr;2011;DINSG;Deutschland insgesamt;DG;Deutschland;UNTGR2;Unternehmensgröße;UNT-1000;Großunternehmen;14089;Anzahl;UNT007;Unternehmen mit Investitionen;e
48121;Statistik für kleine und mittlere Unternehmen;JAHR;Jahr;2011;DINSG;Deutschland insgesamt;DG;Deutschland;UNTGR2;Unternehmensgröße;UNT-1000;Großunternehmen;-;EUR;BBU003;Bruttobetriebsüberschuss je tätige Person;
48121;Statistik für kleine und mittlere Unternehmen;JAHR;Jahr;2011;DINSG;Deutschland insgesamt;DG;Deutschland;UNTGR2;Unternehmensgröße;UNT-1000;Großunternehmen;-;Mill. EUR;BBU001;Bruttobetriebsüberschuss;
48121;Statistik für kleine und mittlere Unternehmen;JAHR;Jahr;2011;DINSG;Deutschland insgesamt;DG;Deutschland;UNTGR2;Unternehmensgröße;UNT-1000;Großunternehmen;-;Mill. EUR;VRV001;Vorratsveränderungen bei Waren;
48121;Statistik für kleine und mittlere Unternehmen;JAHR;Jahr;2011;DINSG;Deutschland insgesamt;DG;Deutschland;UNTGR2;Unternehmensgröße;UNT-1000;Großunternehmen;69763;EUR;BWS010;Bruttowertschöpf. zu Faktorkosten je tätige Person;e
48121;Statistik für kleine und mittlere Unternehmen;JAHR;Jahr;2011;DINSG;Deutschland insgesamt;DG;Deutschland;UNTGR2;Unternehmensgröße;UNT-1000;Großunternehmen;.;Anzahl;UNT002;Unternehmen (EU);
48121;Statistik für kleine und mittlere Unternehmen;JAHR;Jahr;2010;DINSG;Deutschland insgesamt;DG;Deutschland;UNTGR2;Unternehmensgröße;;Insgesamt;2073947;Anzahl;UNT003;Unternehmen;e
48121;Statistik für kleine und mittlere Unternehmen;JAHR;Jahr;2010;DINSG;Deutschland insgesamt;DG;Deutschland;UNTGR2;Unternehmensgröße;;Insgesamt;.;Mill. EUR;AUFW05;Aufwendungen für Leiharbeitnehmer;
48121;Statistik für kleine und mittlere Unternehmen;JAHR;Jahr;2010;DINSG;Deutschland insgesamt;DG;Deutschland;UNTGR2;Unternehmensgröße;;Insgesamt;.;Mill. EUR;VST005;Bruttolöhne und -gehälter;
48121;Statistik für kleine und mittlere Unternehmen;JAHR;Jahr;2010;DINSG;Deutschland insgesamt;DG;Deutschland;UNTGR2;Unternehmensgröße;;Insgesamt;167904;Mill. EUR;INV018;Bruttoinvestitionen in Sachanlagen;e
48121;Statistik für kleine und mittlere Unternehmen;JAHR;Jahr;2010;DINSG;Deutschland insgesamt;DG;Deutschland;UNTGR2;Unternehmensgröße;;Insgesamt;5003287;Mill. EUR;UMS002;Umsatz;e
48121;Statistik für kleine und mittlere Unternehmen;JAHR;Jahr;2010;DINSG;Deutschland insgesamt;DG;Deutschland;UNTGR2;Unternehmensgröße;;Insgesamt;.;Anzahl;LGE001;Lohn- und Gehaltsempfänger;
48121;Statistik für kleine und mittlere Unternehmen;JAHR;Jahr;2010;DINSG;Deutschland insgesamt;DG;Deutschland;UNTGR2;Unternehmensgröße;;Insgesamt;6751;EUR;INV023;Bruttoinvestitionen in Sachanl. je tätige Person;e
48121;Statistik für kleine und mittlere Unternehmen;JAHR;Jahr;2010;DINSG;Deutschland insgesamt;DG;Deutschland;UNTGR2;Unternehmensgröße;;Insgesamt;-;Mill. EUR;KOS002;Kosten für Mieten und Pachten;
48121;Statistik für kleine und mittlere Unternehmen;JAHR;Jahr;2010;DINSG;Deutschland insgesamt;DG;Deutschland;UNTGR2;Unternehmensgröße;;Insgesamt;-;EUR;PAW008;Personalaufwendungen je tätige Person;
48121;Statistik für kleine und mittlere Unternehmen;JAHR;Jahr;2010;DINSG;Deutschland insgesamt;DG;Deutschland;UNTGR2;Unternehmensgröße;;Insgesamt;.;Mill. EUR;KAU008;Käufe v.Waren u.DL z.Wiederverk. i.unveränd. Zust.;
48121;Statistik für kleine und mittlere Unternehmen;JAHR;Jahr;2010;DINSG;Deutschland insgesamt;DG;Deutschland;UNTGR2;Unternehmensgröße;;Insgesamt;24871199;Anzahl;PER005;Tätige Personen;e
48121;Statistik für kleine und mittlere Unternehmen;JAHR;Jahr;2010;DINSG;Deutschland insgesamt;DG;Deutschland;UNTGR2;Unternehmensgröße;;Insgesamt;.;Mill. EUR;KOS026;Sozialversicherungskosten;
48121;Statistik für kleine und mittlere Unternehmen;JAHR;Jahr;2010;DINSG;Deutschland insgesamt;DG;Deutschland;UNTGR2;Unternehmensgröße;;Insgesamt;.;Anzahl;LGE002;Lohn- und Gehaltsempfänger in Vollzeiteinheiten;
48121;Statistik für kleine und mittlere Unternehmen;JAHR;Jahr;2010;DINSG;Deutschland insgesamt;DG;Deutschland;UNTGR2;Unternehmensgröße;;Insgesamt;-;Mill. EUR;PAW002;Personalaufwendungen;
48121;Statistik für kleine und mittlere Unternehmen;JAHR;Jahr;2010;DINSG;Deutschland insgesamt;DG;Deutschland;UNTGR2;Unternehmensgröße;;Insgesamt;.;Mill. EUR;PRO013;Produktionswert;
48121;Statistik für kleine und mittlere Unternehmen;JAHR;Jahr;2010;DINSG;Deutschland insgesamt;DG;Deutschland;UNTGR2;Unternehmensgröße;;Insgesamt;.;Mill. EUR;KAU007;Waren- und Dienstleistungskäufe;
48121;Statistik für kleine und mittlere Unternehmen;JAHR;Jahr;2010;DINSG;Deutschland insgesamt;DG;Deutschland;UNTGR2;Unternehmensgröße;;Insgesamt;1297323;Mill. EUR;BWS003;Bruttowertschöpfung zu Faktorkosten;e
48121;Statistik für kleine und mittlere Unternehmen;JAHR;Jahr;2010;DINSG;Deutschland insgesamt;DG;Deutschland;UNTGR2;Unternehmensgröße;;Insgesamt;201168;EUR;UMS050;Umsatz je tätige Person;e
48121;Statistik für kleine und mittlere Unternehmen;JAHR;Jahr;2010;DINSG;Deutschland insgesamt;DG;Deutschland;UNTGR2;Unternehmensgröße;;Insgesamt;967079;Anzahl;UNT007;Unternehmen mit Investitionen;e
48121;Statistik für kleine und mittlere Unternehmen;JAHR;Jahr;2010;DINSG;Deutschland insgesamt;DG;Deutschland;UNTGR2;Unternehmensgröße;;Insgesamt;-;EUR;BBU003;Bruttobetriebsüberschuss je tätige Person;
48121;Statistik für kleine und mittlere Unternehmen;JAHR;Jahr;2010;DINSG;Deutschland insgesamt;DG;Deutschland;UNTGR2;Unternehmensgröße;;Insgesamt;-;Mill. EUR;BBU001;Bruttobetriebsüberschuss;
48121;Statistik für kleine und mittlere Unternehmen;JAHR;Jahr;2010;DINSG;Deutschland insgesamt;DG;Deutschland;UNTGR2;Unternehmensgröße;;Insgesamt;-;Mill. EUR;VRV001;Vorratsveränderungen bei Waren;
48121;Statistik für kleine und mittlere Unternehmen;JAHR;Jahr;2010;DINSG;Deutschland insgesamt;DG;Deutschland;UNTGR2;Unternehmensgröße;;Insgesamt;52162;EUR;BWS010;Bruttowertschöpf. zu Faktorkosten je tätige Person;e
48121;Statistik für kleine und mittlere Unternehmen;JAHR;Jahr;2010;DINSG;Deutschland insgesamt;DG;Deutschland;UNTGR2;Unternehmensgröße;;Insgesamt;.;Anzahl;UNT002;Unternehmen (EU);
48121;Statistik für kleine und mittlere Unternehmen;JAHR;Jahr;2008;DINSG;Deutschland insgesamt;DG;Deutschland;UNTGR2;Unternehmensgröße;UNT-1000;Großunternehmen;14281;Anzahl;UNT003;Unternehmen;e
48121;Statistik für kleine und mittlere Unternehmen;JAHR;Jahr;2008;DINSG;Deutschland insgesamt;DG;Deutschland;UNTGR2;Unternehmensgröße;UNT-1000;Großunternehmen;.;Mill. EUR;AUFW05;Aufwendungen für Leiharbeitnehmer;
48121;Statistik für kleine und mittlere Unternehmen;JAHR;Jahr;2008;DINSG;Deutschland insgesamt;DG;Deutschland;UNTGR2;Unternehmensgröße;UNT-1000;Großunternehmen;.;Mill. EUR;VST005;Bruttolöhne und -gehälter;
48121;Statistik für kleine und mittlere Unternehmen;JAHR;Jahr;2008;DINSG;Deutschland insgesamt;DG;Deutschland;UNTGR2;Unternehmensgröße;UNT-1000;Großunternehmen;103185;Mill. EUR;INV018;Bruttoinvestitionen in Sachanlagen;e
48121;Statistik für kleine und mittlere Unternehmen;JAHR;Jahr;2008;DINSG;Deutschland insgesamt;DG;Deutschland;UNTGR2;Unternehmensgröße;UNT-1000;Großunternehmen;3325302;Mill. EUR;UMS002;Umsatz;e
48121;Statistik für kleine und mittlere Unternehmen;JAHR;Jahr;2008;DINSG;Deutschland insgesamt;DG;Deutschland;UNTGR2;Unternehmensgröße;UNT-1000;Großunternehmen;.;Anzahl;LGE001;Lohn- und Gehaltsempfänger;
48121;Statistik für kleine und mittlere Unternehmen;JAHR;Jahr;2008;DINSG;Deutschland insgesamt;DG;Deutschland;UNTGR2;Unternehmensgröße;UNT-1000;Großunternehmen;10622;EUR;INV023;Bruttoinvestitionen in Sachanl. je tätige Person;e
48121;Statistik für kleine und mittlere Unternehmen;JAHR;Jahr;2008;DINSG;Deutschland insgesamt;DG;Deutschland;UNTGR2;Unternehmensgröße;UNT-1000;Großunternehmen;-;Mill. EUR;KOS002;Kosten für Mieten und Pachten;
48121;Statistik für kleine und mittlere Unternehmen;JAHR;Jahr;2008;DINSG;Deutschland insgesamt;DG;Deutschland;UNTGR2;Unternehmensgröße;UNT-1000;Großunternehmen;-;EUR;PAW008;Personalaufwendungen je tätige Person;
48121;Statistik für kleine und mittlere Unternehmen;JAHR;Jahr;2008;DINSG;Deutschland insgesamt;DG;Deutschland;UNTGR2;Unternehmensgröße;UNT-1000;Großunternehmen;.;Mill. EUR;KAU008;Käufe v.Waren u.DL z.Wiederverk. i.unveränd. Zust.;
48121;Statistik für kleine und mittlere Unternehmen;JAHR;Jahr;2008;DINSG;Deutschland insgesamt;DG;Deutschland;UNTGR2;Unternehmensgröße;UNT-1000;Großunternehmen;9714118;Anzahl;PER005;Tätige Personen;e
48121;Statistik für kleine und mittlere Unternehmen;JAHR;Jahr;2008;DINSG;Deutschland insgesamt;DG;Deutschland;UNTGR2;Unternehmensgröße;UNT-1000;Großunternehmen;.;Mill. EUR;KOS026;Sozialversicherungskosten;
48121;Statistik für kleine und mittlere Unternehmen;JAHR;Jahr;2008;DINSG;Deutschland insgesamt;DG;Deutschland;UNTGR2;Unternehmensgröße;UNT-1000;Großunternehmen;.;Anzahl;LGE002;Lohn- und Gehaltsempfänger in Vollzeiteinheiten;
48121;Statistik für kleine und mittlere Unternehmen;JAHR;Jahr;2008;DINSG;Deutschland insgesamt;DG;Deutschland;UNTGR2;Unternehmensgröße;UNT-1000;Großunternehmen;-;Mill. EUR;PAW002;Personalaufwendungen;
48121;Statistik für kleine und mittlere Unternehmen;JAHR;Jahr;2008;DINSG;Deutschland insgesamt;DG;Deutschland;UNTGR2;Unternehmensgröße;UNT-1000;Großunternehmen;.;Mill. EUR;PRO013;Produktionswert;
48121;Statistik für kleine und mittlere Unternehmen;JAHR;Jahr;2008;DINSG;Deutschland insgesamt;DG;Deutschland;UNTGR2;Unternehmensgröße;UNT-1000;Großunternehmen;.;Mill. EUR;KAU007;Waren- und Dienstleistungskäufe;
48121;Statistik für kleine und mittlere Unternehmen;JAHR;Jahr;2008;DINSG;Deutschland insgesamt;DG;Deutschland;UNTGR2;Unternehmensgröße;UNT-1000;Großunternehmen;692172;Mill. EUR;BWS003;Bruttowertschöpfung zu Faktorkosten;e
48121;Statistik für kleine und mittlere Unternehmen;JAHR;Jahr;2008;DINSG;Deutschland insgesamt;DG;Deutschland;UNTGR2;Unternehmensgröße;UNT-1000;Großunternehmen;342316;EUR;UMS050;Umsatz je tätige Person;e
48121;Statistik für kleine und mittlere Unternehmen;JAHR;Jahr;2008;DINSG;Deutschland insgesamt;DG;Deutschland;UNTGR2;Unternehmensgröße;UNT-1000;Großunternehmen;12602;Anzahl;UNT007;Unternehmen mit Investitionen;e
48121;Statistik für kleine und mittlere Unternehmen;JAHR;Jahr;2008;DINSG;Deutschland insgesamt;DG;Deutschland;UNTGR2;Unternehmensgröße;UNT-1000;Großunternehmen;-;EUR;BBU003;Bruttobetriebsüberschuss je tätige Person;
48121;Statistik für kleine und mittlere Unternehmen;JAHR;Jahr;2008;DINSG;Deutschland insgesamt;DG;Deutschland;UNTGR2;Unternehmensgröße;UNT-1000;Großunternehmen;-;Mill. EUR;BBU001;Bruttobetriebsüberschuss;
48121;Statistik für kleine und mittlere Unternehmen;JAHR;Jahr;2008;DINSG;Deutschland insgesamt;DG;Deutschland;UNTGR2;Unternehmensgröße;UNT-1000;Großunternehmen;-;Mill. EUR;VRV001;Vorratsveränderungen bei Waren;
48121;Statistik für kleine und mittlere Unternehmen;JAHR;Jahr;2008;DINSG;Deutschland insgesamt;DG;Deutschland;UNTGR2;Unternehmensgröße;UNT-1000;Großunternehmen;71254;EUR;BWS010;Bruttowertschöpf. zu Faktorkosten je tätige Person;e
48121;Statistik für kleine und mittlere Unternehmen;JAHR;Jahr;2008;DINSG;Deutschland insgesamt;DG;Deutschland;UNTGR2;Unternehmensgröße;UNT-1000;Großunternehmen;.;Anzahl;UNT002;Unternehmen (EU);
48121;Statistik für kleine und mittlere Unternehmen;JAHR;Jahr;2014;DINSG;Deutschland insgesamt;DG;Deutschland;UNTGR2;Unternehmensgröße;;Insgesamt;2510355;Anzahl;UNT003;Unternehmen;e
48121;Statistik für kleine und mittlere Unternehmen;JAHR;Jahr;2014;DINSG;Deutschland insgesamt;DG;Deutschland;UNTGR2;Unternehmensgröße;;Insgesamt;.;Mill. EUR;AUFW05;Aufwendungen für Leiharbeitnehmer;
48121;Statistik für kleine und mittlere Unternehmen;JAHR;Jahr;2014;DINSG;Deutschland insgesamt;DG;Deutschland;UNTGR2;Unternehmensgröße;;Insgesamt;.;Mill. EUR;VST005;Bruttolöhne und -gehälter;
48121;Statistik für kleine und mittlere Unternehmen;JAHR;Jahr;2014;DINSG;Deutschland insgesamt;DG;Deutschland;UNTGR2;Unternehmensgröße;;Insgesamt;198545;Mill. EUR;INV018;Bruttoinvestitionen in Sachanlagen;e
48121;Statistik für kleine und mittlere Unternehmen;JAHR;Jahr;2014;DINSG;Deutschland insgesamt;DG;Deutschland;UNTGR2;Unternehmensgröße;;Insgesamt;5955155;Mill. EUR;UMS002;Umsatz;e
48121;Statistik für kleine und mittlere Unternehmen;JAHR;Jahr;2014;DINSG;Deutschland insgesamt;DG;Deutschland;UNTGR2;Unternehmensgröße;;Insgesamt;.;Anzahl;LGE001;Lohn- und Gehaltsempfänger;
48121;Statistik für kleine und mittlere Unternehmen;JAHR;Jahr;2014;DINSG;Deutschland insgesamt;DG;Deutschland;UNTGR2;Unternehmensgröße;;Insgesamt;7143;EUR;INV023;Bruttoinvestitionen in Sachanl. je tätige Person;e
48121;Statistik für kleine und mittlere Unternehmen;JAHR;Jahr;2014;DINSG;Deutschland insgesamt;DG;Deutschland;UNTGR2;Unternehmensgröße;;Insgesamt;-;Mill. EUR;KOS002;Kosten für Mieten und Pachten;
48121;Statistik für kleine und mittlere Unternehmen;JAHR;Jahr;2014;DINSG;Deutschland insgesamt;DG;Deutschland;UNTGR2;Unternehmensgröße;;Insgesamt;34426;EUR;PAW008;Personalaufwendungen je tätige Person;e
48121;Statistik für kleine und mittlere Unternehmen;JAHR;Jahr;2014;DINSG;Deutschland insgesamt;DG;Deutschland;UNTGR2;Unternehmensgröße;;Insgesamt;.;Mill. EUR;KAU008;Käufe v.Waren u.DL z.Wiederverk. i.unveränd. Zust.;
48121;Statistik für kleine und mittlere Unternehmen;JAHR;Jahr;2014;DINSG;Deutschland insgesamt;DG;Deutschland;UNTGR2;Unternehmensgröße;;Insgesamt;27796151;Anzahl;PER005;Tätige Personen;e
48121;Statistik für kleine und mittlere Unternehmen;JAHR;Jahr;2014;DINSG;Deutschland insgesamt;DG;Deutschland;UNTGR2;Unternehmensgröße;;Insgesamt;.;Mill. EUR;KOS026;Sozialversicherungskosten;
48121;Statistik für kleine und mittlere Unternehmen;JAHR;Jahr;2014;DINSG;Deutschland insgesamt;DG;Deutschland;UNTGR2;Unternehmensgröße;;Insgesamt;.;Anzahl;LGE002;Lohn- und Gehaltsempfänger in Vollzeiteinheiten;
48121;Statistik für kleine und mittlere Unternehmen;JAHR;Jahr;2014;DINSG;Deutschland insgesamt;DG;Deutschland;UNTGR2;Unternehmensgröße;;Insgesamt;956904;Mill. EUR;PAW002;Personalaufwendungen;e
48121;Statistik für kleine und mittlere Unternehmen;JAHR;Jahr;2014;DINSG;Deutschland insgesamt;DG;Deutschland;UNTGR2;Unternehmensgröße;;Insgesamt;.;Mill. EUR;PRO013;Produktionswert;
48121;Statistik für kleine und mittlere Unternehmen;JAHR;Jahr;2014;DINSG;Deutschland insgesamt;DG;Deutschland;UNTGR2;Unternehmensgröße;;Insgesamt;.;Mill. EUR;KAU007;Waren- und Dienstleistungskäufe;
48121;Statistik für kleine und mittlere Unternehmen;JAHR;Jahr;2014;DINSG;Deutschland insgesamt;DG;Deutschland;UNTGR2;Unternehmensgröße;;Insgesamt;1532615;Mill. EUR;BWS003;Bruttowertschöpfung zu Faktorkosten;e
48121;Statistik für kleine und mittlere Unternehmen;JAHR;Jahr;2014;DINSG;Deutschland insgesamt;DG;Deutschland;UNTGR2;Unternehmensgröße;;Insgesamt;214244;EUR;UMS050;Umsatz je tätige Person;e
48121;Statistik für kleine und mittlere Unternehmen;JAHR;Jahr;2014;DINSG;Deutschland insgesamt;DG;Deutschland;UNTGR2;Unternehmensgröße;;Insgesamt;1131583;Anzahl;UNT007;Unternehmen mit Investitionen;e
48121;Statistik für kleine und mittlere Unternehmen;JAHR;Jahr;2014;DINSG;Deutschland insgesamt;DG;Deutschland;UNTGR2;Unternehmensgröße;;Insgesamt;20531;EUR;BBU003;Bruttobetriebsüberschuss je tätige Person;e
48121;Statistik für kleine und mittlere Unternehmen;JAHR;Jahr;2014;DINSG;Deutschland insgesamt;DG;Deutschland;UNTGR2;Unternehmensgröße;;Insgesamt;570679;Mill. EUR;BBU001;Bruttobetriebsüberschuss;e
48121;Statistik für kleine und mittlere Unternehmen;JAHR;Jahr;2014;DINSG;Deutschland insgesamt;DG;Deutschland;UNTGR2;Unternehmensgröße;;Insgesamt;-;Mill. EUR;VRV001;Vorratsveränderungen bei Waren;
48121;Statistik für kleine und mittlere Unternehmen;JAHR;Jahr;2014;DINSG;Deutschland insgesamt;DG;Deutschland;UNTGR2;Unternehmensgröße;;Insgesamt;55138;EUR;BWS010;Bruttowertschöpf. zu Faktorkosten je tätige Person;e
48121;Statistik für kleine und mittlere Unternehmen;JAHR;Jahr;2014;DINSG;Deutschland insgesamt;DG;Deutschland;UNTGR2;Unternehmensgröße;;Insgesamt;.;Anzahl;UNT002;Unternehmen (EU);
48121;Statistik für kleine und mittlere Unternehmen;JAHR;Jahr;2020;DINSG;Deutschland insgesamt;DG;Deutschland;UNTGR2;Unternehmensgröße;UNT-0010;Kleine Unternehmen;-;Anzahl;UNT003;Unternehmen;
48121;Statistik für kleine und mittlere Unternehmen;JAHR;Jahr;2020;DINSG;Deutschland insgesamt;DG;Deutschland;UNTGR2;Unternehmensgröße;UNT-0010;Kleine Unternehmen;1754;Mill. EUR;AUFW05;Aufwendungen für Leiharbeitnehmer;e
48121;Statistik für kleine und mittlere Unternehmen;JAHR;Jahr;2020;DINSG;Deutschland insgesamt;DG;Deutschland;UNTGR2;Unternehmensgröße;UNT-0010;Kleine Unternehmen;151629;Mill. EUR;VST005;Bruttolöhne und -gehälter;e
48121;Statistik für kleine und mittlere Unternehmen;JAHR;Jahr;2020;DINSG;Deutschland insgesamt;DG;Deutschland;UNTGR2;Unternehmensgröße;UNT-0010;Kleine Unternehmen;29389;Mill. EUR;INV018;Bruttoinvestitionen in Sachanlagen;e
48121;Statistik für kleine und mittlere Unternehmen;JAHR;Jahr;2020;DINSG;Deutschland insgesamt;DG;Deutschland;UNTGR2;Unternehmensgröße;UNT-0010;Kleine Unternehmen;738054;Mill. EUR;UMS002;Umsatz;e
48121;Statistik für kleine und mittlere Unternehmen;JAHR;Jahr;2020;DINSG;Deutschland insgesamt;DG;Deutschland;UNTGR2;Unternehmensgröße;UNT-0010;Kleine Unternehmen;5717621;Anzahl;LGE001;Lohn- und Gehaltsempfänger;e
48121;Statistik für kleine und mittlere Unternehmen;JAHR;Jahr;2020;DINSG;Deutschland insgesamt;DG;Deutschland;UNTGR2;Unternehmensgröße;UNT-0010;Kleine Unternehmen;4867;EUR;INV023;Bruttoinvestitionen in Sachanl. je tätige Person;e
48121;Statistik für kleine und mittlere Unternehmen;JAHR;Jahr;2020;DINSG;Deutschland insgesamt;DG;Deutschland;UNTGR2;Unternehmensgröße;UNT-0010;Kleine Unternehmen;-;Mill. EUR;KOS002;Kosten für Mieten und Pachten;
48121;Statistik für kleine und mittlere Unternehmen;JAHR;Jahr;2020;DINSG;Deutschland insgesamt;DG;Deutschland;UNTGR2;Unternehmensgröße;UNT-0010;Kleine Unternehmen;30909;EUR;PAW008;Personalaufwendungen je tätige Person;e
48121;Statistik für kleine und mittlere Unternehmen;JAHR;Jahr;2020;DINSG;Deutschland insgesamt;DG;Deutschland;UNTGR2;Unternehmensgröße;UNT-0010;Kleine Unternehmen;229189;Mill. EUR;KAU008;Käufe v.Waren u.DL z.Wiederverk. i.unveränd. Zust.;e
48121;Statistik für kleine und mittlere Unternehmen;JAHR;Jahr;2020;DINSG;Deutschland insgesamt;DG;Deutschland;UNTGR2;Unternehmensgröße;UNT-0010;Kleine Unternehmen;6037918;Anzahl;PER005;Tätige Personen;e
48121;Statistik für kleine und mittlere Unternehmen;JAHR;Jahr;2020;DINSG;Deutschland insgesamt;DG;Deutschland;UNTGR2;Unternehmensgröße;UNT-0010;Kleine Unternehmen;34996;Mill. EUR;KOS026;Sozialversicherungskosten;e
48121;Statistik für kleine und mittlere Unternehmen;JAHR;Jahr;2020;DINSG;Deutschland insgesamt;DG;Deutschland;UNTGR2;Unternehmensgröße;UNT-0010;Kleine Unternehmen;4643907;Anzahl;LGE002;Lohn- und Gehaltsempfänger in Vollzeiteinheiten;e
48121;Statistik für kleine und mittlere Unternehmen;JAHR;Jahr;2020;DINSG;Deutschland insgesamt;DG;Deutschland;UNTGR2;Unternehmensgröße;UNT-0010;Kleine Unternehmen;186624;Mill. EUR;PAW002;Personalaufwendungen;e
48121;Statistik für kleine und mittlere Unternehmen;JAHR;Jahr;2020;DINSG;Deutschland insgesamt;DG;Deutschland;UNTGR2;Unternehmensgröße;UNT-0010;Kleine Unternehmen;511914;Mill. EUR;PRO013;Produktionswert;e
48121;Statistik für kleine und mittlere Unternehmen;JAHR;Jahr;2020;DINSG;Deutschland insgesamt;DG;Deutschland;UNTGR2;Unternehmensgröße;UNT-0010;Kleine Unternehmen;459930;Mill. EUR;KAU007;Waren- und Dienstleistungskäufe;e
48121;Statistik für kleine und mittlere Unternehmen;JAHR;Jahr;2020;DINSG;Deutschland insgesamt;DG;Deutschland;UNTGR2;Unternehmensgröße;UNT-0010;Kleine Unternehmen;281131;Mill. EUR;BWS003;Bruttowertschöpfung zu Faktorkosten;e
48121;Statistik für kleine und mittlere Unternehmen;JAHR;Jahr;2020;DINSG;Deutschland insgesamt;DG;Deutschland;UNTGR2;Unternehmensgröße;UNT-0010;Kleine Unternehmen;122236;EUR;UMS050;Umsatz je tätige Person;e
48121;Statistik für kleine und mittlere Unternehmen;JAHR;Jahr;2020;DINSG;Deutschland insgesamt;DG;Deutschland;UNTGR2;Unternehmensgröße;UNT-0010;Kleine Unternehmen;241574;Anzahl;UNT007;Unternehmen mit Investitionen;e
48121;Statistik für kleine und mittlere Unternehmen;JAHR;Jahr;2020;DINSG;Deutschland insgesamt;DG;Deutschland;UNTGR2;Unternehmensgröße;UNT-0010;Kleine Unternehmen;15652;EUR;BBU003;Bruttobetriebsüberschuss je tätige Person;e
48121;Statistik für kleine und mittlere Unternehmen;JAHR;Jahr;2020;DINSG;Deutschland insgesamt;DG;Deutschland;UNTGR2;Unternehmensgröße;UNT-0010;Kleine Unternehmen;94507;Mill. EUR;BBU001;Bruttobetriebsüberschuss;e
48121;Statistik für kleine und mittlere Unternehmen;JAHR;Jahr;2020;DINSG;Deutschland insgesamt;DG;Deutschland;UNTGR2;Unternehmensgröße;UNT-0010;Kleine Unternehmen;-;Mill. EUR;VRV001;Vorratsveränderungen bei Waren;
48121;Statistik für kleine und mittlere Unternehmen;JAHR;Jahr;2020;DINSG;Deutschland insgesamt;DG;Deutschland;UNTGR2;Unternehmensgröße;UNT-0010;Kleine Unternehmen;46561;EUR;BWS010;Bruttowertschöpf. zu Faktorkosten je tätige Person;e
48121;Statistik für kleine und mittlere Unternehmen;JAHR;Jahr;2020;DINSG;Deutschland insgesamt;DG;Deutschland;UNTGR2;Unternehmensgröße;UNT-0010;Kleine Unternehmen;346934;Anzahl;UNT002;Unternehmen (EU);e
48121;Statistik für kleine und mittlere Unternehmen;JAHR;Jahr;2015;DINSG;Deutschland insgesamt;DG;Deutschland;UNTGR2;Unternehmensgröße;UNT-0100;Mittlere Unternehmen;69612;Anzahl;UNT003;Unternehmen;e
48121;Statistik für kleine und mittlere Unternehmen;JAHR;Jahr;2015;DINSG;Deutschland insgesamt;DG;Deutschland;UNTGR2;Unternehmensgröße;UNT-0100;Mittlere Unternehmen;.;Mill. EUR;AUFW05;Aufwendungen für Leiharbeitnehmer;
48121;Statistik für kleine und mittlere Unternehmen;JAHR;Jahr;2015;DINSG;Deutschland insgesamt;DG;Deutschland;UNTGR2;Unternehmensgröße;UNT-0100;Mittlere Unternehmen;.;Mill. EUR;VST005;Bruttolöhne und -gehälter;
48121;Statistik für kleine und mittlere Unternehmen;JAHR;Jahr;2015;DINSG;Deutschland insgesamt;DG;Deutschland;UNTGR2;Unternehmensgröße;UNT-0100;Mittlere Unternehmen;33037;Mill. EUR;INV018;Bruttoinvestitionen in Sachanlagen;e
48121;Statistik für kleine und mittlere Unternehmen;JAHR;Jahr;2015;DINSG;Deutschland insgesamt;DG;Deutschland;UNTGR2;Unternehmensgröße;UNT-0100;Mittlere Unternehmen;924077;Mill. EUR;UMS002;Umsatz;e
48121;Statistik für kleine und mittlere Unternehmen;JAHR;Jahr;2015;DINSG;Deutschland insgesamt;DG;Deutschland;UNTGR2;Unternehmensgröße;UNT-0100;Mittlere Unternehmen;.;Anzahl;LGE001;Lohn- und Gehaltsempfänger;
48121;Statistik für kleine und mittlere Unternehmen;JAHR;Jahr;2015;DINSG;Deutschland insgesamt;DG;Deutschland;UNTGR2;Unternehmensgröße;UNT-0100;Mittlere Unternehmen;6051;EUR;INV023;Bruttoinvestitionen in Sachanl. je tätige Person;e
48121;Statistik für kleine und mittlere Unternehmen;JAHR;Jahr;2015;DINSG;Deutschland insgesamt;DG;Deutschland;UNTGR2;Unternehmensgröße;UNT-0100;Mittlere Unternehmen;-;Mill. EUR;KOS002;Kosten für Mieten und Pachten;
48121;Statistik für kleine und mittlere Unternehmen;JAHR;Jahr;2015;DINSG;Deutschland insgesamt;DG;Deutschland;UNTGR2;Unternehmensgröße;UNT-0100;Mittlere Unternehmen;36747;EUR;PAW008;Personalaufwendungen je tätige Person;e
48121;Statistik für kleine und mittlere Unternehmen;JAHR;Jahr;2015;DINSG;Deutschland insgesamt;DG;Deutschland;UNTGR2;Unternehmensgröße;UNT-0100;Mittlere Unternehmen;.;Mill. EUR;KAU008;Käufe v.Waren u.DL z.Wiederverk. i.unveränd. Zust.;
48121;Statistik für kleine und mittlere Unternehmen;JAHR;Jahr;2015;DINSG;Deutschland insgesamt;DG;Deutschland;UNTGR2;Unternehmensgröße;UNT-0100;Mittlere Unternehmen;5459737;Anzahl;PER005;Tätige Personen;e
48121;Statistik für kleine und mittlere Unternehmen;JAHR;Jahr;2015;DINSG;Deutschland insgesamt;DG;Deutschland;UNTGR2;Unternehmensgröße;UNT-0100;Mittlere Unternehmen;.;Mill. EUR;KOS026;Sozialversicherungskosten;
48121;Statistik für kleine und mittlere Unternehmen;JAHR;Jahr;2015;DINSG;Deutschland insgesamt;DG;Deutschland;UNTGR2;Unternehmensgröße;UNT-0100;Mittlere Unternehmen;.;Anzahl;LGE002;Lohn- und Gehaltsempfänger in Vollzeiteinheiten;
48121;Statistik für kleine und mittlere Unternehmen;JAHR;Jahr;2015;DINSG;Deutschland insgesamt;DG;Deutschland;UNTGR2;Unternehmensgröße;UNT-0100;Mittlere Unternehmen;200631;Mill. EUR;PAW002;Personalaufwendungen;e
48121;Statistik für kleine und mittlere Unternehmen;JAHR;Jahr;2015;DINSG;Deutschland insgesamt;DG;Deutschland;UNTGR2;Unternehmensgröße;UNT-0100;Mittlere Unternehmen;.;Mill. EUR;PRO013;Produktionswert;
48121;Statistik für kleine und mittlere Unternehmen;JAHR;Jahr;2015;DINSG;Deutschland insgesamt;DG;Deutschland;UNTGR2;Unternehmensgröße;UNT-0100;Mittlere Unternehmen;.;Mill. EUR;KAU007;Waren- und Dienstleistungskäufe;
48121;Statistik für kleine und mittlere Unternehmen;JAHR;Jahr;2015;DINSG;Deutschland insgesamt;DG;Deutschland;UNTGR2;Unternehmensgröße;UNT-0100;Mittlere Unternehmen;295353;Mill. EUR;BWS003;Bruttowertschöpfung zu Faktorkosten;e
48121;Statistik für kleine und mittlere Unternehmen;JAHR;Jahr;2015;DINSG;Deutschland insgesamt;DG;Deutschland;UNTGR2;Unternehmensgröße;UNT-0100;Mittlere Unternehmen;169253;EUR;UMS050;Umsatz je tätige Person;e
48121;Statistik für kleine und mittlere Unternehmen;JAHR;Jahr;2015;DINSG;Deutschland insgesamt;DG;Deutschland;UNTGR2;Unternehmensgröße;UNT-0100;Mittlere Unternehmen;57856;Anzahl;UNT007;Unternehmen mit Investitionen;e
48121;Statistik für kleine und mittlere Unternehmen;JAHR;Jahr;2015;DINSG;Deutschland insgesamt;DG;Deutschland;UNTGR2;Unternehmensgröße;UNT-0100;Mittlere Unternehmen;17184;EUR;BBU003;Bruttobetriebsüberschuss je tätige Person;e
48121;Statistik für kleine und mittlere Unternehmen;JAHR;Jahr;2015;DINSG;Deutschland insgesamt;DG;Deutschland;UNTGR2;Unternehmensgröße;UNT-0100;Mittlere Unternehmen;93822;Mill. EUR;BBU001;Bruttobetriebsüberschuss;e
48121;Statistik für kleine und mittlere Unternehmen;JAHR;Jahr;2015;DINSG;Deutschland insgesamt;DG;Deutschland;UNTGR2;Unternehmensgröße;UNT-0100;Mittlere Unternehmen;-;Mill. EUR;VRV001;Vorratsveränderungen bei Waren;
48121;Statistik für kleine und mittlere Unternehmen;JAHR;Jahr;2015;DINSG;Deutschland insgesamt;DG;Deutschland;UNTGR2;Unternehmensgröße;UNT-0100;Mittlere Unternehmen;54097;EUR;BWS010;Bruttowertschöpf. zu Faktorkosten je tätige Person;e
48121;Statistik für kleine und mittlere Unternehmen;JAHR;Jahr;2015;DINSG;Deutschland insgesamt;DG;Deutschland;UNTGR2;Unternehmensgröße;UNT-0100;Mittlere Unternehmen;.;Anzahl;UNT002;Unternehmen (EU);
48121;Statistik für kleine und mittlere Unternehmen;JAHR;Jahr;2014;DINSG;Deutschland insgesamt;DG;Deutschland;UNTGR2;Unternehmensgröße;UNT-0001;Kleinstunternehmen;2062498;Anzahl;UNT003;Unternehmen;e
48121;Statistik für kleine und mittlere Unternehmen;JAHR;Jahr;2014;DINSG;Deutschland insgesamt;DG;Deutschland;UNTGR2;Unternehmensgröße;UNT-0001;Kleinstunternehmen;.;Mill. EUR;AUFW05;Aufwendungen für Leiharbeitnehmer;
48121;Statistik für kleine und mittlere Unternehmen;JAHR;Jahr;2014;DINSG;Deutschland insgesamt;DG;Deutschland;UNTGR2;Unternehmensgröße;UNT-0001;Kleinstunternehmen;.;Mill. EUR;VST005;Bruttolöhne und -gehälter;
48121;Statistik für kleine und mittlere Unternehmen;JAHR;Jahr;2014;DINSG;Deutschland insgesamt;DG;Deutschland;UNTGR2;Unternehmensgröße;UNT-0001;Kleinstunternehmen;26271;Mill. EUR;INV018;Bruttoinvestitionen in Sachanlagen;e
48121;Statistik für kleine und mittlere Unternehmen;JAHR;Jahr;2014;DINSG;Deutschland insgesamt;DG;Deutschland;UNTGR2;Unternehmensgröße;UNT-0001;Kleinstunternehmen;404556;Mill. EUR;UMS002;Umsatz;e
48121;Statistik für kleine und mittlere Unternehmen;JAHR;Jahr;2014;DINSG;Deutschland insgesamt;DG;Deutschland;UNTGR2;Unternehmensgröße;UNT-0001;Kleinstunternehmen;.;Anzahl;LGE001;Lohn- und Gehaltsempfänger;
48121;Statistik für kleine und mittlere Unternehmen;JAHR;Jahr;2014;DINSG;Deutschland insgesamt;DG;Deutschland;UNTGR2;Unternehmensgröße;UNT-0001;Kleinstunternehmen;4822;EUR;INV023;Bruttoinvestitionen in Sachanl. je tätige Person;e
48121;Statistik für kleine und mittlere Unternehmen;JAHR;Jahr;2014;DINSG;Deutschland insgesamt;DG;Deutschland;UNTGR2;Unternehmensgröße;UNT-0001;Kleinstunternehmen;-;Mill. EUR;KOS002;Kosten für Mieten und Pachten;
48121;Statistik für kleine und mittlere Unternehmen;JAHR;Jahr;2014;DINSG;Deutschland insgesamt;DG;Deutschland;UNTGR2;Unternehmensgröße;UNT-0001;Kleinstunternehmen;12983;EUR;PAW008;Personalaufwendungen je tätige Person;e
48121;Statistik für kleine und mittlere Unternehmen;JAHR;Jahr;2014;DINSG;Deutschland insgesamt;DG;Deutschland;UNTGR2;Unternehmensgröße;UNT-0001;Kleinstunternehmen;.;Mill. EUR;KAU008;Käufe v.Waren u.DL z.Wiederverk. i.unveränd. Zust.;
48121;Statistik für kleine und mittlere Unternehmen;JAHR;Jahr;2014;DINSG;Deutschland insgesamt;DG;Deutschland;UNTGR2;Unternehmensgröße;UNT-0001;Kleinstunternehmen;5448192;Anzahl;PER005;Tätige Personen;e
48121;Statistik für kleine und mittlere Unternehmen;JAHR;Jahr;2014;DINSG;Deutschland insgesamt;DG;Deutschland;UNTGR2;Unternehmensgröße;UNT-0001;Kleinstunternehmen;.;Mill. EUR;KOS026;Sozialversicherungskosten;
48121;Statistik für kleine und mittlere Unternehmen;JAHR;Jahr;2014;DINSG;Deutschland insgesamt;DG;Deutschland;UNTGR2;Unternehmensgröße;UNT-0001;Kleinstunternehmen;.;Anzahl;LGE002;Lohn- und Gehaltsempfänger in Vollzeiteinheiten;
48121;Statistik für kleine und mittlere Unternehmen;JAHR;Jahr;2014;DINSG;Deutschland insgesamt;DG;Deutschland;UNTGR2;Unternehmensgröße;UNT-0001;Kleinstunternehmen;70735;Mill. EUR;PAW002;Personalaufwendungen;e
48121;Statistik für kleine und mittlere Unternehmen;JAHR;Jahr;2014;DINSG;Deutschland insgesamt;DG;Deutschland;UNTGR2;Unternehmensgröße;UNT-0001;Kleinstunternehmen;.;Mill. EUR;PRO013;Produktionswert;
48121;Statistik für kleine und mittlere Unternehmen;JAHR;Jahr;2014;DINSG;Deutschland insgesamt;DG;Deutschland;UNTGR2;Unternehmensgröße;UNT-0001;Kleinstunternehmen;.;Mill. EUR;KAU007;Waren- und Dienstleistungskäufe;
48121;Statistik für kleine und mittlere Unternehmen;JAHR;Jahr;2014;DINSG;Deutschland insgesamt;DG;Deutschland;UNTGR2;Unternehmensgröße;UNT-0001;Kleinstunternehmen;188071;Mill. EUR;BWS003;Bruttowertschöpfung zu Faktorkosten;e
48121;Statistik für kleine und mittlere Unternehmen;JAHR;Jahr;2014;DINSG;Deutschland insgesamt;DG;Deutschland;UNTGR2;Unternehmensgröße;UNT-0001;Kleinstunternehmen;74255;EUR;UMS050;Umsatz je tätige Person;e
48121;Statistik für kleine und mittlere Unternehmen;JAHR;Jahr;2014;DINSG;Deutschland insgesamt;DG;Deutschland;UNTGR2;Unternehmensgröße;UNT-0001;Kleinstunternehmen;798461;Anzahl;UNT007;Unternehmen mit Investitionen;e
48121;Statistik für kleine und mittlere Unternehmen;JAHR;Jahr;2014;DINSG;Deutschland insgesamt;DG;Deutschland;UNTGR2;Unternehmensgröße;UNT-0001;Kleinstunternehmen;21494;EUR;BBU003;Bruttobetriebsüberschuss je tätige Person;e
48121;Statistik für kleine und mittlere Unternehmen;JAHR;Jahr;2014;DINSG;Deutschland insgesamt;DG;Deutschland;UNTGR2;Unternehmensgröße;UNT-0001;Kleinstunternehmen;117103;Mill. EUR;BBU001;Bruttobetriebsüberschuss;e
48121;Statistik für kleine und mittlere Unternehmen;JAHR;Jahr;2014;DINSG;Deutschland insgesamt;DG;Deutschland;UNTGR2;Unternehmensgröße;UNT-0001;Kleinstunternehmen;-;Mill. EUR;VRV001;Vorratsveränderungen bei Waren;
48121;Statistik für kleine und mittlere Unternehmen;JAHR;Jahr;2014;DINSG;Deutschland insgesamt;DG;Deutschland;UNTGR2;Unternehmensgröße;UNT-0001;Kleinstunternehmen;34520;EUR;BWS010;Bruttowertschöpf. zu Faktorkosten je tätige Person;e
48121;Statistik für kleine und mittlere Unternehmen;JAHR;Jahr;2014;DINSG;Deutschland insgesamt;DG;Deutschland;UNTGR2;Unternehmensgröße;UNT-0001;Kleinstunternehmen;.;Anzahl;UNT002;Unternehmen (EU);
48121;Statistik für kleine und mittlere Unternehmen;JAHR;Jahr;2013;DINSG;Deutschland insgesamt;DG;Deutschland;UNTGR2;Unternehmensgröße;UNT-0100;Mittlere Unternehmen;63996;Anzahl;UNT003;Unternehmen;e
48121;Statistik für kleine und mittlere Unternehmen;JAHR;Jahr;2013;DINSG;Deutschland insgesamt;DG;Deutschland;UNTGR2;Unternehmensgröße;UNT-0100;Mittlere Unternehmen;.;Mill. EUR;AUFW05;Aufwendungen für Leiharbeitnehmer;
48121;Statistik für kleine und mittlere Unternehmen;JAHR;Jahr;2013;DINSG;Deutschland insgesamt;DG;Deutschland;UNTGR2;Unternehmensgröße;UNT-0100;Mittlere Unternehmen;.;Mill. EUR;VST005;Bruttolöhne und -gehälter;
48121;Statistik für kleine und mittlere Unternehmen;JAHR;Jahr;2013;DINSG;Deutschland insgesamt;DG;Deutschland;UNTGR2;Unternehmensgröße;UNT-0100;Mittlere Unternehmen;28084;Mill. EUR;INV018;Bruttoinvestitionen in Sachanlagen;e
48121;Statistik für kleine und mittlere Unternehmen;JAHR;Jahr;2013;DINSG;Deutschland insgesamt;DG;Deutschland;UNTGR2;Unternehmensgröße;UNT-0100;Mittlere Unternehmen;831123;Mill. EUR;UMS002;Umsatz;e
48121;Statistik für kleine und mittlere Unternehmen;JAHR;Jahr;2013;DINSG;Deutschland insgesamt;DG;Deutschland;UNTGR2;Unternehmensgröße;UNT-0100;Mittlere Unternehmen;.;Anzahl;LGE001;Lohn- und Gehaltsempfänger;
48121;Statistik für kleine und mittlere Unternehmen;JAHR;Jahr;2013;DINSG;Deutschland insgesamt;DG;Deutschland;UNTGR2;Unternehmensgröße;UNT-0100;Mittlere Unternehmen;5484;EUR;INV023;Bruttoinvestitionen in Sachanl. je tätige Person;e
48121;Statistik für kleine und mittlere Unternehmen;JAHR;Jahr;2013;DINSG;Deutschland insgesamt;DG;Deutschland;UNTGR2;Unternehmensgröße;UNT-0100;Mittlere Unternehmen;-;Mill. EUR;KOS002;Kosten für Mieten und Pachten;
48121;Statistik für kleine und mittlere Unternehmen;JAHR;Jahr;2013;DINSG;Deutschland insgesamt;DG;Deutschland;UNTGR2;Unternehmensgröße;UNT-0100;Mittlere Unternehmen;35115;EUR;PAW008;Personalaufwendungen je tätige Person;e
48121;Statistik für kleine und mittlere Unternehmen;JAHR;Jahr;2013;DINSG;Deutschland insgesamt;DG;Deutschland;UNTGR2;Unternehmensgröße;UNT-0100;Mittlere Unternehmen;.;Mill. EUR;KAU008;Käufe v.Waren u.DL z.Wiederverk. i.unveränd. Zust.;
48121;Statistik für kleine und mittlere Unternehmen;JAHR;Jahr;2013;DINSG;Deutschland insgesamt;DG;Deutschland;UNTGR2;Unternehmensgröße;UNT-0100;Mittlere Unternehmen;5121477;Anzahl;PER005;Tätige Personen;e
48121;Statistik für kleine und mittlere Unternehmen;JAHR;Jahr;2013;DINSG;Deutschland insgesamt;DG;Deutschland;UNTGR2;Unternehmensgröße;UNT-0100;Mittlere Unternehmen;.;Mill. EUR;KOS026;Sozialversicherungskosten;
48121;Statistik für kleine und mittlere Unternehmen;JAHR;Jahr;2013;DINSG;Deutschland insgesamt;DG;Deutschland;UNTGR2;Unternehmensgröße;UNT-0100;Mittlere Unternehmen;.;Anzahl;LGE002;Lohn- und Gehaltsempfänger in Vollzeiteinheiten;
48121;Statistik für kleine und mittlere Unternehmen;JAHR;Jahr;2013;DINSG;Deutschland insgesamt;DG;Deutschland;UNTGR2;Unternehmensgröße;UNT-0100;Mittlere Unternehmen;179843;Mill. EUR;PAW002;Personalaufwendungen;e
48121;Statistik für kleine und mittlere Unternehmen;JAHR;Jahr;2013;DINSG;Deutschland insgesamt;DG;Deutschland;UNTGR2;Unternehmensgröße;UNT-0100;Mittlere Unternehmen;.;Mill. EUR;PRO013;Produktionswert;
48121;Statistik für kleine und mittlere Unternehmen;JAHR;Jahr;2013;DINSG;Deutschland insgesamt;DG;Deutschland;UNTGR2;Unternehmensgröße;UNT-0100;Mittlere Unternehmen;.;Mill. EUR;KAU007;Waren- und Dienstleistungskäufe;
48121;Statistik für kleine und mittlere Unternehmen;JAHR;Jahr;2013;DINSG;Deutschland insgesamt;DG;Deutschland;UNTGR2;Unternehmensgröße;UNT-0100;Mittlere Unternehmen;262641;Mill. EUR;BWS003;Bruttowertschöpfung zu Faktorkosten;e
48121;Statistik für kleine und mittlere Unternehmen;JAHR;Jahr;2013;DINSG;Deutschland insgesamt;DG;Deutschland;UNTGR2;Unternehmensgröße;UNT-0100;Mittlere Unternehmen;162282;EUR;UMS050;Umsatz je tätige Person;e
48121;Statistik für kleine und mittlere Unternehmen;JAHR;Jahr;2013;DINSG;Deutschland insgesamt;DG;Deutschland;UNTGR2;Unternehmensgröße;UNT-0100;Mittlere Unternehmen;52657;Anzahl;UNT007;Unternehmen mit Investitionen;e
48121;Statistik für kleine und mittlere Unternehmen;JAHR;Jahr;2013;DINSG;Deutschland insgesamt;DG;Deutschland;UNTGR2;Unternehmensgröße;UNT-0100;Mittlere Unternehmen;15973;EUR;BBU003;Bruttobetriebsüberschuss je tätige Person;e
48121;Statistik für kleine und mittlere Unternehmen;JAHR;Jahr;2013;DINSG;Deutschland insgesamt;DG;Deutschland;UNTGR2;Unternehmensgröße;UNT-0100;Mittlere Unternehmen;81805;Mill. EUR;BBU001;Bruttobetriebsüberschuss;e
48121;Statistik für kleine und mittlere Unternehmen;JAHR;Jahr;2013;DINSG;Deutschland insgesamt;DG;Deutschland;UNTGR2;Unternehmensgröße;UNT-0100;Mittlere Unternehmen;-;Mill. EUR;VRV001;Vorratsveränderungen bei Waren;
48121;Statistik für kleine und mittlere Unternehmen;JAHR;Jahr;2013;DINSG;Deutschland insgesamt;DG;Deutschland;UNTGR2;Unternehmensgröße;UNT-0100;Mittlere Unternehmen;51282;EUR;BWS010;Bruttowertschöpf. zu Faktorkosten je tätige Person;e
48121;Statistik für kleine und mittlere Unternehmen;JAHR;Jahr;2013;DINSG;Deutschland insgesamt;DG;Deutschland;UNTGR2;Unternehmensgröße;UNT-0100;Mittlere Unternehmen;.;Anzahl;UNT002;Unternehmen (EU);
48121;Statistik für kleine und mittlere Unternehmen;JAHR;Jahr;2012;DINSG;Deutschland insgesamt;DG;Deutschland;UNTGR2;Unternehmensgröße;;Insgesamt;2189713;Anzahl;UNT003;Unternehmen;e
48121;Statistik für kleine und mittlere Unternehmen;JAHR;Jahr;2012;DINSG;Deutschland insgesamt;DG;Deutschland;UNTGR2;Unternehmensgröße;;Insgesamt;.;Mill. EUR;AUFW05;Aufwendungen für Leiharbeitnehmer;
48121;Statistik für kleine und mittlere Unternehmen;JAHR;Jahr;2012;DINSG;Deutschland insgesamt;DG;Deutschland;UNTGR2;Unternehmensgröße;;Insgesamt;.;Mill. EUR;VST005;Bruttolöhne und -gehälter;
48121;Statistik für kleine und mittlere Unternehmen;JAHR;Jahr;2012;DINSG;Deutschland insgesamt;DG;Deutschland;UNTGR2;Unternehmensgröße;;Insgesamt;176188;Mill. EUR;INV018;Bruttoinvestitionen in Sachanlagen;e
48121;Statistik für kleine und mittlere Unternehmen;JAHR;Jahr;2012;DINSG;Deutschland insgesamt;DG;Deutschland;UNTGR2;Unternehmensgröße;;Insgesamt;5728921;Mill. EUR;UMS002;Umsatz;e
48121;Statistik für kleine und mittlere Unternehmen;JAHR;Jahr;2012;DINSG;Deutschland insgesamt;DG;Deutschland;UNTGR2;Unternehmensgröße;;Insgesamt;.;Anzahl;LGE001;Lohn- und Gehaltsempfänger;
48121;Statistik für kleine und mittlere Unternehmen;JAHR;Jahr;2012;DINSG;Deutschland insgesamt;DG;Deutschland;UNTGR2;Unternehmensgröße;;Insgesamt;6690;EUR;INV023;Bruttoinvestitionen in Sachanl. je tätige Person;e
48121;Statistik für kleine und mittlere Unternehmen;JAHR;Jahr;2012;DINSG;Deutschland insgesamt;DG;Deutschland;UNTGR2;Unternehmensgröße;;Insgesamt;-;Mill. EUR;KOS002;Kosten für Mieten und Pachten;
48121;Statistik für kleine und mittlere Unternehmen;JAHR;Jahr;2012;DINSG;Deutschland insgesamt;DG;Deutschland;UNTGR2;Unternehmensgröße;;Insgesamt;33319;EUR;PAW008;Personalaufwendungen je tätige Person;e
48121;Statistik für kleine und mittlere Unternehmen;JAHR;Jahr;2012;DINSG;Deutschland insgesamt;DG;Deutschland;UNTGR2;Unternehmensgröße;;Insgesamt;.;Mill. EUR;KAU008;Käufe v.Waren u.DL z.Wiederverk. i.unveränd. Zust.;
48121;Statistik für kleine und mittlere Unternehmen;JAHR;Jahr;2012;DINSG;Deutschland insgesamt;DG;Deutschland;UNTGR2;Unternehmensgröße;;Insgesamt;26335138;Anzahl;PER005;Tätige Personen;e
48121;Statistik für kleine und mittlere Unternehmen;JAHR;Jahr;2012;DINSG;Deutschland insgesamt;DG;Deutschland;UNTGR2;Unternehmensgröße;;Insgesamt;.;Mill. EUR;KOS026;Sozialversicherungskosten;
48121;Statistik für kleine und mittlere Unternehmen;JAHR;Jahr;2012;DINSG;Deutschland insgesamt;DG;Deutschland;UNTGR2;Unternehmensgröße;;Insgesamt;.;Anzahl;LGE002;Lohn- und Gehaltsempfänger in Vollzeiteinheiten;
48121;Statistik für kleine und mittlere Unternehmen;JAHR;Jahr;2012;DINSG;Deutschland insgesamt;DG;Deutschland;UNTGR2;Unternehmensgröße;;Insgesamt;877457;Mill. EUR;PAW002;Personalaufwendungen;e
48121;Statistik für kleine und mittlere Unternehmen;JAHR;Jahr;2012;DINSG;Deutschland insgesamt;DG;Deutschland;UNTGR2;Unternehmensgröße;;Insgesamt;.;Mill. EUR;PRO013;Produktionswert;
48121;Statistik für kleine und mittlere Unternehmen;JAHR;Jahr;2012;DINSG;Deutschland insgesamt;DG;Deutschland;UNTGR2;Unternehmensgröße;;Insgesamt;.;Mill. EUR;KAU007;Waren- und Dienstleistungskäufe;
48121;Statistik für kleine und mittlere Unternehmen;JAHR;Jahr;2012;DINSG;Deutschland insgesamt;DG;Deutschland;UNTGR2;Unternehmensgröße;;Insgesamt;1382669;Mill. EUR;BWS003;Bruttowertschöpfung zu Faktorkosten;e
48121;Statistik für kleine und mittlere Unternehmen;JAHR;Jahr;2012;DINSG;Deutschland insgesamt;DG;Deutschland;UNTGR2;Unternehmensgröße;;Insgesamt;217539;EUR;UMS050;Umsatz je tätige Person;e
48121;Statistik für kleine und mittlere Unternehmen;JAHR;Jahr;2012;DINSG;Deutschland insgesamt;DG;Deutschland;UNTGR2;Unternehmensgröße;;Insgesamt;1017307;Anzahl;UNT007;Unternehmen mit Investitionen;e
48121;Statistik für kleine und mittlere Unternehmen;JAHR;Jahr;2012;DINSG;Deutschland insgesamt;DG;Deutschland;UNTGR2;Unternehmensgröße;;Insgesamt;19053;EUR;BBU003;Bruttobetriebsüberschuss je tätige Person;e
48121;Statistik für kleine und mittlere Unternehmen;JAHR;Jahr;2012;DINSG;Deutschland insgesamt;DG;Deutschland;UNTGR2;Unternehmensgröße;;Insgesamt;501765;Mill. EUR;BBU001;Bruttobetriebsüberschuss;e
48121;Statistik für kleine und mittlere Unternehmen;JAHR;Jahr;2012;DINSG;Deutschland insgesamt;DG;Deutschland;UNTGR2;Unternehmensgröße;;Insgesamt;-;Mill. EUR;VRV001;Vorratsveränderungen bei Waren;
48121;Statistik für kleine und mittlere Unternehmen;JAHR;Jahr;2012;DINSG;Deutschland insgesamt;DG;Deutschland;UNTGR2;Unternehmensgröße;;Insgesamt;52503;EUR;BWS010;Bruttowertschöpf. zu Faktorkosten je tätige Person;e
48121;Statistik für kleine und mittlere Unternehmen;JAHR;Jahr;2012;DINSG;Deutschland insgesamt;DG;Deutschland;UNTGR2;Unternehmensgröße;;Insgesamt;.;Anzahl;UNT002;Unternehmen (EU);
48121;Statistik für kleine und mittlere Unternehmen;JAHR;Jahr;2012;DINSG;Deutschland insgesamt;DG;Deutschland;UNTGR2;Unternehmensgröße;UNT-0001;Kleinstunternehmen;1769678;Anzahl;UNT003;Unternehmen;e
48121;Statistik für kleine und mittlere Unternehmen;JAHR;Jahr;2012;DINSG;Deutschland insgesamt;DG;Deutschland;UNTGR2;Unternehmensgröße;UNT-0001;Kleinstunternehmen;.;Mill. EUR;AUFW05;Aufwendungen für Leiharbeitnehmer;
48121;Statistik für kleine und mittlere Unternehmen;JAHR;Jahr;2012;DINSG;Deutschland insgesamt;DG;Deutschland;UNTGR2;Unternehmensgröße;UNT-0001;Kleinstunternehmen;.;Mill. EUR;VST005;Bruttolöhne und -gehälter;
48121;Statistik für kleine und mittlere Unternehmen;JAHR;Jahr;2012;DINSG;Deutschland insgesamt;DG;Deutschland;UNTGR2;Unternehmensgröße;UNT-0001;Kleinstunternehmen;19380;Mill. EUR;INV018;Bruttoinvestitionen in Sachanlagen;e
48121;Statistik für kleine und mittlere Unternehmen;JAHR;Jahr;2012;DINSG;Deutschland insgesamt;DG;Deutschland;UNTGR2;Unternehmensgröße;UNT-0001;Kleinstunternehmen;360009;Mill. EUR;UMS002;Umsatz;e
48121;Statistik für kleine und mittlere Unternehmen;JAHR;Jahr;2012;DINSG;Deutschland insgesamt;DG;Deutschland;UNTGR2;Unternehmensgröße;UNT-0001;Kleinstunternehmen;.;Anzahl;LGE001;Lohn- und Gehaltsempfänger;
48121;Statistik für kleine und mittlere Unternehmen;JAHR;Jahr;2012;DINSG;Deutschland insgesamt;DG;Deutschland;UNTGR2;Unternehmensgröße;UNT-0001;Kleinstunternehmen;3986;EUR;INV023;Bruttoinvestitionen in Sachanl. je tätige Person;e
48121;Statistik für kleine und mittlere Unternehmen;JAHR;Jahr;2012;DINSG;Deutschland insgesamt;DG;Deutschland;UNTGR2;Unternehmensgröße;UNT-0001;Kleinstunternehmen;-;Mill. EUR;KOS002;Kosten für Mieten und Pachten;
48121;Statistik für kleine und mittlere Unternehmen;JAHR;Jahr;2012;DINSG;Deutschland insgesamt;DG;Deutschland;UNTGR2;Unternehmensgröße;UNT-0001;Kleinstunternehmen;12817;EUR;PAW008;Personalaufwendungen je tätige Person;e
48121;Statistik für kleine und mittlere Unternehmen;JAHR;Jahr;2012;DINSG;Deutschland insgesamt;DG;Deutschland;UNTGR2;Unternehmensgröße;UNT-0001;Kleinstunternehmen;.;Mill. EUR;KAU008;Käufe v.Waren u.DL z.Wiederverk. i.unveränd. Zust.;
48121;Statistik für kleine und mittlere Unternehmen;JAHR;Jahr;2012;DINSG;Deutschland insgesamt;DG;Deutschland;UNTGR2;Unternehmensgröße;UNT-0001;Kleinstunternehmen;4861563;Anzahl;PER005;Tätige Personen;e
48121;Statistik für kleine und mittlere Unternehmen;JAHR;Jahr;2012;DINSG;Deutschland insgesamt;DG;Deutschland;UNTGR2;Unternehmensgröße;UNT-0001;Kleinstunternehmen;.;Mill. EUR;KOS026;Sozialversicherungskosten;
48121;Statistik für kleine und mittlere Unternehmen;JAHR;Jahr;2012;DINSG;Deutschland insgesamt;DG;Deutschland;UNTGR2;Unternehmensgröße;UNT-0001;Kleinstunternehmen;.;Anzahl;LGE002;Lohn- und Gehaltsempfänger in Vollzeiteinheiten;
48121;Statistik für kleine und mittlere Unternehmen;JAHR;Jahr;2012;DINSG;Deutschland insgesamt;DG;Deutschland;UNTGR2;Unternehmensgröße;UNT-0001;Kleinstunternehmen;62313;Mill. EUR;PAW002;Personalaufwendungen;e
48121;Statistik für kleine und mittlere Unternehmen;JAHR;Jahr;2012;DINSG;Deutschland insgesamt;DG;Deutschland;UNTGR2;Unternehmensgröße;UNT-0001;Kleinstunternehmen;.;Mill. EUR;PRO013;Produktionswert;
48121;Statistik für kleine und mittlere Unternehmen;JAHR;Jahr;2012;DINSG;Deutschland insgesamt;DG;Deutschland;UNTGR2;Unternehmensgröße;UNT-0001;Kleinstunternehmen;.;Mill. EUR;KAU007;Waren- und Dienstleistungskäufe;
48121;Statistik für kleine und mittlere Unternehmen;JAHR;Jahr;2012;DINSG;Deutschland insgesamt;DG;Deutschland;UNTGR2;Unternehmensgröße;UNT-0001;Kleinstunternehmen;160653;Mill. EUR;BWS003;Bruttowertschöpfung zu Faktorkosten;e
48121;Statistik für kleine und mittlere Unternehmen;JAHR;Jahr;2012;DINSG;Deutschland insgesamt;DG;Deutschland;UNTGR2;Unternehmensgröße;UNT-0001;Kleinstunternehmen;74052;EUR;UMS050;Umsatz je tätige Person;e
48121;Statistik für kleine und mittlere Unternehmen;JAHR;Jahr;2012;DINSG;Deutschland insgesamt;DG;Deutschland;UNTGR2;Unternehmensgröße;UNT-0001;Kleinstunternehmen;703424;Anzahl;UNT007;Unternehmen mit Investitionen;e
48121;Statistik für kleine und mittlere Unternehmen;JAHR;Jahr;2012;DINSG;Deutschland insgesamt;DG;Deutschland;UNTGR2;Unternehmensgröße;UNT-0001;Kleinstunternehmen;20193;EUR;BBU003;Bruttobetriebsüberschuss je tätige Person;e
48121;Statistik für kleine und mittlere Unternehmen;JAHR;Jahr;2012;DINSG;Deutschland insgesamt;DG;Deutschland;UNTGR2;Unternehmensgröße;UNT-0001;Kleinstunternehmen;98168;Mill. EUR;BBU001;Bruttobetriebsüberschuss;e
48121;Statistik für kleine und mittlere Unternehmen;JAHR;Jahr;2012;DINSG;Deutschland insgesamt;DG;Deutschland;UNTGR2;Unternehmensgröße;UNT-0001;Kleinstunternehmen;-;Mill. EUR;VRV001;Vorratsveränderungen bei Waren;
48121;Statistik für kleine und mittlere Unternehmen;JAHR;Jahr;2012;DINSG;Deutschland insgesamt;DG;Deutschland;UNTGR2;Unternehmensgröße;UNT-0001;Kleinstunternehmen;33045;EUR;BWS010;Bruttowertschöpf. zu Faktorkosten je tätige Person;e
48121;Statistik für kleine und mittlere Unternehmen;JAHR;Jahr;2012;DINSG;Deutschland insgesamt;DG;Deutschland;UNTGR2;Unternehmensgröße;UNT-0001;Kleinstunternehmen;.;Anzahl;UNT002;Unternehmen (EU);
48121;Statistik für kleine und mittlere Unternehmen;JAHR;Jahr;2019;DINSG;Deutschland insgesamt;DG;Deutschland;UNTGR2;Unternehmensgröße;UNT-0100;Mittlere Unternehmen;-;Anzahl;UNT003;Unternehmen;
48121;Statistik für kleine und mittlere Unternehmen;JAHR;Jahr;2019;DINSG;Deutschland insgesamt;DG;Deutschland;UNTGR2;Unternehmensgröße;UNT-0100;Mittlere Unternehmen;4598;Mill. EUR;AUFW05;Aufwendungen für Leiharbeitnehmer;e
48121;Statistik für kleine und mittlere Unternehmen;JAHR;Jahr;2019;DINSG;Deutschland insgesamt;DG;Deutschland;UNTGR2;Unternehmensgröße;UNT-0100;Mittlere Unternehmen;166297;Mill. EUR;VST005;Bruttolöhne und -gehälter;e
48121;Statistik für kleine und mittlere Unternehmen;JAHR;Jahr;2019;DINSG;Deutschland insgesamt;DG;Deutschland;UNTGR2;Unternehmensgröße;UNT-0100;Mittlere Unternehmen;38161;Mill. EUR;INV018;Bruttoinvestitionen in Sachanlagen;e
48121;Statistik für kleine und mittlere Unternehmen;JAHR;Jahr;2019;DINSG;Deutschland insgesamt;DG;Deutschland;UNTGR2;Unternehmensgröße;UNT-0100;Mittlere Unternehmen;863323;Mill. EUR;UMS002;Umsatz;e
48121;Statistik für kleine und mittlere Unternehmen;JAHR;Jahr;2019;DINSG;Deutschland insgesamt;DG;Deutschland;UNTGR2;Unternehmensgröße;UNT-0100;Mittlere Unternehmen;5170308;Anzahl;LGE001;Lohn- und Gehaltsempfänger;e
48121;Statistik für kleine und mittlere Unternehmen;JAHR;Jahr;2019;DINSG;Deutschland insgesamt;DG;Deutschland;UNTGR2;Unternehmensgröße;UNT-0100;Mittlere Unternehmen;7270;EUR;INV023;Bruttoinvestitionen in Sachanl. je tätige Person;e
48121;Statistik für kleine und mittlere Unternehmen;JAHR;Jahr;2019;DINSG;Deutschland insgesamt;DG;Deutschland;UNTGR2;Unternehmensgröße;UNT-0100;Mittlere Unternehmen;-;Mill. EUR;KOS002;Kosten für Mieten und Pachten;
48121;Statistik für kleine und mittlere Unternehmen;JAHR;Jahr;2019;DINSG;Deutschland insgesamt;DG;Deutschland;UNTGR2;Unternehmensgröße;UNT-0100;Mittlere Unternehmen;38441;EUR;PAW008;Personalaufwendungen je tätige Person;e
48121;Statistik für kleine und mittlere Unternehmen;JAHR;Jahr;2019;DINSG;Deutschland insgesamt;DG;Deutschland;UNTGR2;Unternehmensgröße;UNT-0100;Mittlere Unternehmen;272839;Mill. EUR;KAU008;Käufe v.Waren u.DL z.Wiederverk. i.unveränd. Zust.;e
48121;Statistik für kleine und mittlere Unternehmen;JAHR;Jahr;2019;DINSG;Deutschland insgesamt;DG;Deutschland;UNTGR2;Unternehmensgröße;UNT-0100;Mittlere Unternehmen;5249140;Anzahl;PER005;Tätige Personen;e
48121;Statistik für kleine und mittlere Unternehmen;JAHR;Jahr;2019;DINSG;Deutschland insgesamt;DG;Deutschland;UNTGR2;Unternehmensgröße;UNT-0100;Mittlere Unternehmen;35487;Mill. EUR;KOS026;Sozialversicherungskosten;e
48121;Statistik für kleine und mittlere Unternehmen;JAHR;Jahr;2019;DINSG;Deutschland insgesamt;DG;Deutschland;UNTGR2;Unternehmensgröße;UNT-0100;Mittlere Unternehmen;4340087;Anzahl;LGE002;Lohn- und Gehaltsempfänger in Vollzeiteinheiten;e
48121;Statistik für kleine und mittlere Unternehmen;JAHR;Jahr;2019;DINSG;Deutschland insgesamt;DG;Deutschland;UNTGR2;Unternehmensgröße;UNT-0100;Mittlere Unternehmen;201784;Mill. EUR;PAW002;Personalaufwendungen;e
48121;Statistik für kleine und mittlere Unternehmen;JAHR;Jahr;2019;DINSG;Deutschland insgesamt;DG;Deutschland;UNTGR2;Unternehmensgröße;UNT-0100;Mittlere Unternehmen;603748;Mill. EUR;PRO013;Produktionswert;e
48121;Statistik für kleine und mittlere Unternehmen;JAHR;Jahr;2019;DINSG;Deutschland insgesamt;DG;Deutschland;UNTGR2;Unternehmensgröße;UNT-0100;Mittlere Unternehmen;571369;Mill. EUR;KAU007;Waren- und Dienstleistungskäufe;e
48121;Statistik für kleine und mittlere Unternehmen;JAHR;Jahr;2019;DINSG;Deutschland insgesamt;DG;Deutschland;UNTGR2;Unternehmensgröße;UNT-0100;Mittlere Unternehmen;299470;Mill. EUR;BWS003;Bruttowertschöpfung zu Faktorkosten;e
48121;Statistik für kleine und mittlere Unternehmen;JAHR;Jahr;2019;DINSG;Deutschland insgesamt;DG;Deutschland;UNTGR2;Unternehmensgröße;UNT-0100;Mittlere Unternehmen;164469;EUR;UMS050;Umsatz je tätige Person;e
48121;Statistik für kleine und mittlere Unternehmen;JAHR;Jahr;2019;DINSG;Deutschland insgesamt;DG;Deutschland;UNTGR2;Unternehmensgröße;UNT-0100;Mittlere Unternehmen;57189;Anzahl;UNT007;Unternehmen mit Investitionen;e
48121;Statistik für kleine und mittlere Unternehmen;JAHR;Jahr;2019;DINSG;Deutschland insgesamt;DG;Deutschland;UNTGR2;Unternehmensgröße;UNT-0100;Mittlere Unternehmen;18610;EUR;BBU003;Bruttobetriebsüberschuss je tätige Person;e
48121;Statistik für kleine und mittlere Unternehmen;JAHR;Jahr;2019;DINSG;Deutschland insgesamt;DG;Deutschland;UNTGR2;Unternehmensgröße;UNT-0100;Mittlere Unternehmen;97686;Mill. EUR;BBU001;Bruttobetriebsüberschuss;e
48121;Statistik für kleine und mittlere Unternehmen;JAHR;Jahr;2019;DINSG;Deutschland insgesamt;DG;Deutschland;UNTGR2;Unternehmensgröße;UNT-0100;Mittlere Unternehmen;-;Mill. EUR;VRV001;Vorratsveränderungen bei Waren;
48121;Statistik für kleine und mittlere Unternehmen;JAHR;Jahr;2019;DINSG;Deutschland insgesamt;DG;Deutschland;UNTGR2;Unternehmensgröße;UNT-0100;Mittlere Unternehmen;57051;EUR;BWS010;Bruttowertschöpf. zu Faktorkosten je tätige Person;e
48121;Statistik für kleine und mittlere Unternehmen;JAHR;Jahr;2019;DINSG;Deutschland insgesamt;DG;Deutschland;UNTGR2;Unternehmensgröße;UNT-0100;Mittlere Unternehmen;66596;Anzahl;UNT002;Unternehmen (EU);e
48121;Statistik für kleine und mittlere Unternehmen;JAHR;Jahr;2018;DINSG;Deutschland insgesamt;DG;Deutschland;UNTGR2;Unternehmensgröße;;Insgesamt;-;Anzahl;UNT003;Unternehmen;
48121;Statistik für kleine und mittlere Unternehmen;JAHR;Jahr;2018;DINSG;Deutschland insgesamt;DG;Deutschland;UNTGR2;Unternehmensgröße;;Insgesamt;34390;Mill. EUR;AUFW05;Aufwendungen für Leiharbeitnehmer;e
48121;Statistik für kleine und mittlere Unternehmen;JAHR;Jahr;2018;DINSG;Deutschland insgesamt;DG;Deutschland;UNTGR2;Unternehmensgröße;;Insgesamt;966659;Mill. EUR;VST005;Bruttolöhne und -gehälter;e
48121;Statistik für kleine und mittlere Unternehmen;JAHR;Jahr;2018;DINSG;Deutschland insgesamt;DG;Deutschland;UNTGR2;Unternehmensgröße;;Insgesamt;285361;Mill. EUR;INV018;Bruttoinvestitionen in Sachanlagen;e
48121;Statistik für kleine und mittlere Unternehmen;JAHR;Jahr;2018;DINSG;Deutschland insgesamt;DG;Deutschland;UNTGR2;Unternehmensgröße;;Insgesamt;6830401;Mill. EUR;UMS002;Umsatz;e
48121;Statistik für kleine und mittlere Unternehmen;JAHR;Jahr;2018;DINSG;Deutschland insgesamt;DG;Deutschland;UNTGR2;Unternehmensgröße;;Insgesamt;28392620;Anzahl;LGE001;Lohn- und Gehaltsempfänger;e
48121;Statistik für kleine und mittlere Unternehmen;JAHR;Jahr;2018;DINSG;Deutschland insgesamt;DG;Deutschland;UNTGR2;Unternehmensgröße;;Insgesamt;9169;EUR;INV023;Bruttoinvestitionen in Sachanl. je tätige Person;e
48121;Statistik für kleine und mittlere Unternehmen;JAHR;Jahr;2018;DINSG;Deutschland insgesamt;DG;Deutschland;UNTGR2;Unternehmensgröße;;Insgesamt;-;Mill. EUR;KOS002;Kosten für Mieten und Pachten;
48121;Statistik für kleine und mittlere Unternehmen;JAHR;Jahr;2018;DINSG;Deutschland insgesamt;DG;Deutschland;UNTGR2;Unternehmensgröße;;Insgesamt;37869;EUR;PAW008;Personalaufwendungen je tätige Person;e
48121;Statistik für kleine und mittlere Unternehmen;JAHR;Jahr;2018;DINSG;Deutschland insgesamt;DG;Deutschland;UNTGR2;Unternehmensgröße;;Insgesamt;2207646;Mill. EUR;KAU008;Käufe v.Waren u.DL z.Wiederverk. i.unveränd. Zust.;e
48121;Statistik für kleine und mittlere Unternehmen;JAHR;Jahr;2018;DINSG;Deutschland insgesamt;DG;Deutschland;UNTGR2;Unternehmensgröße;;Insgesamt;31120840;Anzahl;PER005;Tätige Personen;e
48121;Statistik für kleine und mittlere Unternehmen;JAHR;Jahr;2018;DINSG;Deutschland insgesamt;DG;Deutschland;UNTGR2;Unternehmensgröße;;Insgesamt;211846;Mill. EUR;KOS026;Sozialversicherungskosten;e
48121;Statistik für kleine und mittlere Unternehmen;JAHR;Jahr;2018;DINSG;Deutschland insgesamt;DG;Deutschland;UNTGR2;Unternehmensgröße;;Insgesamt;23486305;Anzahl;LGE002;Lohn- und Gehaltsempfänger in Vollzeiteinheiten;e
48121;Statistik für kleine und mittlere Unternehmen;JAHR;Jahr;2018;DINSG;Deutschland insgesamt;DG;Deutschland;UNTGR2;Unternehmensgröße;;Insgesamt;1178505;Mill. EUR;PAW002;Personalaufwendungen;e
48121;Statistik für kleine und mittlere Unternehmen;JAHR;Jahr;2018;DINSG;Deutschland insgesamt;DG;Deutschland;UNTGR2;Unternehmensgröße;;Insgesamt;4701556;Mill. EUR;PRO013;Produktionswert;e
48121;Statistik für kleine und mittlere Unternehmen;JAHR;Jahr;2018;DINSG;Deutschland insgesamt;DG;Deutschland;UNTGR2;Unternehmensgröße;;Insgesamt;4990023;Mill. EUR;KAU007;Waren- und Dienstleistungskäufe;e
48121;Statistik für kleine und mittlere Unternehmen;JAHR;Jahr;2018;DINSG;Deutschland insgesamt;DG;Deutschland;UNTGR2;Unternehmensgröße;;Insgesamt;1857661;Mill. EUR;BWS003;Bruttowertschöpfung zu Faktorkosten;e
48121;Statistik für kleine und mittlere Unternehmen;JAHR;Jahr;2018;DINSG;Deutschland insgesamt;DG;Deutschland;UNTGR2;Unternehmensgröße;;Insgesamt;219480;EUR;UMS050;Umsatz je tätige Person;e
48121;Statistik für kleine und mittlere Unternehmen;JAHR;Jahr;2018;DINSG;Deutschland insgesamt;DG;Deutschland;UNTGR2;Unternehmensgröße;;Insgesamt;1155811;Anzahl;UNT007;Unternehmen mit Investitionen;e
48121;Statistik für kleine und mittlere Unternehmen;JAHR;Jahr;2018;DINSG;Deutschland insgesamt;DG;Deutschland;UNTGR2;Unternehmensgröße;;Insgesamt;21823;EUR;BBU003;Bruttobetriebsüberschuss je tätige Person;e
48121;Statistik für kleine und mittlere Unternehmen;JAHR;Jahr;2018;DINSG;Deutschland insgesamt;DG;Deutschland;UNTGR2;Unternehmensgröße;;Insgesamt;679156;Mill. EUR;BBU001;Bruttobetriebsüberschuss;e
48121;Statistik für kleine und mittlere Unternehmen;JAHR;Jahr;2018;DINSG;Deutschland insgesamt;DG;Deutschland;UNTGR2;Unternehmensgröße;;Insgesamt;-;Mill. EUR;VRV001;Vorratsveränderungen bei Waren;
48121;Statistik für kleine und mittlere Unternehmen;JAHR;Jahr;2018;DINSG;Deutschland insgesamt;DG;Deutschland;UNTGR2;Unternehmensgröße;;Insgesamt;59692;EUR;BWS010;Bruttowertschöpf. zu Faktorkosten je tätige Person;e
48121;Statistik für kleine und mittlere Unternehmen;JAHR;Jahr;2018;DINSG;Deutschland insgesamt;DG;Deutschland;UNTGR2;Unternehmensgröße;;Insgesamt;2600925;Anzahl;UNT002;Unternehmen (EU);e
48121;Statistik für kleine und mittlere Unternehmen;JAHR;Jahr;2024;DINSG;Deutschland insgesamt;DG;Deutschland;UNTGR2;Unternehmensgröße;UNT-0010;Kleine Unternehmen;-;Anzahl;UNT003;Unternehmen;
48121;Statistik für kleine und mittlere Unternehmen;JAHR;Jahr;2024;DINSG;Deutschland insgesamt;DG;Deutschland;UNTGR2;Unternehmensgröße;UNT-0010;Kleine Unternehmen;2773;Mill. EUR;AUFW05;Aufwendungen für Leiharbeitnehmer;e
48121;Statistik für kleine und mittlere Unternehmen;JAHR;Jahr;2024;DINSG;Deutschland insgesamt;DG;Deutschland;UNTGR2;Unternehmensgröße;UNT-0010;Kleine Unternehmen;234369;Mill. EUR;VST005;Bruttolöhne und -gehälter;e
48121;Statistik für kleine und mittlere Unternehmen;JAHR;Jahr;2024;DINSG;Deutschland insgesamt;DG;Deutschland;UNTGR2;Unternehmensgröße;UNT-0010;Kleine Unternehmen;83883;Mill. EUR;INV018;Bruttoinvestitionen in Sachanlagen;e
48121;Statistik für kleine und mittlere Unternehmen;JAHR;Jahr;2024;DINSG;Deutschland insgesamt;DG;Deutschland;UNTGR2;Unternehmensgröße;UNT-0010;Kleine Unternehmen;968542;Mill. EUR;UMS002;Umsatz;e
48121;Statistik für kleine und mittlere Unternehmen;JAHR;Jahr;2024;DINSG;Deutschland insgesamt;DG;Deutschland;UNTGR2;Unternehmensgröße;UNT-0010;Kleine Unternehmen;7443205;Anzahl;LGE001;Lohn- und Gehaltsempfänger;e
48121;Statistik für kleine und mittlere Unternehmen;JAHR;Jahr;2024;DINSG;Deutschland insgesamt;DG;Deutschland;UNTGR2;Unternehmensgröße;UNT-0010;Kleine Unternehmen;10617;EUR;INV023;Bruttoinvestitionen in Sachanl. je tätige Person;e
48121;Statistik für kleine und mittlere Unternehmen;JAHR;Jahr;2024;DINSG;Deutschland insgesamt;DG;Deutschland;UNTGR2;Unternehmensgröße;UNT-0010;Kleine Unternehmen;32887;Mill. EUR;KOS002;Kosten für Mieten und Pachten;e
48121;Statistik für kleine und mittlere Unternehmen;JAHR;Jahr;2024;DINSG;Deutschland insgesamt;DG;Deutschland;UNTGR2;Unternehmensgröße;UNT-0010;Kleine Unternehmen;36586;EUR;PAW008;Personalaufwendungen je tätige Person;e
48121;Statistik für kleine und mittlere Unternehmen;JAHR;Jahr;2024;DINSG;Deutschland insgesamt;DG;Deutschland;UNTGR2;Unternehmensgröße;UNT-0010;Kleine Unternehmen;221651;Mill. EUR;KAU008;Käufe v.Waren u.DL z.Wiederverk. i.unveränd. Zust.;e
48121;Statistik für kleine und mittlere Unternehmen;JAHR;Jahr;2024;DINSG;Deutschland insgesamt;DG;Deutschland;UNTGR2;Unternehmensgröße;UNT-0010;Kleine Unternehmen;7901088;Anzahl;PER005;Tätige Personen;e
48121;Statistik für kleine und mittlere Unternehmen;JAHR;Jahr;2024;DINSG;Deutschland insgesamt;DG;Deutschland;UNTGR2;Unternehmensgröße;UNT-0010;Kleine Unternehmen;54699;Mill. EUR;KOS026;Sozialversicherungskosten;e
48121;Statistik für kleine und mittlere Unternehmen;JAHR;Jahr;2024;DINSG;Deutschland insgesamt;DG;Deutschland;UNTGR2;Unternehmensgröße;UNT-0010;Kleine Unternehmen;5883314;Anzahl;LGE002;Lohn- und Gehaltsempfänger in Vollzeiteinheiten;e
48121;Statistik für kleine und mittlere Unternehmen;JAHR;Jahr;2024;DINSG;Deutschland insgesamt;DG;Deutschland;UNTGR2;Unternehmensgröße;UNT-0010;Kleine Unternehmen;289069;Mill. EUR;PAW002;Personalaufwendungen;e
48121;Statistik für kleine und mittlere Unternehmen;JAHR;Jahr;2024;DINSG;Deutschland insgesamt;DG;Deutschland;UNTGR2;Unternehmensgröße;UNT-0010;Kleine Unternehmen;758637;Mill. EUR;PRO013;Produktionswert;e
48121;Statistik für kleine und mittlere Unternehmen;JAHR;Jahr;2024;DINSG;Deutschland insgesamt;DG;Deutschland;UNTGR2;Unternehmensgröße;UNT-0010;Kleine Unternehmen;530594;Mill. EUR;KAU007;Waren- und Dienstleistungskäufe;e
48121;Statistik für kleine und mittlere Unternehmen;JAHR;Jahr;2024;DINSG;Deutschland insgesamt;DG;Deutschland;UNTGR2;Unternehmensgröße;UNT-0010;Kleine Unternehmen;446924;Mill. EUR;BWS003;Bruttowertschöpfung zu Faktorkosten;e
48121;Statistik für kleine und mittlere Unternehmen;JAHR;Jahr;2024;DINSG;Deutschland insgesamt;DG;Deutschland;UNTGR2;Unternehmensgröße;UNT-0010;Kleine Unternehmen;122583;EUR;UMS050;Umsatz je tätige Person;e
48121;Statistik für kleine und mittlere Unternehmen;JAHR;Jahr;2024;DINSG;Deutschland insgesamt;DG;Deutschland;UNTGR2;Unternehmensgröße;UNT-0010;Kleine Unternehmen;70933;Anzahl;UNT007;Unternehmen mit Investitionen;e
48121;Statistik für kleine und mittlere Unternehmen;JAHR;Jahr;2024;DINSG;Deutschland insgesamt;DG;Deutschland;UNTGR2;Unternehmensgröße;UNT-0010;Kleine Unternehmen;19979;EUR;BBU003;Bruttobetriebsüberschuss je tätige Person;e
48121;Statistik für kleine und mittlere Unternehmen;JAHR;Jahr;2024;DINSG;Deutschland insgesamt;DG;Deutschland;UNTGR2;Unternehmensgröße;UNT-0010;Kleine Unternehmen;157855;Mill. EUR;BBU001;Bruttobetriebsüberschuss;e
48121;Statistik für kleine und mittlere Unternehmen;JAHR;Jahr;2024;DINSG;Deutschland insgesamt;DG;Deutschland;UNTGR2;Unternehmensgröße;UNT-0010;Kleine Unternehmen;4962;Mill. EUR;VRV001;Vorratsveränderungen bei Waren;e
48121;Statistik für kleine und mittlere Unternehmen;JAHR;Jahr;2024;DINSG;Deutschland insgesamt;DG;Deutschland;UNTGR2;Unternehmensgröße;UNT-0010;Kleine Unternehmen;56565;EUR;BWS010;Bruttowertschöpf. zu Faktorkosten je tätige Person;e
48121;Statistik für kleine und mittlere Unternehmen;JAHR;Jahr;2024;DINSG;Deutschland insgesamt;DG;Deutschland;UNTGR2;Unternehmensgröße;UNT-0010;Kleine Unternehmen;452430;Anzahl;UNT002;Unternehmen (EU);e
48121;Statistik für kleine und mittlere Unternehmen;JAHR;Jahr;2018;DINSG;Deutschland insgesamt;DG;Deutschland;UNTGR2;Unternehmensgröße;UNT-0001;Kleinstunternehmen;-;Anzahl;UNT003;Unternehmen;
48121;Statistik für kleine und mittlere Unternehmen;JAHR;Jahr;2018;DINSG;Deutschland insgesamt;DG;Deutschland;UNTGR2;Unternehmensgröße;UNT-0001;Kleinstunternehmen;720;Mill. EUR;AUFW05;Aufwendungen für Leiharbeitnehmer;e
48121;Statistik für kleine und mittlere Unternehmen;JAHR;Jahr;2018;DINSG;Deutschland insgesamt;DG;Deutschland;UNTGR2;Unternehmensgröße;UNT-0001;Kleinstunternehmen;66059;Mill. EUR;VST005;Bruttolöhne und -gehälter;e
48121;Statistik für kleine und mittlere Unternehmen;JAHR;Jahr;2018;DINSG;Deutschland insgesamt;DG;Deutschland;UNTGR2;Unternehmensgröße;UNT-0001;Kleinstunternehmen;37027;Mill. EUR;INV018;Bruttoinvestitionen in Sachanlagen;e
48121;Statistik für kleine und mittlere Unternehmen;JAHR;Jahr;2018;DINSG;Deutschland insgesamt;DG;Deutschland;UNTGR2;Unternehmensgröße;UNT-0001;Kleinstunternehmen;453405;Mill. EUR;UMS002;Umsatz;e
48121;Statistik für kleine und mittlere Unternehmen;JAHR;Jahr;2018;DINSG;Deutschland insgesamt;DG;Deutschland;UNTGR2;Unternehmensgröße;UNT-0001;Kleinstunternehmen;3484941;Anzahl;LGE001;Lohn- und Gehaltsempfänger;e
48121;Statistik für kleine und mittlere Unternehmen;JAHR;Jahr;2018;DINSG;Deutschland insgesamt;DG;Deutschland;UNTGR2;Unternehmensgröße;UNT-0001;Kleinstunternehmen;6471;EUR;INV023;Bruttoinvestitionen in Sachanl. je tätige Person;e
48121;Statistik für kleine und mittlere Unternehmen;JAHR;Jahr;2018;DINSG;Deutschland insgesamt;DG;Deutschland;UNTGR2;Unternehmensgröße;UNT-0001;Kleinstunternehmen;-;Mill. EUR;KOS002;Kosten für Mieten und Pachten;
48121;Statistik für kleine und mittlere Unternehmen;JAHR;Jahr;2018;DINSG;Deutschland insgesamt;DG;Deutschland;UNTGR2;Unternehmensgröße;UNT-0001;Kleinstunternehmen;14184;EUR;PAW008;Personalaufwendungen je tätige Person;e
48121;Statistik für kleine und mittlere Unternehmen;JAHR;Jahr;2018;DINSG;Deutschland insgesamt;DG;Deutschland;UNTGR2;Unternehmensgröße;UNT-0001;Kleinstunternehmen;103277;Mill. EUR;KAU008;Käufe v.Waren u.DL z.Wiederverk. i.unveränd. Zust.;e
48121;Statistik für kleine und mittlere Unternehmen;JAHR;Jahr;2018;DINSG;Deutschland insgesamt;DG;Deutschland;UNTGR2;Unternehmensgröße;UNT-0001;Kleinstunternehmen;5721920;Anzahl;PER005;Tätige Personen;e
48121;Statistik für kleine und mittlere Unternehmen;JAHR;Jahr;2018;DINSG;Deutschland insgesamt;DG;Deutschland;UNTGR2;Unternehmensgröße;UNT-0001;Kleinstunternehmen;15100;Mill. EUR;KOS026;Sozialversicherungskosten;e
48121;Statistik für kleine und mittlere Unternehmen;JAHR;Jahr;2018;DINSG;Deutschland insgesamt;DG;Deutschland;UNTGR2;Unternehmensgröße;UNT-0001;Kleinstunternehmen;2614836;Anzahl;LGE002;Lohn- und Gehaltsempfänger in Vollzeiteinheiten;e
48121;Statistik für kleine und mittlere Unternehmen;JAHR;Jahr;2018;DINSG;Deutschland insgesamt;DG;Deutschland;UNTGR2;Unternehmensgröße;UNT-0001;Kleinstunternehmen;81159;Mill. EUR;PAW002;Personalaufwendungen;e
48121;Statistik für kleine und mittlere Unternehmen;JAHR;Jahr;2018;DINSG;Deutschland insgesamt;DG;Deutschland;UNTGR2;Unternehmensgröße;UNT-0001;Kleinstunternehmen;355302;Mill. EUR;PRO013;Produktionswert;e
48121;Statistik für kleine und mittlere Unternehmen;JAHR;Jahr;2018;DINSG;Deutschland insgesamt;DG;Deutschland;UNTGR2;Unternehmensgröße;UNT-0001;Kleinstunternehmen;244813;Mill. EUR;KAU007;Waren- und Dienstleistungskäufe;e
48121;Statistik für kleine und mittlere Unternehmen;JAHR;Jahr;2018;DINSG;Deutschland insgesamt;DG;Deutschland;UNTGR2;Unternehmensgröße;UNT-0001;Kleinstunternehmen;204966;Mill. EUR;BWS003;Bruttowertschöpfung zu Faktorkosten;e
48121;Statistik für kleine und mittlere Unternehmen;JAHR;Jahr;2018;DINSG;Deutschland insgesamt;DG;Deutschland;UNTGR2;Unternehmensgröße;UNT-0001;Kleinstunternehmen;79240;EUR;UMS050;Umsatz je tätige Person;e
48121;Statistik für kleine und mittlere Unternehmen;JAHR;Jahr;2018;DINSG;Deutschland insgesamt;DG;Deutschland;UNTGR2;Unternehmensgröße;UNT-0001;Kleinstunternehmen;800714;Anzahl;UNT007;Unternehmen mit Investitionen;e
48121;Statistik für kleine und mittlere Unternehmen;JAHR;Jahr;2018;DINSG;Deutschland insgesamt;DG;Deutschland;UNTGR2;Unternehmensgröße;UNT-0001;Kleinstunternehmen;21637;EUR;BBU003;Bruttobetriebsüberschuss je tätige Person;e
48121;Statistik für kleine und mittlere Unternehmen;JAHR;Jahr;2018;DINSG;Deutschland insgesamt;DG;Deutschland;UNTGR2;Unternehmensgröße;UNT-0001;Kleinstunternehmen;123807;Mill. EUR;BBU001;Bruttobetriebsüberschuss;e
48121;Statistik für kleine und mittlere Unternehmen;JAHR;Jahr;2018;DINSG;Deutschland insgesamt;DG;Deutschland;UNTGR2;Unternehmensgröße;UNT-0001;Kleinstunternehmen;-;Mill. EUR;VRV001;Vorratsveränderungen bei Waren;
48121;Statistik für kleine und mittlere Unternehmen;JAHR;Jahr;2018;DINSG;Deutschland insgesamt;DG;Deutschland;UNTGR2;Unternehmensgröße;UNT-0001;Kleinstunternehmen;35821;EUR;BWS010;Bruttowertschöpf. zu Faktorkosten je tätige Person;e
48121;Statistik für kleine und mittlere Unternehmen;JAHR;Jahr;2018;DINSG;Deutschland insgesamt;DG;Deutschland;UNTGR2;Unternehmensgröße;UNT-0001;Kleinstunternehmen;2126937;Anzahl;UNT002;Unternehmen (EU);e
48121;Statistik für kleine und mittlere Unternehmen;JAHR;Jahr;2022;DINSG;Deutschland insgesamt;DG;Deutschland;UNTGR2;Unternehmensgröße;UNT-0010;Kleine Unternehmen;-;Anzahl;UNT003;Unternehmen;
48121;Statistik für kleine und mittlere Unternehmen;JAHR;Jahr;2022;DINSG;Deutschland insgesamt;DG;Deutschland;UNTGR2;Unternehmensgröße;UNT-0010;Kleine Unternehmen;2744;Mill. EUR;AUFW05;Aufwendungen für Leiharbeitnehmer;e
48121;Statistik für kleine und mittlere Unternehmen;JAHR;Jahr;2022;DINSG;Deutschland insgesamt;DG;Deutschland;UNTGR2;Unternehmensgröße;UNT-0010;Kleine Unternehmen;210682;Mill. EUR;VST005;Bruttolöhne und -gehälter;e
48121;Statistik für kleine und mittlere Unternehmen;JAHR;Jahr;2022;DINSG;Deutschland insgesamt;DG;Deutschland;UNTGR2;Unternehmensgröße;UNT-0010;Kleine Unternehmen;65774;Mill. EUR;INV018;Bruttoinvestitionen in Sachanlagen;e
48121;Statistik für kleine und mittlere Unternehmen;JAHR;Jahr;2022;DINSG;Deutschland insgesamt;DG;Deutschland;UNTGR2;Unternehmensgröße;UNT-0010;Kleine Unternehmen;969658;Mill. EUR;UMS002;Umsatz;e
48121;Statistik für kleine und mittlere Unternehmen;JAHR;Jahr;2022;DINSG;Deutschland insgesamt;DG;Deutschland;UNTGR2;Unternehmensgröße;UNT-0010;Kleine Unternehmen;7302993;Anzahl;LGE001;Lohn- und Gehaltsempfänger;e
48121;Statistik für kleine und mittlere Unternehmen;JAHR;Jahr;2022;DINSG;Deutschland insgesamt;DG;Deutschland;UNTGR2;Unternehmensgröße;UNT-0010;Kleine Unternehmen;8489;EUR;INV023;Bruttoinvestitionen in Sachanl. je tätige Person;e
48121;Statistik für kleine und mittlere Unternehmen;JAHR;Jahr;2022;DINSG;Deutschland insgesamt;DG;Deutschland;UNTGR2;Unternehmensgröße;UNT-0010;Kleine Unternehmen;44701;Mill. EUR;KOS002;Kosten für Mieten und Pachten;e
48121;Statistik für kleine und mittlere Unternehmen;JAHR;Jahr;2022;DINSG;Deutschland insgesamt;DG;Deutschland;UNTGR2;Unternehmensgröße;UNT-0010;Kleine Unternehmen;33281;EUR;PAW008;Personalaufwendungen je tätige Person;e
48121;Statistik für kleine und mittlere Unternehmen;JAHR;Jahr;2022;DINSG;Deutschland insgesamt;DG;Deutschland;UNTGR2;Unternehmensgröße;UNT-0010;Kleine Unternehmen;242443;Mill. EUR;KAU008;Käufe v.Waren u.DL z.Wiederverk. i.unveränd. Zust.;e
48121;Statistik für kleine und mittlere Unternehmen;JAHR;Jahr;2022;DINSG;Deutschland insgesamt;DG;Deutschland;UNTGR2;Unternehmensgröße;UNT-0010;Kleine Unternehmen;7748264;Anzahl;PER005;Tätige Personen;e
48121;Statistik für kleine und mittlere Unternehmen;JAHR;Jahr;2022;DINSG;Deutschland insgesamt;DG;Deutschland;UNTGR2;Unternehmensgröße;UNT-0010;Kleine Unternehmen;47186;Mill. EUR;KOS026;Sozialversicherungskosten;e
48121;Statistik für kleine und mittlere Unternehmen;JAHR;Jahr;2022;DINSG;Deutschland insgesamt;DG;Deutschland;UNTGR2;Unternehmensgröße;UNT-0010;Kleine Unternehmen;5965250;Anzahl;LGE002;Lohn- und Gehaltsempfänger in Vollzeiteinheiten;e
48121;Statistik für kleine und mittlere Unternehmen;JAHR;Jahr;2022;DINSG;Deutschland insgesamt;DG;Deutschland;UNTGR2;Unternehmensgröße;UNT-0010;Kleine Unternehmen;257868;Mill. EUR;PAW002;Personalaufwendungen;e
48121;Statistik für kleine und mittlere Unternehmen;JAHR;Jahr;2022;DINSG;Deutschland insgesamt;DG;Deutschland;UNTGR2;Unternehmensgröße;UNT-0010;Kleine Unternehmen;752088;Mill. EUR;PRO013;Produktionswert;e
48121;Statistik für kleine und mittlere Unternehmen;JAHR;Jahr;2022;DINSG;Deutschland insgesamt;DG;Deutschland;UNTGR2;Unternehmensgröße;UNT-0010;Kleine Unternehmen;560093;Mill. EUR;KAU007;Waren- und Dienstleistungskäufe;e
48121;Statistik für kleine und mittlere Unternehmen;JAHR;Jahr;2022;DINSG;Deutschland insgesamt;DG;Deutschland;UNTGR2;Unternehmensgröße;UNT-0010;Kleine Unternehmen;432995;Mill. EUR;BWS003;Bruttowertschöpfung zu Faktorkosten;e
48121;Statistik für kleine und mittlere Unternehmen;JAHR;Jahr;2022;DINSG;Deutschland insgesamt;DG;Deutschland;UNTGR2;Unternehmensgröße;UNT-0010;Kleine Unternehmen;125145;EUR;UMS050;Umsatz je tätige Person;e
48121;Statistik für kleine und mittlere Unternehmen;JAHR;Jahr;2022;DINSG;Deutschland insgesamt;DG;Deutschland;UNTGR2;Unternehmensgröße;UNT-0010;Kleine Unternehmen;339960;Anzahl;UNT007;Unternehmen mit Investitionen;e
48121;Statistik für kleine und mittlere Unternehmen;JAHR;Jahr;2022;DINSG;Deutschland insgesamt;DG;Deutschland;UNTGR2;Unternehmensgröße;UNT-0010;Kleine Unternehmen;22602;EUR;BBU003;Bruttobetriebsüberschuss je tätige Person;e
48121;Statistik für kleine und mittlere Unternehmen;JAHR;Jahr;2022;DINSG;Deutschland insgesamt;DG;Deutschland;UNTGR2;Unternehmensgröße;UNT-0010;Kleine Unternehmen;175127;Mill. EUR;BBU001;Bruttobetriebsüberschuss;e
48121;Statistik für kleine und mittlere Unternehmen;JAHR;Jahr;2022;DINSG;Deutschland insgesamt;DG;Deutschland;UNTGR2;Unternehmensgröße;UNT-0010;Kleine Unternehmen;9854;Mill. EUR;VRV001;Vorratsveränderungen bei Waren;e
48121;Statistik für kleine und mittlere Unternehmen;JAHR;Jahr;2022;DINSG;Deutschland insgesamt;DG;Deutschland;UNTGR2;Unternehmensgröße;UNT-0010;Kleine Unternehmen;55883;EUR;BWS010;Bruttowertschöpf. zu Faktorkosten je tätige Person;e
48121;Statistik für kleine und mittlere Unternehmen;JAHR;Jahr;2022;DINSG;Deutschland insgesamt;DG;Deutschland;UNTGR2;Unternehmensgröße;UNT-0010;Kleine Unternehmen;468335;Anzahl;UNT002;Unternehmen (EU);e
48121;Statistik für kleine und mittlere Unternehmen;JAHR;Jahr;2016;DINSG;Deutschland insgesamt;DG;Deutschland;UNTGR2;Unternehmensgröße;;Insgesamt;2467686;Anzahl;UNT003;Unternehmen;e
48121;Statistik für kleine und mittlere Unternehmen;JAHR;Jahr;2016;DINSG;Deutschland insgesamt;DG;Deutschland;UNTGR2;Unternehmensgröße;;Insgesamt;.;Mill. EUR;AUFW05;Aufwendungen für Leiharbeitnehmer;
48121;Statistik für kleine und mittlere Unternehmen;JAHR;Jahr;2016;DINSG;Deutschland insgesamt;DG;Deutschland;UNTGR2;Unternehmensgröße;;Insgesamt;.;Mill. EUR;VST005;Bruttolöhne und -gehälter;
48121;Statistik für kleine und mittlere Unternehmen;JAHR;Jahr;2016;DINSG;Deutschland insgesamt;DG;Deutschland;UNTGR2;Unternehmensgröße;;Insgesamt;230114;Mill. EUR;INV018;Bruttoinvestitionen in Sachanlagen;e
48121;Statistik für kleine und mittlere Unternehmen;JAHR;Jahr;2016;DINSG;Deutschland insgesamt;DG;Deutschland;UNTGR2;Unternehmensgröße;;Insgesamt;6195443;Mill. EUR;UMS002;Umsatz;e
48121;Statistik für kleine und mittlere Unternehmen;JAHR;Jahr;2016;DINSG;Deutschland insgesamt;DG;Deutschland;UNTGR2;Unternehmensgröße;;Insgesamt;.;Anzahl;LGE001;Lohn- und Gehaltsempfänger;
48121;Statistik für kleine und mittlere Unternehmen;JAHR;Jahr;2016;DINSG;Deutschland insgesamt;DG;Deutschland;UNTGR2;Unternehmensgröße;;Insgesamt;7911;EUR;INV023;Bruttoinvestitionen in Sachanl. je tätige Person;e
48121;Statistik für kleine und mittlere Unternehmen;JAHR;Jahr;2016;DINSG;Deutschland insgesamt;DG;Deutschland;UNTGR2;Unternehmensgröße;;Insgesamt;-;Mill. EUR;KOS002;Kosten für Mieten und Pachten;
48121;Statistik für kleine und mittlere Unternehmen;JAHR;Jahr;2016;DINSG;Deutschland insgesamt;DG;Deutschland;UNTGR2;Unternehmensgröße;;Insgesamt;35865;EUR;PAW008;Personalaufwendungen je tätige Person;e
48121;Statistik für kleine und mittlere Unternehmen;JAHR;Jahr;2016;DINSG;Deutschland insgesamt;DG;Deutschland;UNTGR2;Unternehmensgröße;;Insgesamt;.;Mill. EUR;KAU008;Käufe v.Waren u.DL z.Wiederverk. i.unveränd. Zust.;
48121;Statistik für kleine und mittlere Unternehmen;JAHR;Jahr;2016;DINSG;Deutschland insgesamt;DG;Deutschland;UNTGR2;Unternehmensgröße;;Insgesamt;29086414;Anzahl;PER005;Tätige Personen;e
48121;Statistik für kleine und mittlere Unternehmen;JAHR;Jahr;2016;DINSG;Deutschland insgesamt;DG;Deutschland;UNTGR2;Unternehmensgröße;;Insgesamt;.;Mill. EUR;KOS026;Sozialversicherungskosten;
48121;Statistik für kleine und mittlere Unternehmen;JAHR;Jahr;2016;DINSG;Deutschland insgesamt;DG;Deutschland;UNTGR2;Unternehmensgröße;;Insgesamt;.;Anzahl;LGE002;Lohn- und Gehaltsempfänger in Vollzeiteinheiten;
48121;Statistik für kleine und mittlere Unternehmen;JAHR;Jahr;2016;DINSG;Deutschland insgesamt;DG;Deutschland;UNTGR2;Unternehmensgröße;;Insgesamt;1043183;Mill. EUR;PAW002;Personalaufwendungen;e
48121;Statistik für kleine und mittlere Unternehmen;JAHR;Jahr;2016;DINSG;Deutschland insgesamt;DG;Deutschland;UNTGR2;Unternehmensgröße;;Insgesamt;.;Mill. EUR;PRO013;Produktionswert;
48121;Statistik für kleine und mittlere Unternehmen;JAHR;Jahr;2016;DINSG;Deutschland insgesamt;DG;Deutschland;UNTGR2;Unternehmensgröße;;Insgesamt;.;Mill. EUR;KAU007;Waren- und Dienstleistungskäufe;
48121;Statistik für kleine und mittlere Unternehmen;JAHR;Jahr;2016;DINSG;Deutschland insgesamt;DG;Deutschland;UNTGR2;Unternehmensgröße;;Insgesamt;1659330;Mill. EUR;BWS003;Bruttowertschöpfung zu Faktorkosten;e
48121;Statistik für kleine und mittlere Unternehmen;JAHR;Jahr;2016;DINSG;Deutschland insgesamt;DG;Deutschland;UNTGR2;Unternehmensgröße;;Insgesamt;213001;EUR;UMS050;Umsatz je tätige Person;e
48121;Statistik für kleine und mittlere Unternehmen;JAHR;Jahr;2016;DINSG;Deutschland insgesamt;DG;Deutschland;UNTGR2;Unternehmensgröße;;Insgesamt;1240878;Anzahl;UNT007;Unternehmen mit Investitionen;e
48121;Statistik für kleine und mittlere Unternehmen;JAHR;Jahr;2016;DINSG;Deutschland insgesamt;DG;Deutschland;UNTGR2;Unternehmensgröße;;Insgesamt;21183;EUR;BBU003;Bruttobetriebsüberschuss je tätige Person;e
48121;Statistik für kleine und mittlere Unternehmen;JAHR;Jahr;2016;DINSG;Deutschland insgesamt;DG;Deutschland;UNTGR2;Unternehmensgröße;;Insgesamt;616147;Mill. EUR;BBU001;Bruttobetriebsüberschuss;e
48121;Statistik für kleine und mittlere Unternehmen;JAHR;Jahr;2016;DINSG;Deutschland insgesamt;DG;Deutschland;UNTGR2;Unternehmensgröße;;Insgesamt;-;Mill. EUR;VRV001;Vorratsveränderungen bei Waren;
48121;Statistik für kleine und mittlere Unternehmen;JAHR;Jahr;2016;DINSG;Deutschland insgesamt;DG;Deutschland;UNTGR2;Unternehmensgröße;;Insgesamt;57048;EUR;BWS010;Bruttowertschöpf. zu Faktorkosten je tätige Person;e
48121;Statistik für kleine und mittlere Unternehmen;JAHR;Jahr;2016;DINSG;Deutschland insgesamt;DG;Deutschland;UNTGR2;Unternehmensgröße;;Insgesamt;.;Anzahl;UNT002;Unternehmen (EU);
48121;Statistik für kleine und mittlere Unternehmen;JAHR;Jahr;2017;DINSG;Deutschland insgesamt;DG;Deutschland;UNTGR2;Unternehmensgröße;UNT-0100;Mittlere Unternehmen;74333;Anzahl;UNT003;Unternehmen;e
48121;Statistik für kleine und mittlere Unternehmen;JAHR;Jahr;2017;DINSG;Deutschland insgesamt;DG;Deutschland;UNTGR2;Unternehmensgröße;UNT-0100;Mittlere Unternehmen;.;Mill. EUR;AUFW05;Aufwendungen für Leiharbeitnehmer;
48121;Statistik für kleine und mittlere Unternehmen;JAHR;Jahr;2017;DINSG;Deutschland insgesamt;DG;Deutschland;UNTGR2;Unternehmensgröße;UNT-0100;Mittlere Unternehmen;.;Mill. EUR;VST005;Bruttolöhne und -gehälter;
48121;Statistik für kleine und mittlere Unternehmen;JAHR;Jahr;2017;DINSG;Deutschland insgesamt;DG;Deutschland;UNTGR2;Unternehmensgröße;UNT-0100;Mittlere Unternehmen;35094;Mill. EUR;INV018;Bruttoinvestitionen in Sachanlagen;e
48121;Statistik für kleine und mittlere Unternehmen;JAHR;Jahr;2017;DINSG;Deutschland insgesamt;DG;Deutschland;UNTGR2;Unternehmensgröße;UNT-0100;Mittlere Unternehmen;976248;Mill. EUR;UMS002;Umsatz;e
48121;Statistik für kleine und mittlere Unternehmen;JAHR;Jahr;2017;DINSG;Deutschland insgesamt;DG;Deutschland;UNTGR2;Unternehmensgröße;UNT-0100;Mittlere Unternehmen;.;Anzahl;LGE001;Lohn- und Gehaltsempfänger;
48121;Statistik für kleine und mittlere Unternehmen;JAHR;Jahr;2017;DINSG;Deutschland insgesamt;DG;Deutschland;UNTGR2;Unternehmensgröße;UNT-0100;Mittlere Unternehmen;6096;EUR;INV023;Bruttoinvestitionen in Sachanl. je tätige Person;e
48121;Statistik für kleine und mittlere Unternehmen;JAHR;Jahr;2017;DINSG;Deutschland insgesamt;DG;Deutschland;UNTGR2;Unternehmensgröße;UNT-0100;Mittlere Unternehmen;-;Mill. EUR;KOS002;Kosten für Mieten und Pachten;
48121;Statistik für kleine und mittlere Unternehmen;JAHR;Jahr;2017;DINSG;Deutschland insgesamt;DG;Deutschland;UNTGR2;Unternehmensgröße;UNT-0100;Mittlere Unternehmen;37920;EUR;PAW008;Personalaufwendungen je tätige Person;e
48121;Statistik für kleine und mittlere Unternehmen;JAHR;Jahr;2017;DINSG;Deutschland insgesamt;DG;Deutschland;UNTGR2;Unternehmensgröße;UNT-0100;Mittlere Unternehmen;.;Mill. EUR;KAU008;Käufe v.Waren u.DL z.Wiederverk. i.unveränd. Zust.;
48121;Statistik für kleine und mittlere Unternehmen;JAHR;Jahr;2017;DINSG;Deutschland insgesamt;DG;Deutschland;UNTGR2;Unternehmensgröße;UNT-0100;Mittlere Unternehmen;5756784;Anzahl;PER005;Tätige Personen;e
48121;Statistik für kleine und mittlere Unternehmen;JAHR;Jahr;2017;DINSG;Deutschland insgesamt;DG;Deutschland;UNTGR2;Unternehmensgröße;UNT-0100;Mittlere Unternehmen;.;Mill. EUR;KOS026;Sozialversicherungskosten;
48121;Statistik für kleine und mittlere Unternehmen;JAHR;Jahr;2017;DINSG;Deutschland insgesamt;DG;Deutschland;UNTGR2;Unternehmensgröße;UNT-0100;Mittlere Unternehmen;.;Anzahl;LGE002;Lohn- und Gehaltsempfänger in Vollzeiteinheiten;
48121;Statistik für kleine und mittlere Unternehmen;JAHR;Jahr;2017;DINSG;Deutschland insgesamt;DG;Deutschland;UNTGR2;Unternehmensgröße;UNT-0100;Mittlere Unternehmen;218297;Mill. EUR;PAW002;Personalaufwendungen;e
48121;Statistik für kleine und mittlere Unternehmen;JAHR;Jahr;2017;DINSG;Deutschland insgesamt;DG;Deutschland;UNTGR2;Unternehmensgröße;UNT-0100;Mittlere Unternehmen;.;Mill. EUR;PRO013;Produktionswert;
48121;Statistik für kleine und mittlere Unternehmen;JAHR;Jahr;2017;DINSG;Deutschland insgesamt;DG;Deutschland;UNTGR2;Unternehmensgröße;UNT-0100;Mittlere Unternehmen;.;Mill. EUR;KAU007;Waren- und Dienstleistungskäufe;
48121;Statistik für kleine und mittlere Unternehmen;JAHR;Jahr;2017;DINSG;Deutschland insgesamt;DG;Deutschland;UNTGR2;Unternehmensgröße;UNT-0100;Mittlere Unternehmen;320616;Mill. EUR;BWS003;Bruttowertschöpfung zu Faktorkosten;e
48121;Statistik für kleine und mittlere Unternehmen;JAHR;Jahr;2017;DINSG;Deutschland insgesamt;DG;Deutschland;UNTGR2;Unternehmensgröße;UNT-0100;Mittlere Unternehmen;169582;EUR;UMS050;Umsatz je tätige Person;e
48121;Statistik für kleine und mittlere Unternehmen;JAHR;Jahr;2017;DINSG;Deutschland insgesamt;DG;Deutschland;UNTGR2;Unternehmensgröße;UNT-0100;Mittlere Unternehmen;61950;Anzahl;UNT007;Unternehmen mit Investitionen;e
48121;Statistik für kleine und mittlere Unternehmen;JAHR;Jahr;2017;DINSG;Deutschland insgesamt;DG;Deutschland;UNTGR2;Unternehmensgröße;UNT-0100;Mittlere Unternehmen;17774;EUR;BBU003;Bruttobetriebsüberschuss je tätige Person;e
48121;Statistik für kleine und mittlere Unternehmen;JAHR;Jahr;2017;DINSG;Deutschland insgesamt;DG;Deutschland;UNTGR2;Unternehmensgröße;UNT-0100;Mittlere Unternehmen;102319;Mill. EUR;BBU001;Bruttobetriebsüberschuss;e
48121;Statistik für kleine und mittlere Unternehmen;JAHR;Jahr;2017;DINSG;Deutschland insgesamt;DG;Deutschland;UNTGR2;Unternehmensgröße;UNT-0100;Mittlere Unternehmen;-;Mill. EUR;VRV001;Vorratsveränderungen bei Waren;
48121;Statistik für kleine und mittlere Unternehmen;JAHR;Jahr;2017;DINSG;Deutschland insgesamt;DG;Deutschland;UNTGR2;Unternehmensgröße;UNT-0100;Mittlere Unternehmen;55694;EUR;BWS010;Bruttowertschöpf. zu Faktorkosten je tätige Person;e
48121;Statistik für kleine und mittlere Unternehmen;JAHR;Jahr;2017;DINSG;Deutschland insgesamt;DG;Deutschland;UNTGR2;Unternehmensgröße;UNT-0100;Mittlere Unternehmen;.;Anzahl;UNT002;Unternehmen (EU);
48121;Statistik für kleine und mittlere Unternehmen;JAHR;Jahr;2016;DINSG;Deutschland insgesamt;DG;Deutschland;UNTGR2;Unternehmensgröße;UNT-0001;Kleinstunternehmen;1983076;Anzahl;UNT003;Unternehmen;e
48121;Statistik für kleine und mittlere Unternehmen;JAHR;Jahr;2016;DINSG;Deutschland insgesamt;DG;Deutschland;UNTGR2;Unternehmensgröße;UNT-0001;Kleinstunternehmen;.;Mill. EUR;AUFW05;Aufwendungen für Leiharbeitnehmer;
48121;Statistik für kleine und mittlere Unternehmen;JAHR;Jahr;2016;DINSG;Deutschland insgesamt;DG;Deutschland;UNTGR2;Unternehmensgröße;UNT-0001;Kleinstunternehmen;.;Mill. EUR;VST005;Bruttolöhne und -gehälter;
48121;Statistik für kleine und mittlere Unternehmen;JAHR;Jahr;2016;DINSG;Deutschland insgesamt;DG;Deutschland;UNTGR2;Unternehmensgröße;UNT-0001;Kleinstunternehmen;36110;Mill. EUR;INV018;Bruttoinvestitionen in Sachanlagen;e
48121;Statistik für kleine und mittlere Unternehmen;JAHR;Jahr;2016;DINSG;Deutschland insgesamt;DG;Deutschland;UNTGR2;Unternehmensgröße;UNT-0001;Kleinstunternehmen;419801;Mill. EUR;UMS002;Umsatz;e
48121;Statistik für kleine und mittlere Unternehmen;JAHR;Jahr;2016;DINSG;Deutschland insgesamt;DG;Deutschland;UNTGR2;Unternehmensgröße;UNT-0001;Kleinstunternehmen;.;Anzahl;LGE001;Lohn- und Gehaltsempfänger;
48121;Statistik für kleine und mittlere Unternehmen;JAHR;Jahr;2016;DINSG;Deutschland insgesamt;DG;Deutschland;UNTGR2;Unternehmensgröße;UNT-0001;Kleinstunternehmen;6667;EUR;INV023;Bruttoinvestitionen in Sachanl. je tätige Person;e
48121;Statistik für kleine und mittlere Unternehmen;JAHR;Jahr;2016;DINSG;Deutschland insgesamt;DG;Deutschland;UNTGR2;Unternehmensgröße;UNT-0001;Kleinstunternehmen;-;Mill. EUR;KOS002;Kosten für Mieten und Pachten;
48121;Statistik für kleine und mittlere Unternehmen;JAHR;Jahr;2016;DINSG;Deutschland insgesamt;DG;Deutschland;UNTGR2;Unternehmensgröße;UNT-0001;Kleinstunternehmen;14084;EUR;PAW008;Personalaufwendungen je tätige Person;e
48121;Statistik für kleine und mittlere Unternehmen;JAHR;Jahr;2016;DINSG;Deutschland insgesamt;DG;Deutschland;UNTGR2;Unternehmensgröße;UNT-0001;Kleinstunternehmen;.;Mill. EUR;KAU008;Käufe v.Waren u.DL z.Wiederverk. i.unveränd. Zust.;
48121;Statistik für kleine und mittlere Unternehmen;JAHR;Jahr;2016;DINSG;Deutschland insgesamt;DG;Deutschland;UNTGR2;Unternehmensgröße;UNT-0001;Kleinstunternehmen;5416503;Anzahl;PER005;Tätige Personen;e
48121;Statistik für kleine und mittlere Unternehmen;JAHR;Jahr;2016;DINSG;Deutschland insgesamt;DG;Deutschland;UNTGR2;Unternehmensgröße;UNT-0001;Kleinstunternehmen;.;Mill. EUR;KOS026;Sozialversicherungskosten;
48121;Statistik für kleine und mittlere Unternehmen;JAHR;Jahr;2016;DINSG;Deutschland insgesamt;DG;Deutschland;UNTGR2;Unternehmensgröße;UNT-0001;Kleinstunternehmen;.;Anzahl;LGE002;Lohn- und Gehaltsempfänger in Vollzeiteinheiten;
48121;Statistik für kleine und mittlere Unternehmen;JAHR;Jahr;2016;DINSG;Deutschland insgesamt;DG;Deutschland;UNTGR2;Unternehmensgröße;UNT-0001;Kleinstunternehmen;76287;Mill. EUR;PAW002;Personalaufwendungen;e
48121;Statistik für kleine und mittlere Unternehmen;JAHR;Jahr;2016;DINSG;Deutschland insgesamt;DG;Deutschland;UNTGR2;Unternehmensgröße;UNT-0001;Kleinstunternehmen;.;Mill. EUR;PRO013;Produktionswert;
48121;Statistik für kleine und mittlere Unternehmen;JAHR;Jahr;2016;DINSG;Deutschland insgesamt;DG;Deutschland;UNTGR2;Unternehmensgröße;UNT-0001;Kleinstunternehmen;.;Mill. EUR;KAU007;Waren- und Dienstleistungskäufe;
48121;Statistik für kleine und mittlere Unternehmen;JAHR;Jahr;2016;DINSG;Deutschland insgesamt;DG;Deutschland;UNTGR2;Unternehmensgröße;UNT-0001;Kleinstunternehmen;190611;Mill. EUR;BWS003;Bruttowertschöpfung zu Faktorkosten;e
48121;Statistik für kleine und mittlere Unternehmen;JAHR;Jahr;2016;DINSG;Deutschland insgesamt;DG;Deutschland;UNTGR2;Unternehmensgröße;UNT-0001;Kleinstunternehmen;77504;EUR;UMS050;Umsatz je tätige Person;e
48121;Statistik für kleine und mittlere Unternehmen;JAHR;Jahr;2016;DINSG;Deutschland insgesamt;DG;Deutschland;UNTGR2;Unternehmensgröße;UNT-0001;Kleinstunternehmen;872716;Anzahl;UNT007;Unternehmen mit Investitionen;e
48121;Statistik für kleine und mittlere Unternehmen;JAHR;Jahr;2016;DINSG;Deutschland insgesamt;DG;Deutschland;UNTGR2;Unternehmensgröße;UNT-0001;Kleinstunternehmen;21107;EUR;BBU003;Bruttobetriebsüberschuss je tätige Person;e
48121;Statistik für kleine und mittlere Unternehmen;JAHR;Jahr;2016;DINSG;Deutschland insgesamt;DG;Deutschland;UNTGR2;Unternehmensgröße;UNT-0001;Kleinstunternehmen;114323;Mill. EUR;BBU001;Bruttobetriebsüberschuss;e
48121;Statistik für kleine und mittlere Unternehmen;JAHR;Jahr;2016;DINSG;Deutschland insgesamt;DG;Deutschland;UNTGR2;Unternehmensgröße;UNT-0001;Kleinstunternehmen;-;Mill. EUR;VRV001;Vorratsveränderungen bei Waren;
48121;Statistik für kleine und mittlere Unternehmen;JAHR;Jahr;2016;DINSG;Deutschland insgesamt;DG;Deutschland;UNTGR2;Unternehmensgröße;UNT-0001;Kleinstunternehmen;35191;EUR;BWS010;Bruttowertschöpf. zu Faktorkosten je tätige Person;e
48121;Statistik für kleine und mittlere Unternehmen;JAHR;Jahr;2016;DINSG;Deutschland insgesamt;DG;Deutschland;UNTGR2;Unternehmensgröße;UNT-0001;Kleinstunternehmen;.;Anzahl;UNT002;Unternehmen (EU);
48121;Statistik für kleine und mittlere Unternehmen;JAHR;Jahr;2009;DINSG;Deutschland insgesamt;DG;Deutschland;UNTGR2;Unternehmensgröße;;Insgesamt;2028301;Anzahl;UNT003;Unternehmen;e
48121;Statistik für kleine und mittlere Unternehmen;JAHR;Jahr;2009;DINSG;Deutschland insgesamt;DG;Deutschland;UNTGR2;Unternehmensgröße;;Insgesamt;.;Mill. EUR;AUFW05;Aufwendungen für Leiharbeitnehmer;
48121;Statistik für kleine und mittlere Unternehmen;JAHR;Jahr;2009;DINSG;Deutschland insgesamt;DG;Deutschland;UNTGR2;Unternehmensgröße;;Insgesamt;.;Mill. EUR;VST005;Bruttolöhne und -gehälter;
48121;Statistik für kleine und mittlere Unternehmen;JAHR;Jahr;2009;DINSG;Deutschland insgesamt;DG;Deutschland;UNTGR2;Unternehmensgröße;;Insgesamt;167662;Mill. EUR;INV018;Bruttoinvestitionen in Sachanlagen;e
48121;Statistik für kleine und mittlere Unternehmen;JAHR;Jahr;2009;DINSG;Deutschland insgesamt;DG;Deutschland;UNTGR2;Unternehmensgröße;;Insgesamt;4703618;Mill. EUR;UMS002;Umsatz;e
48121;Statistik für kleine und mittlere Unternehmen;JAHR;Jahr;2009;DINSG;Deutschland insgesamt;DG;Deutschland;UNTGR2;Unternehmensgröße;;Insgesamt;.;Anzahl;LGE001;Lohn- und Gehaltsempfänger;
48121;Statistik für kleine und mittlere Unternehmen;JAHR;Jahr;2009;DINSG;Deutschland insgesamt;DG;Deutschland;UNTGR2;Unternehmensgröße;;Insgesamt;6900;EUR;INV023;Bruttoinvestitionen in Sachanl. je tätige Person;e
48121;Statistik für kleine und mittlere Unternehmen;JAHR;Jahr;2009;DINSG;Deutschland insgesamt;DG;Deutschland;UNTGR2;Unternehmensgröße;;Insgesamt;-;Mill. EUR;KOS002;Kosten für Mieten und Pachten;
48121;Statistik für kleine und mittlere Unternehmen;JAHR;Jahr;2009;DINSG;Deutschland insgesamt;DG;Deutschland;UNTGR2;Unternehmensgröße;;Insgesamt;-;EUR;PAW008;Personalaufwendungen je tätige Person;
48121;Statistik für kleine und mittlere Unternehmen;JAHR;Jahr;2009;DINSG;Deutschland insgesamt;DG;Deutschland;UNTGR2;Unternehmensgröße;;Insgesamt;.;Mill. EUR;KAU008;Käufe v.Waren u.DL z.Wiederverk. i.unveränd. Zust.;
48121;Statistik für kleine und mittlere Unternehmen;JAHR;Jahr;2009;DINSG;Deutschland insgesamt;DG;Deutschland;UNTGR2;Unternehmensgröße;;Insgesamt;24300348;Anzahl;PER005;Tätige Personen;e
48121;Statistik für kleine und mittlere Unternehmen;JAHR;Jahr;2009;DINSG;Deutschland insgesamt;DG;Deutschland;UNTGR2;Unternehmensgröße;;Insgesamt;.;Mill. EUR;KOS026;Sozialversicherungskosten;
48121;Statistik für kleine und mittlere Unternehmen;JAHR;Jahr;2009;DINSG;Deutschland insgesamt;DG;Deutschland;UNTGR2;Unternehmensgröße;;Insgesamt;.;Anzahl;LGE002;Lohn- und Gehaltsempfänger in Vollzeiteinheiten;
48121;Statistik für kleine und mittlere Unternehmen;JAHR;Jahr;2009;DINSG;Deutschland insgesamt;DG;Deutschland;UNTGR2;Unternehmensgröße;;Insgesamt;-;Mill. EUR;PAW002;Personalaufwendungen;
48121;Statistik für kleine und mittlere Unternehmen;JAHR;Jahr;2009;DINSG;Deutschland insgesamt;DG;Deutschland;UNTGR2;Unternehmensgröße;;Insgesamt;.;Mill. EUR;PRO013;Produktionswert;
48121;Statistik für kleine und mittlere Unternehmen;JAHR;Jahr;2009;DINSG;Deutschland insgesamt;DG;Deutschland;UNTGR2;Unternehmensgröße;;Insgesamt;.;Mill. EUR;KAU007;Waren- und Dienstleistungskäufe;
48121;Statistik für kleine und mittlere Unternehmen;JAHR;Jahr;2009;DINSG;Deutschland insgesamt;DG;Deutschland;UNTGR2;Unternehmensgröße;;Insgesamt;1242639;Mill. EUR;BWS003;Bruttowertschöpfung zu Faktorkosten;e
48121;Statistik für kleine und mittlere Unternehmen;JAHR;Jahr;2009;DINSG;Deutschland insgesamt;DG;Deutschland;UNTGR2;Unternehmensgröße;;Insgesamt;193562;EUR;UMS050;Umsatz je tätige Person;e
48121;Statistik für kleine und mittlere Unternehmen;JAHR;Jahr;2009;DINSG;Deutschland insgesamt;DG;Deutschland;UNTGR2;Unternehmensgröße;;Insgesamt;859543;Anzahl;UNT007;Unternehmen mit Investitionen;e
48121;Statistik für kleine und mittlere Unternehmen;JAHR;Jahr;2009;DINSG;Deutschland insgesamt;DG;Deutschland;UNTGR2;Unternehmensgröße;;Insgesamt;-;EUR;BBU003;Bruttobetriebsüberschuss je tätige Person;
48121;Statistik für kleine und mittlere Unternehmen;JAHR;Jahr;2009;DINSG;Deutschland insgesamt;DG;Deutschland;UNTGR2;Unternehmensgröße;;Insgesamt;-;Mill. EUR;BBU001;Bruttobetriebsüberschuss;
48121;Statistik für kleine und mittlere Unternehmen;JAHR;Jahr;2009;DINSG;Deutschland insgesamt;DG;Deutschland;UNTGR2;Unternehmensgröße;;Insgesamt;-;Mill. EUR;VRV001;Vorratsveränderungen bei Waren;
48121;Statistik für kleine und mittlere Unternehmen;JAHR;Jahr;2009;DINSG;Deutschland insgesamt;DG;Deutschland;UNTGR2;Unternehmensgröße;;Insgesamt;51137;EUR;BWS010;Bruttowertschöpf. zu Faktorkosten je tätige Person;e
48121;Statistik für kleine und mittlere Unternehmen;JAHR;Jahr;2009;DINSG;Deutschland insgesamt;DG;Deutschland;UNTGR2;Unternehmensgröße;;Insgesamt;.;Anzahl;UNT002;Unternehmen (EU);
48121;Statistik für kleine und mittlere Unternehmen;JAHR;Jahr;2011;DINSG;Deutschland insgesamt;DG;Deutschland;UNTGR2;Unternehmensgröße;UNT-0100;Mittlere Unternehmen;67168;Anzahl;UNT003;Unternehmen;e
48121;Statistik für kleine und mittlere Unternehmen;JAHR;Jahr;2011;DINSG;Deutschland insgesamt;DG;Deutschland;UNTGR2;Unternehmensgröße;UNT-0100;Mittlere Unternehmen;.;Mill. EUR;AUFW05;Aufwendungen für Leiharbeitnehmer;
48121;Statistik für kleine und mittlere Unternehmen;JAHR;Jahr;2011;DINSG;Deutschland insgesamt;DG;Deutschland;UNTGR2;Unternehmensgröße;UNT-0100;Mittlere Unternehmen;.;Mill. EUR;VST005;Bruttolöhne und -gehälter;
48121;Statistik für kleine und mittlere Unternehmen;JAHR;Jahr;2011;DINSG;Deutschland insgesamt;DG;Deutschland;UNTGR2;Unternehmensgröße;UNT-0100;Mittlere Unternehmen;30119;Mill. EUR;INV018;Bruttoinvestitionen in Sachanlagen;e
48121;Statistik für kleine und mittlere Unternehmen;JAHR;Jahr;2011;DINSG;Deutschland insgesamt;DG;Deutschland;UNTGR2;Unternehmensgröße;UNT-0100;Mittlere Unternehmen;873330;Mill. EUR;UMS002;Umsatz;e
48121;Statistik für kleine und mittlere Unternehmen;JAHR;Jahr;2011;DINSG;Deutschland insgesamt;DG;Deutschland;UNTGR2;Unternehmensgröße;UNT-0100;Mittlere Unternehmen;.;Anzahl;LGE001;Lohn- und Gehaltsempfänger;
48121;Statistik für kleine und mittlere Unternehmen;JAHR;Jahr;2011;DINSG;Deutschland insgesamt;DG;Deutschland;UNTGR2;Unternehmensgröße;UNT-0100;Mittlere Unternehmen;5815;EUR;INV023;Bruttoinvestitionen in Sachanl. je tätige Person;e
48121;Statistik für kleine und mittlere Unternehmen;JAHR;Jahr;2011;DINSG;Deutschland insgesamt;DG;Deutschland;UNTGR2;Unternehmensgröße;UNT-0100;Mittlere Unternehmen;-;Mill. EUR;KOS002;Kosten für Mieten und Pachten;
48121;Statistik für kleine und mittlere Unternehmen;JAHR;Jahr;2011;DINSG;Deutschland insgesamt;DG;Deutschland;UNTGR2;Unternehmensgröße;UNT-0100;Mittlere Unternehmen;-;EUR;PAW008;Personalaufwendungen je tätige Person;
48121;Statistik für kleine und mittlere Unternehmen;JAHR;Jahr;2011;DINSG;Deutschland insgesamt;DG;Deutschland;UNTGR2;Unternehmensgröße;UNT-0100;Mittlere Unternehmen;.;Mill. EUR;KAU008;Käufe v.Waren u.DL z.Wiederverk. i.unveränd. Zust.;
48121;Statistik für kleine und mittlere Unternehmen;JAHR;Jahr;2011;DINSG;Deutschland insgesamt;DG;Deutschland;UNTGR2;Unternehmensgröße;UNT-0100;Mittlere Unternehmen;5179845;Anzahl;PER005;Tätige Personen;e
48121;Statistik für kleine und mittlere Unternehmen;JAHR;Jahr;2011;DINSG;Deutschland insgesamt;DG;Deutschland;UNTGR2;Unternehmensgröße;UNT-0100;Mittlere Unternehmen;.;Mill. EUR;KOS026;Sozialversicherungskosten;
48121;Statistik für kleine und mittlere Unternehmen;JAHR;Jahr;2011;DINSG;Deutschland insgesamt;DG;Deutschland;UNTGR2;Unternehmensgröße;UNT-0100;Mittlere Unternehmen;.;Anzahl;LGE002;Lohn- und Gehaltsempfänger in Vollzeiteinheiten;
48121;Statistik für kleine und mittlere Unternehmen;JAHR;Jahr;2011;DINSG;Deutschland insgesamt;DG;Deutschland;UNTGR2;Unternehmensgröße;UNT-0100;Mittlere Unternehmen;-;Mill. EUR;PAW002;Personalaufwendungen;
48121;Statistik für kleine und mittlere Unternehmen;JAHR;Jahr;2011;DINSG;Deutschland insgesamt;DG;Deutschland;UNTGR2;Unternehmensgröße;UNT-0100;Mittlere Unternehmen;.;Mill. EUR;PRO013;Produktionswert;
48121;Statistik für kleine und mittlere Unternehmen;JAHR;Jahr;2011;DINSG;Deutschland insgesamt;DG;Deutschland;UNTGR2;Unternehmensgröße;UNT-0100;Mittlere Unternehmen;.;Mill. EUR;KAU007;Waren- und Dienstleistungskäufe;
48121;Statistik für kleine und mittlere Unternehmen;JAHR;Jahr;2011;DINSG;Deutschland insgesamt;DG;Deutschland;UNTGR2;Unternehmensgröße;UNT-0100;Mittlere Unternehmen;263830;Mill. EUR;BWS003;Bruttowertschöpfung zu Faktorkosten;e
48121;Statistik für kleine und mittlere Unternehmen;JAHR;Jahr;2011;DINSG;Deutschland insgesamt;DG;Deutschland;UNTGR2;Unternehmensgröße;UNT-0100;Mittlere Unternehmen;168602;EUR;UMS050;Umsatz je tätige Person;e
48121;Statistik für kleine und mittlere Unternehmen;JAHR;Jahr;2011;DINSG;Deutschland insgesamt;DG;Deutschland;UNTGR2;Unternehmensgröße;UNT-0100;Mittlere Unternehmen;55411;Anzahl;UNT007;Unternehmen mit Investitionen;e
48121;Statistik für kleine und mittlere Unternehmen;JAHR;Jahr;2011;DINSG;Deutschland insgesamt;DG;Deutschland;UNTGR2;Unternehmensgröße;UNT-0100;Mittlere Unternehmen;-;EUR;BBU003;Bruttobetriebsüberschuss je tätige Person;
48121;Statistik für kleine und mittlere Unternehmen;JAHR;Jahr;2011;DINSG;Deutschland insgesamt;DG;Deutschland;UNTGR2;Unternehmensgröße;UNT-0100;Mittlere Unternehmen;-;Mill. EUR;BBU001;Bruttobetriebsüberschuss;
48121;Statistik für kleine und mittlere Unternehmen;JAHR;Jahr;2011;DINSG;Deutschland insgesamt;DG;Deutschland;UNTGR2;Unternehmensgröße;UNT-0100;Mittlere Unternehmen;-;Mill. EUR;VRV001;Vorratsveränderungen bei Waren;
48121;Statistik für kleine und mittlere Unternehmen;JAHR;Jahr;2011;DINSG;Deutschland insgesamt;DG;Deutschland;UNTGR2;Unternehmensgröße;UNT-0100;Mittlere Unternehmen;50934;EUR;BWS010;Bruttowertschöpf. zu Faktorkosten je tätige Person;e
48121;Statistik für kleine und mittlere Unternehmen;JAHR;Jahr;2011;DINSG;Deutschland insgesamt;DG;Deutschland;UNTGR2;Unternehmensgröße;UNT-0100;Mittlere Unternehmen;.;Anzahl;UNT002;Unternehmen (EU);
48121;Statistik für kleine und mittlere Unternehmen;JAHR;Jahr;2009;DINSG;Deutschland insgesamt;DG;Deutschland;UNTGR2;Unternehmensgröße;UNT-0010;Kleine Unternehmen;300101;Anzahl;UNT003;Unternehmen;e
48121;Statistik für kleine und mittlere Unternehmen;JAHR;Jahr;2009;DINSG;Deutschland insgesamt;DG;Deutschland;UNTGR2;Unternehmensgröße;UNT-0010;Kleine Unternehmen;.;Mill. EUR;AUFW05;Aufwendungen für Leiharbeitnehmer;
48121;Statistik für kleine und mittlere Unternehmen;JAHR;Jahr;2009;DINSG;Deutschland insgesamt;DG;Deutschland;UNTGR2;Unternehmensgröße;UNT-0010;Kleine Unternehmen;.;Mill. EUR;VST005;Bruttolöhne und -gehälter;
48121;Statistik für kleine und mittlere Unternehmen;JAHR;Jahr;2009;DINSG;Deutschland insgesamt;DG;Deutschland;UNTGR2;Unternehmensgröße;UNT-0010;Kleine Unternehmen;24728;Mill. EUR;INV018;Bruttoinvestitionen in Sachanlagen;e
48121;Statistik für kleine und mittlere Unternehmen;JAHR;Jahr;2009;DINSG;Deutschland insgesamt;DG;Deutschland;UNTGR2;Unternehmensgröße;UNT-0010;Kleine Unternehmen;562780;Mill. EUR;UMS002;Umsatz;e
48121;Statistik für kleine und mittlere Unternehmen;JAHR;Jahr;2009;DINSG;Deutschland insgesamt;DG;Deutschland;UNTGR2;Unternehmensgröße;UNT-0010;Kleine Unternehmen;.;Anzahl;LGE001;Lohn- und Gehaltsempfänger;
48121;Statistik für kleine und mittlere Unternehmen;JAHR;Jahr;2009;DINSG;Deutschland insgesamt;DG;Deutschland;UNTGR2;Unternehmensgröße;UNT-0010;Kleine Unternehmen;4640;EUR;INV023;Bruttoinvestitionen in Sachanl. je tätige Person;e
48121;Statistik für kleine und mittlere Unternehmen;JAHR;Jahr;2009;DINSG;Deutschland insgesamt;DG;Deutschland;UNTGR2;Unternehmensgröße;UNT-0010;Kleine Unternehmen;-;Mill. EUR;KOS002;Kosten für Mieten und Pachten;
48121;Statistik für kleine und mittlere Unternehmen;JAHR;Jahr;2009;DINSG;Deutschland insgesamt;DG;Deutschland;UNTGR2;Unternehmensgröße;UNT-0010;Kleine Unternehmen;-;EUR;PAW008;Personalaufwendungen je tätige Person;
48121;Statistik für kleine und mittlere Unternehmen;JAHR;Jahr;2009;DINSG;Deutschland insgesamt;DG;Deutschland;UNTGR2;Unternehmensgröße;UNT-0010;Kleine Unternehmen;.;Mill. EUR;KAU008;Käufe v.Waren u.DL z.Wiederverk. i.unveränd. Zust.;
48121;Statistik für kleine und mittlere Unternehmen;JAHR;Jahr;2009;DINSG;Deutschland insgesamt;DG;Deutschland;UNTGR2;Unternehmensgröße;UNT-0010;Kleine Unternehmen;5328915;Anzahl;PER005;Tätige Personen;e
48121;Statistik für kleine und mittlere Unternehmen;JAHR;Jahr;2009;DINSG;Deutschland insgesamt;DG;Deutschland;UNTGR2;Unternehmensgröße;UNT-0010;Kleine Unternehmen;.;Mill. EUR;KOS026;Sozialversicherungskosten;
48121;Statistik für kleine und mittlere Unternehmen;JAHR;Jahr;2009;DINSG;Deutschland insgesamt;DG;Deutschland;UNTGR2;Unternehmensgröße;UNT-0010;Kleine Unternehmen;.;Anzahl;LGE002;Lohn- und Gehaltsempfänger in Vollzeiteinheiten;
48121;Statistik für kleine und mittlere Unternehmen;JAHR;Jahr;2009;DINSG;Deutschland insgesamt;DG;Deutschland;UNTGR2;Unternehmensgröße;UNT-0010;Kleine Unternehmen;-;Mill. EUR;PAW002;Personalaufwendungen;
48121;Statistik für kleine und mittlere Unternehmen;JAHR;Jahr;2009;DINSG;Deutschland insgesamt;DG;Deutschland;UNTGR2;Unternehmensgröße;UNT-0010;Kleine Unternehmen;.;Mill. EUR;PRO013;Produktionswert;
48121;Statistik für kleine und mittlere Unternehmen;JAHR;Jahr;2009;DINSG;Deutschland insgesamt;DG;Deutschland;UNTGR2;Unternehmensgröße;UNT-0010;Kleine Unternehmen;.;Mill. EUR;KAU007;Waren- und Dienstleistungskäufe;
48121;Statistik für kleine und mittlere Unternehmen;JAHR;Jahr;2009;DINSG;Deutschland insgesamt;DG;Deutschland;UNTGR2;Unternehmensgröße;UNT-0010;Kleine Unternehmen;220939;Mill. EUR;BWS003;Bruttowertschöpfung zu Faktorkosten;e
48121;Statistik für kleine und mittlere Unternehmen;JAHR;Jahr;2009;DINSG;Deutschland insgesamt;DG;Deutschland;UNTGR2;Unternehmensgröße;UNT-0010;Kleine Unternehmen;105609;EUR;UMS050;Umsatz je tätige Person;e
48121;Statistik für kleine und mittlere Unternehmen;JAHR;Jahr;2009;DINSG;Deutschland insgesamt;DG;Deutschland;UNTGR2;Unternehmensgröße;UNT-0010;Kleine Unternehmen;206767;Anzahl;UNT007;Unternehmen mit Investitionen;e
48121;Statistik für kleine und mittlere Unternehmen;JAHR;Jahr;2009;DINSG;Deutschland insgesamt;DG;Deutschland;UNTGR2;Unternehmensgröße;UNT-0010;Kleine Unternehmen;-;EUR;BBU003;Bruttobetriebsüberschuss je tätige Person;
48121;Statistik für kleine und mittlere Unternehmen;JAHR;Jahr;2009;DINSG;Deutschland insgesamt;DG;Deutschland;UNTGR2;Unternehmensgröße;UNT-0010;Kleine Unternehmen;-;Mill. EUR;BBU001;Bruttobetriebsüberschuss;
48121;Statistik für kleine und mittlere Unternehmen;JAHR;Jahr;2009;DINSG;Deutschland insgesamt;DG;Deutschland;UNTGR2;Unternehmensgröße;UNT-0010;Kleine Unternehmen;-;Mill. EUR;VRV001;Vorratsveränderungen bei Waren;
48121;Statistik für kleine und mittlere Unternehmen;JAHR;Jahr;2009;DINSG;Deutschland insgesamt;DG;Deutschland;UNTGR2;Unternehmensgröße;UNT-0010;Kleine Unternehmen;41460;EUR;BWS010;Bruttowertschöpf. zu Faktorkosten je tätige Person;e
48121;Statistik für kleine und mittlere Unternehmen;JAHR;Jahr;2009;DINSG;Deutschland insgesamt;DG;Deutschland;UNTGR2;Unternehmensgröße;UNT-0010;Kleine Unternehmen;.;Anzahl;UNT002;Unternehmen (EU);
48121;Statistik für kleine und mittlere Unternehmen;JAHR;Jahr;2010;DINSG;Deutschland insgesamt;DG;Deutschland;UNTGR2;Unternehmensgröße;UNT-0001;Kleinstunternehmen;1678283;Anzahl;UNT003;Unternehmen;e
48121;Statistik für kleine und mittlere Unternehmen;JAHR;Jahr;2010;DINSG;Deutschland insgesamt;DG;Deutschland;UNTGR2;Unternehmensgröße;UNT-0001;Kleinstunternehmen;.;Mill. EUR;AUFW05;Aufwendungen für Leiharbeitnehmer;
48121;Statistik für kleine und mittlere Unternehmen;JAHR;Jahr;2010;DINSG;Deutschland insgesamt;DG;Deutschland;UNTGR2;Unternehmensgröße;UNT-0001;Kleinstunternehmen;.;Mill. EUR;VST005;Bruttolöhne und -gehälter;
48121;Statistik für kleine und mittlere Unternehmen;JAHR;Jahr;2010;DINSG;Deutschland insgesamt;DG;Deutschland;UNTGR2;Unternehmensgröße;UNT-0001;Kleinstunternehmen;24576;Mill. EUR;INV018;Bruttoinvestitionen in Sachanlagen;e
48121;Statistik für kleine und mittlere Unternehmen;JAHR;Jahr;2010;DINSG;Deutschland insgesamt;DG;Deutschland;UNTGR2;Unternehmensgröße;UNT-0001;Kleinstunternehmen;337927;Mill. EUR;UMS002;Umsatz;e
48121;Statistik für kleine und mittlere Unternehmen;JAHR;Jahr;2010;DINSG;Deutschland insgesamt;DG;Deutschland;UNTGR2;Unternehmensgröße;UNT-0001;Kleinstunternehmen;.;Anzahl;LGE001;Lohn- und Gehaltsempfänger;
48121;Statistik für kleine und mittlere Unternehmen;JAHR;Jahr;2010;DINSG;Deutschland insgesamt;DG;Deutschland;UNTGR2;Unternehmensgröße;UNT-0001;Kleinstunternehmen;5267;EUR;INV023;Bruttoinvestitionen in Sachanl. je tätige Person;e
48121;Statistik für kleine und mittlere Unternehmen;JAHR;Jahr;2010;DINSG;Deutschland insgesamt;DG;Deutschland;UNTGR2;Unternehmensgröße;UNT-0001;Kleinstunternehmen;-;Mill. EUR;KOS002;Kosten für Mieten und Pachten;
48121;Statistik für kleine und mittlere Unternehmen;JAHR;Jahr;2010;DINSG;Deutschland insgesamt;DG;Deutschland;UNTGR2;Unternehmensgröße;UNT-0001;Kleinstunternehmen;-;EUR;PAW008;Personalaufwendungen je tätige Person;
48121;Statistik für kleine und mittlere Unternehmen;JAHR;Jahr;2010;DINSG;Deutschland insgesamt;DG;Deutschland;UNTGR2;Unternehmensgröße;UNT-0001;Kleinstunternehmen;.;Mill. EUR;KAU008;Käufe v.Waren u.DL z.Wiederverk. i.unveränd. Zust.;
48121;Statistik für kleine und mittlere Unternehmen;JAHR;Jahr;2010;DINSG;Deutschland insgesamt;DG;Deutschland;UNTGR2;Unternehmensgröße;UNT-0001;Kleinstunternehmen;4665889;Anzahl;PER005;Tätige Personen;e
48121;Statistik für kleine und mittlere Unternehmen;JAHR;Jahr;2010;DINSG;Deutschland insgesamt;DG;Deutschland;UNTGR2;Unternehmensgröße;UNT-0001;Kleinstunternehmen;.;Mill. EUR;KOS026;Sozialversicherungskosten;
48121;Statistik für kleine und mittlere Unternehmen;JAHR;Jahr;2010;DINSG;Deutschland insgesamt;DG;Deutschland;UNTGR2;Unternehmensgröße;UNT-0001;Kleinstunternehmen;.;Anzahl;LGE002;Lohn- und Gehaltsempfänger in Vollzeiteinheiten;
48121;Statistik für kleine und mittlere Unternehmen;JAHR;Jahr;2010;DINSG;Deutschland insgesamt;DG;Deutschland;UNTGR2;Unternehmensgröße;UNT-0001;Kleinstunternehmen;-;Mill. EUR;PAW002;Personalaufwendungen;
48121;Statistik für kleine und mittlere Unternehmen;JAHR;Jahr;2010;DINSG;Deutschland insgesamt;DG;Deutschland;UNTGR2;Unternehmensgröße;UNT-0001;Kleinstunternehmen;.;Mill. EUR;PRO013;Produktionswert;
48121;Statistik für kleine und mittlere Unternehmen;JAHR;Jahr;2010;DINSG;Deutschland insgesamt;DG;Deutschland;UNTGR2;Unternehmensgröße;UNT-0001;Kleinstunternehmen;.;Mill. EUR;KAU007;Waren- und Dienstleistungskäufe;
48121;Statistik für kleine und mittlere Unternehmen;JAHR;Jahr;2010;DINSG;Deutschland insgesamt;DG;Deutschland;UNTGR2;Unternehmensgröße;UNT-0001;Kleinstunternehmen;147649;Mill. EUR;BWS003;Bruttowertschöpfung zu Faktorkosten;e
48121;Statistik für kleine und mittlere Unternehmen;JAHR;Jahr;2010;DINSG;Deutschland insgesamt;DG;Deutschland;UNTGR2;Unternehmensgröße;UNT-0001;Kleinstunternehmen;72425;EUR;UMS050;Umsatz je tätige Person;e
48121;Statistik für kleine und mittlere Unternehmen;JAHR;Jahr;2010;DINSG;Deutschland insgesamt;DG;Deutschland;UNTGR2;Unternehmensgröße;UNT-0001;Kleinstunternehmen;667023;Anzahl;UNT007;Unternehmen mit Investitionen;e
48121;Statistik für kleine und mittlere Unternehmen;JAHR;Jahr;2010;DINSG;Deutschland insgesamt;DG;Deutschland;UNTGR2;Unternehmensgröße;UNT-0001;Kleinstunternehmen;-;EUR;BBU003;Bruttobetriebsüberschuss je tätige Person;
48121;Statistik für kleine und mittlere Unternehmen;JAHR;Jahr;2010;DINSG;Deutschland insgesamt;DG;Deutschland;UNTGR2;Unternehmensgröße;UNT-0001;Kleinstunternehmen;-;Mill. EUR;BBU001;Bruttobetriebsüberschuss;
48121;Statistik für kleine und mittlere Unternehmen;JAHR;Jahr;2010;DINSG;Deutschland insgesamt;DG;Deutschland;UNTGR2;Unternehmensgröße;UNT-0001;Kleinstunternehmen;-;Mill. EUR;VRV001;Vorratsveränderungen bei Waren;
48121;Statistik für kleine und mittlere Unternehmen;JAHR;Jahr;2010;DINSG;Deutschland insgesamt;DG;Deutschland;UNTGR2;Unternehmensgröße;UNT-0001;Kleinstunternehmen;31644;EUR;BWS010;Bruttowertschöpf. zu Faktorkosten je tätige Person;e
48121;Statistik für kleine und mittlere Unternehmen;JAHR;Jahr;2010;DINSG;Deutschland insgesamt;DG;Deutschland;UNTGR2;Unternehmensgröße;UNT-0001;Kleinstunternehmen;.;Anzahl;UNT002;Unternehmen (EU);
48121;Statistik für kleine und mittlere Unternehmen;JAHR;Jahr;2023;DINSG;Deutschland insgesamt;DG;Deutschland;UNTGR2;Unternehmensgröße;UNT-1000;Großunternehmen;-;Anzahl;UNT003;Unternehmen;
48121;Statistik für kleine und mittlere Unternehmen;JAHR;Jahr;2023;DINSG;Deutschland insgesamt;DG;Deutschland;UNTGR2;Unternehmensgröße;UNT-1000;Großunternehmen;33995;Mill. EUR;AUFW05;Aufwendungen für Leiharbeitnehmer;r
48121;Statistik für kleine und mittlere Unternehmen;JAHR;Jahr;2023;DINSG;Deutschland insgesamt;DG;Deutschland;UNTGR2;Unternehmensgröße;UNT-1000;Großunternehmen;896285;Mill. EUR;VST005;Bruttolöhne und -gehälter;e
48121;Statistik für kleine und mittlere Unternehmen;JAHR;Jahr;2023;DINSG;Deutschland insgesamt;DG;Deutschland;UNTGR2;Unternehmensgröße;UNT-1000;Großunternehmen;283196;Mill. EUR;INV018;Bruttoinvestitionen in Sachanlagen;e
48121;Statistik für kleine und mittlere Unternehmen;JAHR;Jahr;2023;DINSG;Deutschland insgesamt;DG;Deutschland;UNTGR2;Unternehmensgröße;UNT-1000;Großunternehmen;7433504;Mill. EUR;UMS002;Umsatz;e
48121;Statistik für kleine und mittlere Unternehmen;JAHR;Jahr;2023;DINSG;Deutschland insgesamt;DG;Deutschland;UNTGR2;Unternehmensgröße;UNT-1000;Großunternehmen;17824057;Anzahl;LGE001;Lohn- und Gehaltsempfänger;e
48121;Statistik für kleine und mittlere Unternehmen;JAHR;Jahr;2023;DINSG;Deutschland insgesamt;DG;Deutschland;UNTGR2;Unternehmensgröße;UNT-1000;Großunternehmen;15835;EUR;INV023;Bruttoinvestitionen in Sachanl. je tätige Person;e
48121;Statistik für kleine und mittlere Unternehmen;JAHR;Jahr;2023;DINSG;Deutschland insgesamt;DG;Deutschland;UNTGR2;Unternehmensgröße;UNT-1000;Großunternehmen;118344;Mill. EUR;KOS002;Kosten für Mieten und Pachten;r
48121;Statistik für kleine und mittlere Unternehmen;JAHR;Jahr;2023;DINSG;Deutschland insgesamt;DG;Deutschland;UNTGR2;Unternehmensgröße;UNT-1000;Großunternehmen;61390;EUR;PAW008;Personalaufwendungen je tätige Person;e
48121;Statistik für kleine und mittlere Unternehmen;JAHR;Jahr;2023;DINSG;Deutschland insgesamt;DG;Deutschland;UNTGR2;Unternehmensgröße;UNT-1000;Großunternehmen;2138702;Mill. EUR;KAU008;Käufe v.Waren u.DL z.Wiederverk. i.unveränd. Zust.;e
48121;Statistik für kleine und mittlere Unternehmen;JAHR;Jahr;2023;DINSG;Deutschland insgesamt;DG;Deutschland;UNTGR2;Unternehmensgröße;UNT-1000;Großunternehmen;17883951;Anzahl;PER005;Tätige Personen;e
48121;Statistik für kleine und mittlere Unternehmen;JAHR;Jahr;2023;DINSG;Deutschland insgesamt;DG;Deutschland;UNTGR2;Unternehmensgröße;UNT-1000;Großunternehmen;201609;Mill. EUR;KOS026;Sozialversicherungskosten;e
48121;Statistik für kleine und mittlere Unternehmen;JAHR;Jahr;2023;DINSG;Deutschland insgesamt;DG;Deutschland;UNTGR2;Unternehmensgröße;UNT-1000;Großunternehmen;15399391;Anzahl;LGE002;Lohn- und Gehaltsempfänger in Vollzeiteinheiten;e
48121;Statistik für kleine und mittlere Unternehmen;JAHR;Jahr;2023;DINSG;Deutschland insgesamt;DG;Deutschland;UNTGR2;Unternehmensgröße;UNT-1000;Großunternehmen;1097894;Mill. EUR;PAW002;Personalaufwendungen;e
48121;Statistik für kleine und mittlere Unternehmen;JAHR;Jahr;2023;DINSG;Deutschland insgesamt;DG;Deutschland;UNTGR2;Unternehmensgröße;UNT-1000;Großunternehmen;5100186;Mill. EUR;PRO013;Produktionswert;e
48121;Statistik für kleine und mittlere Unternehmen;JAHR;Jahr;2023;DINSG;Deutschland insgesamt;DG;Deutschland;UNTGR2;Unternehmensgröße;UNT-1000;Großunternehmen;5556631;Mill. EUR;KAU007;Waren- und Dienstleistungskäufe;e
48121;Statistik für kleine und mittlere Unternehmen;JAHR;Jahr;2023;DINSG;Deutschland insgesamt;DG;Deutschland;UNTGR2;Unternehmensgröße;UNT-1000;Großunternehmen;1687585;Mill. EUR;BWS003;Bruttowertschöpfung zu Faktorkosten;e
48121;Statistik für kleine und mittlere Unternehmen;JAHR;Jahr;2023;DINSG;Deutschland insgesamt;DG;Deutschland;UNTGR2;Unternehmensgröße;UNT-1000;Großunternehmen;415652;EUR;UMS050;Umsatz je tätige Person;e
48121;Statistik für kleine und mittlere Unternehmen;JAHR;Jahr;2023;DINSG;Deutschland insgesamt;DG;Deutschland;UNTGR2;Unternehmensgröße;UNT-1000;Großunternehmen;18163;Anzahl;UNT007;Unternehmen mit Investitionen;e
48121;Statistik für kleine und mittlere Unternehmen;JAHR;Jahr;2023;DINSG;Deutschland insgesamt;DG;Deutschland;UNTGR2;Unternehmensgröße;UNT-1000;Großunternehmen;32973;EUR;BBU003;Bruttobetriebsüberschuss je tätige Person;e
48121;Statistik für kleine und mittlere Unternehmen;JAHR;Jahr;2023;DINSG;Deutschland insgesamt;DG;Deutschland;UNTGR2;Unternehmensgröße;UNT-1000;Großunternehmen;589692;Mill. EUR;BBU001;Bruttobetriebsüberschuss;e
48121;Statistik für kleine und mittlere Unternehmen;JAHR;Jahr;2023;DINSG;Deutschland insgesamt;DG;Deutschland;UNTGR2;Unternehmensgröße;UNT-1000;Großunternehmen;6419;Mill. EUR;VRV001;Vorratsveränderungen bei Waren;e
48121;Statistik für kleine und mittlere Unternehmen;JAHR;Jahr;2023;DINSG;Deutschland insgesamt;DG;Deutschland;UNTGR2;Unternehmensgröße;UNT-1000;Großunternehmen;94363;EUR;BWS010;Bruttowertschöpf. zu Faktorkosten je tätige Person;e
48121;Statistik für kleine und mittlere Unternehmen;JAHR;Jahr;2023;DINSG;Deutschland insgesamt;DG;Deutschland;UNTGR2;Unternehmensgröße;UNT-1000;Großunternehmen;21515;Anzahl;UNT002;Unternehmen (EU);e
48121;Statistik für kleine und mittlere Unternehmen;JAHR;Jahr;2021;DINSG;Deutschland insgesamt;DG;Deutschland;UNTGR2;Unternehmensgröße;UNT-1000;Großunternehmen;-;Anzahl;UNT003;Unternehmen;
48121;Statistik für kleine und mittlere Unternehmen;JAHR;Jahr;2021;DINSG;Deutschland insgesamt;DG;Deutschland;UNTGR2;Unternehmensgröße;UNT-1000;Großunternehmen;25629;Mill. EUR;AUFW05;Aufwendungen für Leiharbeitnehmer;e
48121;Statistik für kleine und mittlere Unternehmen;JAHR;Jahr;2021;DINSG;Deutschland insgesamt;DG;Deutschland;UNTGR2;Unternehmensgröße;UNT-1000;Großunternehmen;792447;Mill. EUR;VST005;Bruttolöhne und -gehälter;e
48121;Statistik für kleine und mittlere Unternehmen;JAHR;Jahr;2021;DINSG;Deutschland insgesamt;DG;Deutschland;UNTGR2;Unternehmensgröße;UNT-1000;Großunternehmen;229352;Mill. EUR;INV018;Bruttoinvestitionen in Sachanlagen;e
48121;Statistik für kleine und mittlere Unternehmen;JAHR;Jahr;2021;DINSG;Deutschland insgesamt;DG;Deutschland;UNTGR2;Unternehmensgröße;UNT-1000;Großunternehmen;6101190;Mill. EUR;UMS002;Umsatz;e
48121;Statistik für kleine und mittlere Unternehmen;JAHR;Jahr;2021;DINSG;Deutschland insgesamt;DG;Deutschland;UNTGR2;Unternehmensgröße;UNT-1000;Großunternehmen;17280969;Anzahl;LGE001;Lohn- und Gehaltsempfänger;e
48121;Statistik für kleine und mittlere Unternehmen;JAHR;Jahr;2021;DINSG;Deutschland insgesamt;DG;Deutschland;UNTGR2;Unternehmensgröße;UNT-1000;Großunternehmen;13228;EUR;INV023;Bruttoinvestitionen in Sachanl. je tätige Person;e
48121;Statistik für kleine und mittlere Unternehmen;JAHR;Jahr;2021;DINSG;Deutschland insgesamt;DG;Deutschland;UNTGR2;Unternehmensgröße;UNT-1000;Großunternehmen;103306;Mill. EUR;KOS002;Kosten für Mieten und Pachten;e
48121;Statistik für kleine und mittlere Unternehmen;JAHR;Jahr;2021;DINSG;Deutschland insgesamt;DG;Deutschland;UNTGR2;Unternehmensgröße;UNT-1000;Großunternehmen;56430;EUR;PAW008;Personalaufwendungen je tätige Person;e
48121;Statistik für kleine und mittlere Unternehmen;JAHR;Jahr;2021;DINSG;Deutschland insgesamt;DG;Deutschland;UNTGR2;Unternehmensgröße;UNT-1000;Großunternehmen;1744869;Mill. EUR;KAU008;Käufe v.Waren u.DL z.Wiederverk. i.unveränd. Zust.;e
48121;Statistik für kleine und mittlere Unternehmen;JAHR;Jahr;2021;DINSG;Deutschland insgesamt;DG;Deutschland;UNTGR2;Unternehmensgröße;UNT-1000;Großunternehmen;17338223;Anzahl;PER005;Tätige Personen;e
48121;Statistik für kleine und mittlere Unternehmen;JAHR;Jahr;2021;DINSG;Deutschland insgesamt;DG;Deutschland;UNTGR2;Unternehmensgröße;UNT-1000;Großunternehmen;185954;Mill. EUR;KOS026;Sozialversicherungskosten;e
48121;Statistik für kleine und mittlere Unternehmen;JAHR;Jahr;2021;DINSG;Deutschland insgesamt;DG;Deutschland;UNTGR2;Unternehmensgröße;UNT-1000;Großunternehmen;14955337;Anzahl;LGE002;Lohn- und Gehaltsempfänger in Vollzeiteinheiten;e
48121;Statistik für kleine und mittlere Unternehmen;JAHR;Jahr;2021;DINSG;Deutschland insgesamt;DG;Deutschland;UNTGR2;Unternehmensgröße;UNT-1000;Großunternehmen;978400;Mill. EUR;PAW002;Personalaufwendungen;e
48121;Statistik für kleine und mittlere Unternehmen;JAHR;Jahr;2021;DINSG;Deutschland insgesamt;DG;Deutschland;UNTGR2;Unternehmensgröße;UNT-1000;Großunternehmen;4202681;Mill. EUR;PRO013;Produktionswert;e
48121;Statistik für kleine und mittlere Unternehmen;JAHR;Jahr;2021;DINSG;Deutschland insgesamt;DG;Deutschland;UNTGR2;Unternehmensgröße;UNT-1000;Großunternehmen;4443201;Mill. EUR;KAU007;Waren- und Dienstleistungskäufe;e
48121;Statistik für kleine und mittlere Unternehmen;JAHR;Jahr;2021;DINSG;Deutschland insgesamt;DG;Deutschland;UNTGR2;Unternehmensgröße;UNT-1000;Großunternehmen;1554454;Mill. EUR;BWS003;Bruttowertschöpfung zu Faktorkosten;e
48121;Statistik für kleine und mittlere Unternehmen;JAHR;Jahr;2021;DINSG;Deutschland insgesamt;DG;Deutschland;UNTGR2;Unternehmensgröße;UNT-1000;Großunternehmen;351892;EUR;UMS050;Umsatz je tätige Person;e
48121;Statistik für kleine und mittlere Unternehmen;JAHR;Jahr;2021;DINSG;Deutschland insgesamt;DG;Deutschland;UNTGR2;Unternehmensgröße;UNT-1000;Großunternehmen;18688;Anzahl;UNT007;Unternehmen mit Investitionen;e
48121;Statistik für kleine und mittlere Unternehmen;JAHR;Jahr;2021;DINSG;Deutschland insgesamt;DG;Deutschland;UNTGR2;Unternehmensgröße;UNT-1000;Großunternehmen;33225;EUR;BBU003;Bruttobetriebsüberschuss je tätige Person;e
48121;Statistik für kleine und mittlere Unternehmen;JAHR;Jahr;2021;DINSG;Deutschland insgesamt;DG;Deutschland;UNTGR2;Unternehmensgröße;UNT-1000;Großunternehmen;576054;Mill. EUR;BBU001;Bruttobetriebsüberschuss;e
48121;Statistik für kleine und mittlere Unternehmen;JAHR;Jahr;2021;DINSG;Deutschland insgesamt;DG;Deutschland;UNTGR2;Unternehmensgröße;UNT-1000;Großunternehmen;65179;Mill. EUR;VRV001;Vorratsveränderungen bei Waren;e
48121;Statistik für kleine und mittlere Unternehmen;JAHR;Jahr;2021;DINSG;Deutschland insgesamt;DG;Deutschland;UNTGR2;Unternehmensgröße;UNT-1000;Großunternehmen;89655;EUR;BWS010;Bruttowertschöpf. zu Faktorkosten je tätige Person;e
48121;Statistik für kleine und mittlere Unternehmen;JAHR;Jahr;2021;DINSG;Deutschland insgesamt;DG;Deutschland;UNTGR2;Unternehmensgröße;UNT-1000;Großunternehmen;19894;Anzahl;UNT002;Unternehmen (EU);e
48121;Statistik für kleine und mittlere Unternehmen;JAHR;Jahr;2016;DINSG;Deutschland insgesamt;DG;Deutschland;UNTGR2;Unternehmensgröße;UNT-1000;Großunternehmen;17859;Anzahl;UNT003;Unternehmen;e
48121;Statistik für kleine und mittlere Unternehmen;JAHR;Jahr;2016;DINSG;Deutschland insgesamt;DG;Deutschland;UNTGR2;Unternehmensgröße;UNT-1000;Großunternehmen;.;Mill. EUR;AUFW05;Aufwendungen für Leiharbeitnehmer;
48121;Statistik für kleine und mittlere Unternehmen;JAHR;Jahr;2016;DINSG;Deutschland insgesamt;DG;Deutschland;UNTGR2;Unternehmensgröße;UNT-1000;Großunternehmen;.;Mill. EUR;VST005;Bruttolöhne und -gehälter;
48121;Statistik für kleine und mittlere Unternehmen;JAHR;Jahr;2016;DINSG;Deutschland insgesamt;DG;Deutschland;UNTGR2;Unternehmensgröße;UNT-1000;Großunternehmen;122606;Mill. EUR;INV018;Bruttoinvestitionen in Sachanlagen;e
48121;Statistik für kleine und mittlere Unternehmen;JAHR;Jahr;2016;DINSG;Deutschland insgesamt;DG;Deutschland;UNTGR2;Unternehmensgröße;UNT-1000;Großunternehmen;4101281;Mill. EUR;UMS002;Umsatz;e
48121;Statistik für kleine und mittlere Unternehmen;JAHR;Jahr;2016;DINSG;Deutschland insgesamt;DG;Deutschland;UNTGR2;Unternehmensgröße;UNT-1000;Großunternehmen;.;Anzahl;LGE001;Lohn- und Gehaltsempfänger;
48121;Statistik für kleine und mittlere Unternehmen;JAHR;Jahr;2016;DINSG;Deutschland insgesamt;DG;Deutschland;UNTGR2;Unternehmensgröße;UNT-1000;Großunternehmen;10851;EUR;INV023;Bruttoinvestitionen in Sachanl. je tätige Person;e
48121;Statistik für kleine und mittlere Unternehmen;JAHR;Jahr;2016;DINSG;Deutschland insgesamt;DG;Deutschland;UNTGR2;Unternehmensgröße;UNT-1000;Großunternehmen;-;Mill. EUR;KOS002;Kosten für Mieten und Pachten;
48121;Statistik für kleine und mittlere Unternehmen;JAHR;Jahr;2016;DINSG;Deutschland insgesamt;DG;Deutschland;UNTGR2;Unternehmensgröße;UNT-1000;Großunternehmen;50878;EUR;PAW008;Personalaufwendungen je tätige Person;e
48121;Statistik für kleine und mittlere Unternehmen;JAHR;Jahr;2016;DINSG;Deutschland insgesamt;DG;Deutschland;UNTGR2;Unternehmensgröße;UNT-1000;Großunternehmen;.;Mill. EUR;KAU008;Käufe v.Waren u.DL z.Wiederverk. i.unveränd. Zust.;
48121;Statistik für kleine und mittlere Unternehmen;JAHR;Jahr;2016;DINSG;Deutschland insgesamt;DG;Deutschland;UNTGR2;Unternehmensgröße;UNT-1000;Großunternehmen;11299510;Anzahl;PER005;Tätige Personen;e
48121;Statistik für kleine und mittlere Unternehmen;JAHR;Jahr;2016;DINSG;Deutschland insgesamt;DG;Deutschland;UNTGR2;Unternehmensgröße;UNT-1000;Großunternehmen;.;Mill. EUR;KOS026;Sozialversicherungskosten;
48121;Statistik für kleine und mittlere Unternehmen;JAHR;Jahr;2016;DINSG;Deutschland insgesamt;DG;Deutschland;UNTGR2;Unternehmensgröße;UNT-1000;Großunternehmen;.;Anzahl;LGE002;Lohn- und Gehaltsempfänger in Vollzeiteinheiten;
48121;Statistik für kleine und mittlere Unternehmen;JAHR;Jahr;2016;DINSG;Deutschland insgesamt;DG;Deutschland;UNTGR2;Unternehmensgröße;UNT-1000;Großunternehmen;574891;Mill. EUR;PAW002;Personalaufwendungen;e
48121;Statistik für kleine und mittlere Unternehmen;JAHR;Jahr;2016;DINSG;Deutschland insgesamt;DG;Deutschland;UNTGR2;Unternehmensgröße;UNT-1000;Großunternehmen;.;Mill. EUR;PRO013;Produktionswert;
48121;Statistik für kleine und mittlere Unternehmen;JAHR;Jahr;2016;DINSG;Deutschland insgesamt;DG;Deutschland;UNTGR2;Unternehmensgröße;UNT-1000;Großunternehmen;.;Mill. EUR;KAU007;Waren- und Dienstleistungskäufe;
48121;Statistik für kleine und mittlere Unternehmen;JAHR;Jahr;2016;DINSG;Deutschland insgesamt;DG;Deutschland;UNTGR2;Unternehmensgröße;UNT-1000;Großunternehmen;869591;Mill. EUR;BWS003;Bruttowertschöpfung zu Faktorkosten;e
48121;Statistik für kleine und mittlere Unternehmen;JAHR;Jahr;2016;DINSG;Deutschland insgesamt;DG;Deutschland;UNTGR2;Unternehmensgröße;UNT-1000;Großunternehmen;362961;EUR;UMS050;Umsatz je tätige Person;e
48121;Statistik für kleine und mittlere Unternehmen;JAHR;Jahr;2016;DINSG;Deutschland insgesamt;DG;Deutschland;UNTGR2;Unternehmensgröße;UNT-1000;Großunternehmen;15832;Anzahl;UNT007;Unternehmen mit Investitionen;e
48121;Statistik für kleine und mittlere Unternehmen;JAHR;Jahr;2016;DINSG;Deutschland insgesamt;DG;Deutschland;UNTGR2;Unternehmensgröße;UNT-1000;Großunternehmen;26081;EUR;BBU003;Bruttobetriebsüberschuss je tätige Person;e
48121;Statistik für kleine und mittlere Unternehmen;JAHR;Jahr;2016;DINSG;Deutschland insgesamt;DG;Deutschland;UNTGR2;Unternehmensgröße;UNT-1000;Großunternehmen;294700;Mill. EUR;BBU001;Bruttobetriebsüberschuss;e
48121;Statistik für kleine und mittlere Unternehmen;JAHR;Jahr;2016;DINSG;Deutschland insgesamt;DG;Deutschland;UNTGR2;Unternehmensgröße;UNT-1000;Großunternehmen;-;Mill. EUR;VRV001;Vorratsveränderungen bei Waren;
48121;Statistik für kleine und mittlere Unternehmen;JAHR;Jahr;2016;DINSG;Deutschland insgesamt;DG;Deutschland;UNTGR2;Unternehmensgröße;UNT-1000;Großunternehmen;76958;EUR;BWS010;Bruttowertschöpf. zu Faktorkosten je tätige Person;e
48121;Statistik für kleine und mittlere Unternehmen;JAHR;Jahr;2016;DINSG;Deutschland insgesamt;DG;Deutschland;UNTGR2;Unternehmensgröße;UNT-1000;Großunternehmen;.;Anzahl;UNT002;Unternehmen (EU);
48121;Statistik für kleine und mittlere Unternehmen;JAHR;Jahr;2009;DINSG;Deutschland insgesamt;DG;Deutschland;UNTGR2;Unternehmensgröße;UNT-0001;Kleinstunternehmen;1651590;Anzahl;UNT003;Unternehmen;e
48121;Statistik für kleine und mittlere Unternehmen;JAHR;Jahr;2009;DINSG;Deutschland insgesamt;DG;Deutschland;UNTGR2;Unternehmensgröße;UNT-0001;Kleinstunternehmen;.;Mill. EUR;AUFW05;Aufwendungen für Leiharbeitnehmer;
48121;Statistik für kleine und mittlere Unternehmen;JAHR;Jahr;2009;DINSG;Deutschland insgesamt;DG;Deutschland;UNTGR2;Unternehmensgröße;UNT-0001;Kleinstunternehmen;.;Mill. EUR;VST005;Bruttolöhne und -gehälter;
48121;Statistik für kleine und mittlere Unternehmen;JAHR;Jahr;2009;DINSG;Deutschland insgesamt;DG;Deutschland;UNTGR2;Unternehmensgröße;UNT-0001;Kleinstunternehmen;20960;Mill. EUR;INV018;Bruttoinvestitionen in Sachanlagen;e
48121;Statistik für kleine und mittlere Unternehmen;JAHR;Jahr;2009;DINSG;Deutschland insgesamt;DG;Deutschland;UNTGR2;Unternehmensgröße;UNT-0001;Kleinstunternehmen;321030;Mill. EUR;UMS002;Umsatz;e
48121;Statistik für kleine und mittlere Unternehmen;JAHR;Jahr;2009;DINSG;Deutschland insgesamt;DG;Deutschland;UNTGR2;Unternehmensgröße;UNT-0001;Kleinstunternehmen;.;Anzahl;LGE001;Lohn- und Gehaltsempfänger;
48121;Statistik für kleine und mittlere Unternehmen;JAHR;Jahr;2009;DINSG;Deutschland insgesamt;DG;Deutschland;UNTGR2;Unternehmensgröße;UNT-0001;Kleinstunternehmen;4620;EUR;INV023;Bruttoinvestitionen in Sachanl. je tätige Person;e
48121;Statistik für kleine und mittlere Unternehmen;JAHR;Jahr;2009;DINSG;Deutschland insgesamt;DG;Deutschland;UNTGR2;Unternehmensgröße;UNT-0001;Kleinstunternehmen;-;Mill. EUR;KOS002;Kosten für Mieten und Pachten;
48121;Statistik für kleine und mittlere Unternehmen;JAHR;Jahr;2009;DINSG;Deutschland insgesamt;DG;Deutschland;UNTGR2;Unternehmensgröße;UNT-0001;Kleinstunternehmen;-;EUR;PAW008;Personalaufwendungen je tätige Person;
48121;Statistik für kleine und mittlere Unternehmen;JAHR;Jahr;2009;DINSG;Deutschland insgesamt;DG;Deutschland;UNTGR2;Unternehmensgröße;UNT-0001;Kleinstunternehmen;.;Mill. EUR;KAU008;Käufe v.Waren u.DL z.Wiederverk. i.unveränd. Zust.;
48121;Statistik für kleine und mittlere Unternehmen;JAHR;Jahr;2009;DINSG;Deutschland insgesamt;DG;Deutschland;UNTGR2;Unternehmensgröße;UNT-0001;Kleinstunternehmen;4536537;Anzahl;PER005;Tätige Personen;e
48121;Statistik für kleine und mittlere Unternehmen;JAHR;Jahr;2009;DINSG;Deutschland insgesamt;DG;Deutschland;UNTGR2;Unternehmensgröße;UNT-0001;Kleinstunternehmen;.;Mill. EUR;KOS026;Sozialversicherungskosten;
48121;Statistik für kleine und mittlere Unternehmen;JAHR;Jahr;2009;DINSG;Deutschland insgesamt;DG;Deutschland;UNTGR2;Unternehmensgröße;UNT-0001;Kleinstunternehmen;.;Anzahl;LGE002;Lohn- und Gehaltsempfänger in Vollzeiteinheiten;
48121;Statistik für kleine und mittlere Unternehmen;JAHR;Jahr;2009;DINSG;Deutschland insgesamt;DG;Deutschland;UNTGR2;Unternehmensgröße;UNT-0001;Kleinstunternehmen;-;Mill. EUR;PAW002;Personalaufwendungen;
48121;Statistik für kleine und mittlere Unternehmen;JAHR;Jahr;2009;DINSG;Deutschland insgesamt;DG;Deutschland;UNTGR2;Unternehmensgröße;UNT-0001;Kleinstunternehmen;.;Mill. EUR;PRO013;Produktionswert;
48121;Statistik für kleine und mittlere Unternehmen;JAHR;Jahr;2009;DINSG;Deutschland insgesamt;DG;Deutschland;UNTGR2;Unternehmensgröße;UNT-0001;Kleinstunternehmen;.;Mill. EUR;KAU007;Waren- und Dienstleistungskäufe;
48121;Statistik für kleine und mittlere Unternehmen;JAHR;Jahr;2009;DINSG;Deutschland insgesamt;DG;Deutschland;UNTGR2;Unternehmensgröße;UNT-0001;Kleinstunternehmen;142247;Mill. EUR;BWS003;Bruttowertschöpfung zu Faktorkosten;e
48121;Statistik für kleine und mittlere Unternehmen;JAHR;Jahr;2009;DINSG;Deutschland insgesamt;DG;Deutschland;UNTGR2;Unternehmensgröße;UNT-0001;Kleinstunternehmen;70765;EUR;UMS050;Umsatz je tätige Person;e
48121;Statistik für kleine und mittlere Unternehmen;JAHR;Jahr;2009;DINSG;Deutschland insgesamt;DG;Deutschland;UNTGR2;Unternehmensgröße;UNT-0001;Kleinstunternehmen;590437;Anzahl;UNT007;Unternehmen mit Investitionen;e
48121;Statistik für kleine und mittlere Unternehmen;JAHR;Jahr;2009;DINSG;Deutschland insgesamt;DG;Deutschland;UNTGR2;Unternehmensgröße;UNT-0001;Kleinstunternehmen;-;EUR;BBU003;Bruttobetriebsüberschuss je tätige Person;
48121;Statistik für kleine und mittlere Unternehmen;JAHR;Jahr;2009;DINSG;Deutschland insgesamt;DG;Deutschland;UNTGR2;Unternehmensgröße;UNT-0001;Kleinstunternehmen;-;Mill. EUR;BBU001;Bruttobetriebsüberschuss;
48121;Statistik für kleine und mittlere Unternehmen;JAHR;Jahr;2009;DINSG;Deutschland insgesamt;DG;Deutschland;UNTGR2;Unternehmensgröße;UNT-0001;Kleinstunternehmen;-;Mill. EUR;VRV001;Vorratsveränderungen bei Waren;
48121;Statistik für kleine und mittlere Unternehmen;JAHR;Jahr;2009;DINSG;Deutschland insgesamt;DG;Deutschland;UNTGR2;Unternehmensgröße;UNT-0001;Kleinstunternehmen;31356;EUR;BWS010;Bruttowertschöpf. zu Faktorkosten je tätige Person;e
48121;Statistik für kleine und mittlere Unternehmen;JAHR;Jahr;2009;DINSG;Deutschland insgesamt;DG;Deutschland;UNTGR2;Unternehmensgröße;UNT-0001;Kleinstunternehmen;.;Anzahl;UNT002;Unternehmen (EU);
48121;Statistik für kleine und mittlere Unternehmen;JAHR;Jahr;2021;DINSG;Deutschland insgesamt;DG;Deutschland;UNTGR2;Unternehmensgröße;;Insgesamt;-;Anzahl;UNT003;Unternehmen;
48121;Statistik für kleine und mittlere Unternehmen;JAHR;Jahr;2021;DINSG;Deutschland insgesamt;DG;Deutschland;UNTGR2;Unternehmensgröße;;Insgesamt;33692;Mill. EUR;AUFW05;Aufwendungen für Leiharbeitnehmer;e
48121;Statistik für kleine und mittlere Unternehmen;JAHR;Jahr;2021;DINSG;Deutschland insgesamt;DG;Deutschland;UNTGR2;Unternehmensgröße;;Insgesamt;1293510;Mill. EUR;VST005;Bruttolöhne und -gehälter;e
48121;Statistik für kleine und mittlere Unternehmen;JAHR;Jahr;2021;DINSG;Deutschland insgesamt;DG;Deutschland;UNTGR2;Unternehmensgröße;;Insgesamt;395280;Mill. EUR;INV018;Bruttoinvestitionen in Sachanlagen;e
48121;Statistik für kleine und mittlere Unternehmen;JAHR;Jahr;2021;DINSG;Deutschland insgesamt;DG;Deutschland;UNTGR2;Unternehmensgröße;;Insgesamt;8561077;Mill. EUR;UMS002;Umsatz;e
48121;Statistik für kleine und mittlere Unternehmen;JAHR;Jahr;2021;DINSG;Deutschland insgesamt;DG;Deutschland;UNTGR2;Unternehmensgröße;;Insgesamt;35236628;Anzahl;LGE001;Lohn- und Gehaltsempfänger;e
48121;Statistik für kleine und mittlere Unternehmen;JAHR;Jahr;2021;DINSG;Deutschland insgesamt;DG;Deutschland;UNTGR2;Unternehmensgröße;;Insgesamt;10303;EUR;INV023;Bruttoinvestitionen in Sachanl. je tätige Person;e
48121;Statistik für kleine und mittlere Unternehmen;JAHR;Jahr;2021;DINSG;Deutschland insgesamt;DG;Deutschland;UNTGR2;Unternehmensgröße;;Insgesamt;211023;Mill. EUR;KOS002;Kosten für Mieten und Pachten;e
48121;Statistik für kleine und mittlere Unternehmen;JAHR;Jahr;2021;DINSG;Deutschland insgesamt;DG;Deutschland;UNTGR2;Unternehmensgröße;;Insgesamt;41481;EUR;PAW008;Personalaufwendungen je tätige Person;e
48121;Statistik für kleine und mittlere Unternehmen;JAHR;Jahr;2021;DINSG;Deutschland insgesamt;DG;Deutschland;UNTGR2;Unternehmensgröße;;Insgesamt;2336469;Mill. EUR;KAU008;Käufe v.Waren u.DL z.Wiederverk. i.unveränd. Zust.;e
48121;Statistik für kleine und mittlere Unternehmen;JAHR;Jahr;2021;DINSG;Deutschland insgesamt;DG;Deutschland;UNTGR2;Unternehmensgröße;;Insgesamt;38364855;Anzahl;PER005;Tätige Personen;e
48121;Statistik für kleine und mittlere Unternehmen;JAHR;Jahr;2021;DINSG;Deutschland insgesamt;DG;Deutschland;UNTGR2;Unternehmensgröße;;Insgesamt;297893;Mill. EUR;KOS026;Sozialversicherungskosten;e
48121;Statistik für kleine und mittlere Unternehmen;JAHR;Jahr;2021;DINSG;Deutschland insgesamt;DG;Deutschland;UNTGR2;Unternehmensgröße;;Insgesamt;30375540;Anzahl;LGE002;Lohn- und Gehaltsempfänger in Vollzeiteinheiten;e
48121;Statistik für kleine und mittlere Unternehmen;JAHR;Jahr;2021;DINSG;Deutschland insgesamt;DG;Deutschland;UNTGR2;Unternehmensgröße;;Insgesamt;1591403;Mill. EUR;PAW002;Personalaufwendungen;e
48121;Statistik für kleine und mittlere Unternehmen;JAHR;Jahr;2021;DINSG;Deutschland insgesamt;DG;Deutschland;UNTGR2;Unternehmensgröße;;Insgesamt;6156737;Mill. EUR;PRO013;Produktionswert;e
48121;Statistik für kleine und mittlere Unternehmen;JAHR;Jahr;2021;DINSG;Deutschland insgesamt;DG;Deutschland;UNTGR2;Unternehmensgröße;;Insgesamt;5852046;Mill. EUR;KAU007;Waren- und Dienstleistungskäufe;e
48121;Statistik für kleine und mittlere Unternehmen;JAHR;Jahr;2021;DINSG;Deutschland insgesamt;DG;Deutschland;UNTGR2;Unternehmensgröße;;Insgesamt;2697838;Mill. EUR;BWS003;Bruttowertschöpfung zu Faktorkosten;e
48121;Statistik für kleine und mittlere Unternehmen;JAHR;Jahr;2021;DINSG;Deutschland insgesamt;DG;Deutschland;UNTGR2;Unternehmensgröße;;Insgesamt;223149;EUR;UMS050;Umsatz je tätige Person;e
48121;Statistik für kleine und mittlere Unternehmen;JAHR;Jahr;2021;DINSG;Deutschland insgesamt;DG;Deutschland;UNTGR2;Unternehmensgröße;;Insgesamt;1340443;Anzahl;UNT007;Unternehmen mit Investitionen;e
48121;Statistik für kleine und mittlere Unternehmen;JAHR;Jahr;2021;DINSG;Deutschland insgesamt;DG;Deutschland;UNTGR2;Unternehmensgröße;;Insgesamt;28840;EUR;BBU003;Bruttobetriebsüberschuss je tätige Person;e
48121;Statistik für kleine und mittlere Unternehmen;JAHR;Jahr;2021;DINSG;Deutschland insgesamt;DG;Deutschland;UNTGR2;Unternehmensgröße;;Insgesamt;1106436;Mill. EUR;BBU001;Bruttobetriebsüberschuss;e
48121;Statistik für kleine und mittlere Unternehmen;JAHR;Jahr;2021;DINSG;Deutschland insgesamt;DG;Deutschland;UNTGR2;Unternehmensgröße;;Insgesamt;102026;Mill. EUR;VRV001;Vorratsveränderungen bei Waren;e
48121;Statistik für kleine und mittlere Unternehmen;JAHR;Jahr;2021;DINSG;Deutschland insgesamt;DG;Deutschland;UNTGR2;Unternehmensgröße;;Insgesamt;70321;EUR;BWS010;Bruttowertschöpf. zu Faktorkosten je tätige Person;e
48121;Statistik für kleine und mittlere Unternehmen;JAHR;Jahr;2021;DINSG;Deutschland insgesamt;DG;Deutschland;UNTGR2;Unternehmensgröße;;Insgesamt;3154683;Anzahl;UNT002;Unternehmen (EU);e
48121;Statistik für kleine und mittlere Unternehmen;JAHR;Jahr;2014;DINSG;Deutschland insgesamt;DG;Deutschland;UNTGR2;Unternehmensgröße;UNT-1000;Großunternehmen;16696;Anzahl;UNT003;Unternehmen;e
48121;Statistik für kleine und mittlere Unternehmen;JAHR;Jahr;2014;DINSG;Deutschland insgesamt;DG;Deutschland;UNTGR2;Unternehmensgröße;UNT-1000;Großunternehmen;.;Mill. EUR;AUFW05;Aufwendungen für Leiharbeitnehmer;
48121;Statistik für kleine und mittlere Unternehmen;JAHR;Jahr;2014;DINSG;Deutschland insgesamt;DG;Deutschland;UNTGR2;Unternehmensgröße;UNT-1000;Großunternehmen;.;Mill. EUR;VST005;Bruttolöhne und -gehälter;
48121;Statistik für kleine und mittlere Unternehmen;JAHR;Jahr;2014;DINSG;Deutschland insgesamt;DG;Deutschland;UNTGR2;Unternehmensgröße;UNT-1000;Großunternehmen;110907;Mill. EUR;INV018;Bruttoinvestitionen in Sachanlagen;e
48121;Statistik für kleine und mittlere Unternehmen;JAHR;Jahr;2014;DINSG;Deutschland insgesamt;DG;Deutschland;UNTGR2;Unternehmensgröße;UNT-1000;Großunternehmen;3995378;Mill. EUR;UMS002;Umsatz;e
48121;Statistik für kleine und mittlere Unternehmen;JAHR;Jahr;2014;DINSG;Deutschland insgesamt;DG;Deutschland;UNTGR2;Unternehmensgröße;UNT-1000;Großunternehmen;.;Anzahl;LGE001;Lohn- und Gehaltsempfänger;
48121;Statistik für kleine und mittlere Unternehmen;JAHR;Jahr;2014;DINSG;Deutschland insgesamt;DG;Deutschland;UNTGR2;Unternehmensgröße;UNT-1000;Großunternehmen;10269;EUR;INV023;Bruttoinvestitionen in Sachanl. je tätige Person;e
48121;Statistik für kleine und mittlere Unternehmen;JAHR;Jahr;2014;DINSG;Deutschland insgesamt;DG;Deutschland;UNTGR2;Unternehmensgröße;UNT-1000;Großunternehmen;-;Mill. EUR;KOS002;Kosten für Mieten und Pachten;
48121;Statistik für kleine und mittlere Unternehmen;JAHR;Jahr;2014;DINSG;Deutschland insgesamt;DG;Deutschland;UNTGR2;Unternehmensgröße;UNT-1000;Großunternehmen;49020;EUR;PAW008;Personalaufwendungen je tätige Person;e
48121;Statistik für kleine und mittlere Unternehmen;JAHR;Jahr;2014;DINSG;Deutschland insgesamt;DG;Deutschland;UNTGR2;Unternehmensgröße;UNT-1000;Großunternehmen;.;Mill. EUR;KAU008;Käufe v.Waren u.DL z.Wiederverk. i.unveränd. Zust.;
48121;Statistik für kleine und mittlere Unternehmen;JAHR;Jahr;2014;DINSG;Deutschland insgesamt;DG;Deutschland;UNTGR2;Unternehmensgröße;UNT-1000;Großunternehmen;10800619;Anzahl;PER005;Tätige Personen;e
48121;Statistik für kleine und mittlere Unternehmen;JAHR;Jahr;2014;DINSG;Deutschland insgesamt;DG;Deutschland;UNTGR2;Unternehmensgröße;UNT-1000;Großunternehmen;.;Mill. EUR;KOS026;Sozialversicherungskosten;
48121;Statistik für kleine und mittlere Unternehmen;JAHR;Jahr;2014;DINSG;Deutschland insgesamt;DG;Deutschland;UNTGR2;Unternehmensgröße;UNT-1000;Großunternehmen;.;Anzahl;LGE002;Lohn- und Gehaltsempfänger in Vollzeiteinheiten;
48121;Statistik für kleine und mittlere Unternehmen;JAHR;Jahr;2014;DINSG;Deutschland insgesamt;DG;Deutschland;UNTGR2;Unternehmensgröße;UNT-1000;Großunternehmen;529447;Mill. EUR;PAW002;Personalaufwendungen;e
48121;Statistik für kleine und mittlere Unternehmen;JAHR;Jahr;2014;DINSG;Deutschland insgesamt;DG;Deutschland;UNTGR2;Unternehmensgröße;UNT-1000;Großunternehmen;.;Mill. EUR;PRO013;Produktionswert;
48121;Statistik für kleine und mittlere Unternehmen;JAHR;Jahr;2014;DINSG;Deutschland insgesamt;DG;Deutschland;UNTGR2;Unternehmensgröße;UNT-1000;Großunternehmen;.;Mill. EUR;KAU007;Waren- und Dienstleistungskäufe;
48121;Statistik für kleine und mittlere Unternehmen;JAHR;Jahr;2014;DINSG;Deutschland insgesamt;DG;Deutschland;UNTGR2;Unternehmensgröße;UNT-1000;Großunternehmen;803227;Mill. EUR;BWS003;Bruttowertschöpfung zu Faktorkosten;e
48121;Statistik für kleine und mittlere Unternehmen;JAHR;Jahr;2014;DINSG;Deutschland insgesamt;DG;Deutschland;UNTGR2;Unternehmensgröße;UNT-1000;Großunternehmen;369921;EUR;UMS050;Umsatz je tätige Person;e
48121;Statistik für kleine und mittlere Unternehmen;JAHR;Jahr;2014;DINSG;Deutschland insgesamt;DG;Deutschland;UNTGR2;Unternehmensgröße;UNT-1000;Großunternehmen;14793;Anzahl;UNT007;Unternehmen mit Investitionen;e
48121;Statistik für kleine und mittlere Unternehmen;JAHR;Jahr;2014;DINSG;Deutschland insgesamt;DG;Deutschland;UNTGR2;Unternehmensgröße;UNT-1000;Großunternehmen;25063;EUR;BBU003;Bruttobetriebsüberschuss je tätige Person;e
48121;Statistik für kleine und mittlere Unternehmen;JAHR;Jahr;2014;DINSG;Deutschland insgesamt;DG;Deutschland;UNTGR2;Unternehmensgröße;UNT-1000;Großunternehmen;270692;Mill. EUR;BBU001;Bruttobetriebsüberschuss;e
48121;Statistik für kleine und mittlere Unternehmen;JAHR;Jahr;2014;DINSG;Deutschland insgesamt;DG;Deutschland;UNTGR2;Unternehmensgröße;UNT-1000;Großunternehmen;-;Mill. EUR;VRV001;Vorratsveränderungen bei Waren;
48121;Statistik für kleine und mittlere Unternehmen;JAHR;Jahr;2014;DINSG;Deutschland insgesamt;DG;Deutschland;UNTGR2;Unternehmensgröße;UNT-1000;Großunternehmen;74369;EUR;BWS010;Bruttowertschöpf. zu Faktorkosten je tätige Person;e
48121;Statistik für kleine und mittlere Unternehmen;JAHR;Jahr;2014;DINSG;Deutschland insgesamt;DG;Deutschland;UNTGR2;Unternehmensgröße;UNT-1000;Großunternehmen;.;Anzahl;UNT002;Unternehmen (EU);
48121;Statistik für kleine und mittlere Unternehmen;JAHR;Jahr;2018;DINSG;Deutschland insgesamt;DG;Deutschland;UNTGR2;Unternehmensgröße;UNT-1000;Großunternehmen;-;Anzahl;UNT003;Unternehmen;
48121;Statistik für kleine und mittlere Unternehmen;JAHR;Jahr;2018;DINSG;Deutschland insgesamt;DG;Deutschland;UNTGR2;Unternehmensgröße;UNT-1000;Großunternehmen;26200;Mill. EUR;AUFW05;Aufwendungen für Leiharbeitnehmer;e
48121;Statistik für kleine und mittlere Unternehmen;JAHR;Jahr;2018;DINSG;Deutschland insgesamt;DG;Deutschland;UNTGR2;Unternehmensgröße;UNT-1000;Großunternehmen;583921;Mill. EUR;VST005;Bruttolöhne und -gehälter;e
48121;Statistik für kleine und mittlere Unternehmen;JAHR;Jahr;2018;DINSG;Deutschland insgesamt;DG;Deutschland;UNTGR2;Unternehmensgröße;UNT-1000;Großunternehmen;173925;Mill. EUR;INV018;Bruttoinvestitionen in Sachanlagen;e
48121;Statistik für kleine und mittlere Unternehmen;JAHR;Jahr;2018;DINSG;Deutschland insgesamt;DG;Deutschland;UNTGR2;Unternehmensgröße;UNT-1000;Großunternehmen;4771891;Mill. EUR;UMS002;Umsatz;e
48121;Statistik für kleine und mittlere Unternehmen;JAHR;Jahr;2018;DINSG;Deutschland insgesamt;DG;Deutschland;UNTGR2;Unternehmensgröße;UNT-1000;Großunternehmen;13267951;Anzahl;LGE001;Lohn- und Gehaltsempfänger;e
48121;Statistik für kleine und mittlere Unternehmen;JAHR;Jahr;2018;DINSG;Deutschland insgesamt;DG;Deutschland;UNTGR2;Unternehmensgröße;UNT-1000;Großunternehmen;13071;EUR;INV023;Bruttoinvestitionen in Sachanl. je tätige Person;e
48121;Statistik für kleine und mittlere Unternehmen;JAHR;Jahr;2018;DINSG;Deutschland insgesamt;DG;Deutschland;UNTGR2;Unternehmensgröße;UNT-1000;Großunternehmen;-;Mill. EUR;KOS002;Kosten für Mieten und Pachten;
48121;Statistik für kleine und mittlere Unternehmen;JAHR;Jahr;2018;DINSG;Deutschland insgesamt;DG;Deutschland;UNTGR2;Unternehmensgröße;UNT-1000;Großunternehmen;53529;EUR;PAW008;Personalaufwendungen je tätige Person;e
48121;Statistik für kleine und mittlere Unternehmen;JAHR;Jahr;2018;DINSG;Deutschland insgesamt;DG;Deutschland;UNTGR2;Unternehmensgröße;UNT-1000;Großunternehmen;1609806;Mill. EUR;KAU008;Käufe v.Waren u.DL z.Wiederverk. i.unveränd. Zust.;e
48121;Statistik für kleine und mittlere Unternehmen;JAHR;Jahr;2018;DINSG;Deutschland insgesamt;DG;Deutschland;UNTGR2;Unternehmensgröße;UNT-1000;Großunternehmen;13306226;Anzahl;PER005;Tätige Personen;e
48121;Statistik für kleine und mittlere Unternehmen;JAHR;Jahr;2018;DINSG;Deutschland insgesamt;DG;Deutschland;UNTGR2;Unternehmensgröße;UNT-1000;Großunternehmen;128342;Mill. EUR;KOS026;Sozialversicherungskosten;e
48121;Statistik für kleine und mittlere Unternehmen;JAHR;Jahr;2018;DINSG;Deutschland insgesamt;DG;Deutschland;UNTGR2;Unternehmensgröße;UNT-1000;Großunternehmen;11480085;Anzahl;LGE002;Lohn- und Gehaltsempfänger in Vollzeiteinheiten;e
48121;Statistik für kleine und mittlere Unternehmen;JAHR;Jahr;2018;DINSG;Deutschland insgesamt;DG;Deutschland;UNTGR2;Unternehmensgröße;UNT-1000;Großunternehmen;712263;Mill. EUR;PAW002;Personalaufwendungen;e
48121;Statistik für kleine und mittlere Unternehmen;JAHR;Jahr;2018;DINSG;Deutschland insgesamt;DG;Deutschland;UNTGR2;Unternehmensgröße;UNT-1000;Großunternehmen;3213293;Mill. EUR;PRO013;Produktionswert;e
48121;Statistik für kleine und mittlere Unternehmen;JAHR;Jahr;2018;DINSG;Deutschland insgesamt;DG;Deutschland;UNTGR2;Unternehmensgröße;UNT-1000;Großunternehmen;3720786;Mill. EUR;KAU007;Waren- und Dienstleistungskäufe;e
48121;Statistik für kleine und mittlere Unternehmen;JAHR;Jahr;2018;DINSG;Deutschland insgesamt;DG;Deutschland;UNTGR2;Unternehmensgröße;UNT-1000;Großunternehmen;1059670;Mill. EUR;BWS003;Bruttowertschöpfung zu Faktorkosten;e
48121;Statistik für kleine und mittlere Unternehmen;JAHR;Jahr;2018;DINSG;Deutschland insgesamt;DG;Deutschland;UNTGR2;Unternehmensgröße;UNT-1000;Großunternehmen;358621;EUR;UMS050;Umsatz je tätige Person;e
48121;Statistik für kleine und mittlere Unternehmen;JAHR;Jahr;2018;DINSG;Deutschland insgesamt;DG;Deutschland;UNTGR2;Unternehmensgröße;UNT-1000;Großunternehmen;14830;Anzahl;UNT007;Unternehmen mit Investitionen;e
48121;Statistik für kleine und mittlere Unternehmen;JAHR;Jahr;2018;DINSG;Deutschland insgesamt;DG;Deutschland;UNTGR2;Unternehmensgröße;UNT-1000;Großunternehmen;26109;EUR;BBU003;Bruttobetriebsüberschuss je tätige Person;e
48121;Statistik für kleine und mittlere Unternehmen;JAHR;Jahr;2018;DINSG;Deutschland insgesamt;DG;Deutschland;UNTGR2;Unternehmensgröße;UNT-1000;Großunternehmen;347407;Mill. EUR;BBU001;Bruttobetriebsüberschuss;e
48121;Statistik für kleine und mittlere Unternehmen;JAHR;Jahr;2018;DINSG;Deutschland insgesamt;DG;Deutschland;UNTGR2;Unternehmensgröße;UNT-1000;Großunternehmen;-;Mill. EUR;VRV001;Vorratsveränderungen bei Waren;
48121;Statistik für kleine und mittlere Unternehmen;JAHR;Jahr;2018;DINSG;Deutschland insgesamt;DG;Deutschland;UNTGR2;Unternehmensgröße;UNT-1000;Großunternehmen;79637;EUR;BWS010;Bruttowertschöpf. zu Faktorkosten je tätige Person;e
48121;Statistik für kleine und mittlere Unternehmen;JAHR;Jahr;2018;DINSG;Deutschland insgesamt;DG;Deutschland;UNTGR2;Unternehmensgröße;UNT-1000;Großunternehmen;15769;Anzahl;UNT002;Unternehmen (EU);e
48121;Statistik für kleine und mittlere Unternehmen;JAHR;Jahr;2024;DINSG;Deutschland insgesamt;DG;Deutschland;UNTGR2;Unternehmensgröße;UNT-0001;Kleinstunternehmen;-;Anzahl;UNT003;Unternehmen;
48121;Statistik für kleine und mittlere Unternehmen;JAHR;Jahr;2024;DINSG;Deutschland insgesamt;DG;Deutschland;UNTGR2;Unternehmensgröße;UNT-0001;Kleinstunternehmen;1318;Mill. EUR;AUFW05;Aufwendungen für Leiharbeitnehmer;e
48121;Statistik für kleine und mittlere Unternehmen;JAHR;Jahr;2024;DINSG;Deutschland insgesamt;DG;Deutschland;UNTGR2;Unternehmensgröße;UNT-0001;Kleinstunternehmen;117312;Mill. EUR;VST005;Bruttolöhne und -gehälter;e
48121;Statistik für kleine und mittlere Unternehmen;JAHR;Jahr;2024;DINSG;Deutschland insgesamt;DG;Deutschland;UNTGR2;Unternehmensgröße;UNT-0001;Kleinstunternehmen;83989;Mill. EUR;INV018;Bruttoinvestitionen in Sachanlagen;e
48121;Statistik für kleine und mittlere Unternehmen;JAHR;Jahr;2024;DINSG;Deutschland insgesamt;DG;Deutschland;UNTGR2;Unternehmensgröße;UNT-0001;Kleinstunternehmen;624974;Mill. EUR;UMS002;Umsatz;e
48121;Statistik für kleine und mittlere Unternehmen;JAHR;Jahr;2024;DINSG;Deutschland insgesamt;DG;Deutschland;UNTGR2;Unternehmensgröße;UNT-0001;Kleinstunternehmen;4627521;Anzahl;LGE001;Lohn- und Gehaltsempfänger;e
48121;Statistik für kleine und mittlere Unternehmen;JAHR;Jahr;2024;DINSG;Deutschland insgesamt;DG;Deutschland;UNTGR2;Unternehmensgröße;UNT-0001;Kleinstunternehmen;11874;EUR;INV023;Bruttoinvestitionen in Sachanl. je tätige Person;e
48121;Statistik für kleine und mittlere Unternehmen;JAHR;Jahr;2024;DINSG;Deutschland insgesamt;DG;Deutschland;UNTGR2;Unternehmensgröße;UNT-0001;Kleinstunternehmen;26863;Mill. EUR;KOS002;Kosten für Mieten und Pachten;e
48121;Statistik für kleine und mittlere Unternehmen;JAHR;Jahr;2024;DINSG;Deutschland insgesamt;DG;Deutschland;UNTGR2;Unternehmensgröße;UNT-0001;Kleinstunternehmen;20463;EUR;PAW008;Personalaufwendungen je tätige Person;e
48121;Statistik für kleine und mittlere Unternehmen;JAHR;Jahr;2024;DINSG;Deutschland insgesamt;DG;Deutschland;UNTGR2;Unternehmensgröße;UNT-0001;Kleinstunternehmen;89006;Mill. EUR;KAU008;Käufe v.Waren u.DL z.Wiederverk. i.unveränd. Zust.;e
48121;Statistik für kleine und mittlere Unternehmen;JAHR;Jahr;2024;DINSG;Deutschland insgesamt;DG;Deutschland;UNTGR2;Unternehmensgröße;UNT-0001;Kleinstunternehmen;7073502;Anzahl;PER005;Tätige Personen;e
48121;Statistik für kleine und mittlere Unternehmen;JAHR;Jahr;2024;DINSG;Deutschland insgesamt;DG;Deutschland;UNTGR2;Unternehmensgröße;UNT-0001;Kleinstunternehmen;27433;Mill. EUR;KOS026;Sozialversicherungskosten;e
48121;Statistik für kleine und mittlere Unternehmen;JAHR;Jahr;2024;DINSG;Deutschland insgesamt;DG;Deutschland;UNTGR2;Unternehmensgröße;UNT-0001;Kleinstunternehmen;3602941;Anzahl;LGE002;Lohn- und Gehaltsempfänger in Vollzeiteinheiten;e
48121;Statistik für kleine und mittlere Unternehmen;JAHR;Jahr;2024;DINSG;Deutschland insgesamt;DG;Deutschland;UNTGR2;Unternehmensgröße;UNT-0001;Kleinstunternehmen;144744;Mill. EUR;PAW002;Personalaufwendungen;e
48121;Statistik für kleine und mittlere Unternehmen;JAHR;Jahr;2024;DINSG;Deutschland insgesamt;DG;Deutschland;UNTGR2;Unternehmensgröße;UNT-0001;Kleinstunternehmen;543137;Mill. EUR;PRO013;Produktionswert;e
48121;Statistik für kleine und mittlere Unternehmen;JAHR;Jahr;2024;DINSG;Deutschland insgesamt;DG;Deutschland;UNTGR2;Unternehmensgröße;UNT-0001;Kleinstunternehmen;295415;Mill. EUR;KAU007;Waren- und Dienstleistungskäufe;e
48121;Statistik für kleine und mittlere Unternehmen;JAHR;Jahr;2024;DINSG;Deutschland insgesamt;DG;Deutschland;UNTGR2;Unternehmensgröße;UNT-0001;Kleinstunternehmen;336047;Mill. EUR;BWS003;Bruttowertschöpfung zu Faktorkosten;e
48121;Statistik für kleine und mittlere Unternehmen;JAHR;Jahr;2024;DINSG;Deutschland insgesamt;DG;Deutschland;UNTGR2;Unternehmensgröße;UNT-0001;Kleinstunternehmen;88354;EUR;UMS050;Umsatz je tätige Person;e
48121;Statistik für kleine und mittlere Unternehmen;JAHR;Jahr;2024;DINSG;Deutschland insgesamt;DG;Deutschland;UNTGR2;Unternehmensgröße;UNT-0001;Kleinstunternehmen;215598;Anzahl;UNT007;Unternehmen mit Investitionen;e
48121;Statistik für kleine und mittlere Unternehmen;JAHR;Jahr;2024;DINSG;Deutschland insgesamt;DG;Deutschland;UNTGR2;Unternehmensgröße;UNT-0001;Kleinstunternehmen;27045;EUR;BBU003;Bruttobetriebsüberschuss je tätige Person;e
48121;Statistik für kleine und mittlere Unternehmen;JAHR;Jahr;2024;DINSG;Deutschland insgesamt;DG;Deutschland;UNTGR2;Unternehmensgröße;UNT-0001;Kleinstunternehmen;191303;Mill. EUR;BBU001;Bruttobetriebsüberschuss;e
48121;Statistik für kleine und mittlere Unternehmen;JAHR;Jahr;2024;DINSG;Deutschland insgesamt;DG;Deutschland;UNTGR2;Unternehmensgröße;UNT-0001;Kleinstunternehmen;4923;Mill. EUR;VRV001;Vorratsveränderungen bei Waren;e
48121;Statistik für kleine und mittlere Unternehmen;JAHR;Jahr;2024;DINSG;Deutschland insgesamt;DG;Deutschland;UNTGR2;Unternehmensgröße;UNT-0001;Kleinstunternehmen;47508;EUR;BWS010;Bruttowertschöpf. zu Faktorkosten je tätige Person;e
48121;Statistik für kleine und mittlere Unternehmen;JAHR;Jahr;2024;DINSG;Deutschland insgesamt;DG;Deutschland;UNTGR2;Unternehmensgröße;UNT-0001;Kleinstunternehmen;2682585;Anzahl;UNT002;Unternehmen (EU);e
48121;Statistik für kleine und mittlere Unternehmen;JAHR;Jahr;2023;DINSG;Deutschland insgesamt;DG;Deutschland;UNTGR2;Unternehmensgröße;UNT-0100;Mittlere Unternehmen;-;Anzahl;UNT003;Unternehmen;
48121;Statistik für kleine und mittlere Unternehmen;JAHR;Jahr;2023;DINSG;Deutschland insgesamt;DG;Deutschland;UNTGR2;Unternehmensgröße;UNT-0100;Mittlere Unternehmen;5943;Mill. EUR;AUFW05;Aufwendungen für Leiharbeitnehmer;e
48121;Statistik für kleine und mittlere Unternehmen;JAHR;Jahr;2023;DINSG;Deutschland insgesamt;DG;Deutschland;UNTGR2;Unternehmensgröße;UNT-0100;Mittlere Unternehmen;222743;Mill. EUR;VST005;Bruttolöhne und -gehälter;e
48121;Statistik für kleine und mittlere Unternehmen;JAHR;Jahr;2023;DINSG;Deutschland insgesamt;DG;Deutschland;UNTGR2;Unternehmensgröße;UNT-0100;Mittlere Unternehmen;78444;Mill. EUR;INV018;Bruttoinvestitionen in Sachanlagen;e
48121;Statistik für kleine und mittlere Unternehmen;JAHR;Jahr;2023;DINSG;Deutschland insgesamt;DG;Deutschland;UNTGR2;Unternehmensgröße;UNT-0100;Mittlere Unternehmen;1072754;Mill. EUR;UMS002;Umsatz;e
48121;Statistik für kleine und mittlere Unternehmen;JAHR;Jahr;2023;DINSG;Deutschland insgesamt;DG;Deutschland;UNTGR2;Unternehmensgröße;UNT-0100;Mittlere Unternehmen;5894551;Anzahl;LGE001;Lohn- und Gehaltsempfänger;e
48121;Statistik für kleine und mittlere Unternehmen;JAHR;Jahr;2023;DINSG;Deutschland insgesamt;DG;Deutschland;UNTGR2;Unternehmensgröße;UNT-0100;Mittlere Unternehmen;13094;EUR;INV023;Bruttoinvestitionen in Sachanl. je tätige Person;e
48121;Statistik für kleine und mittlere Unternehmen;JAHR;Jahr;2023;DINSG;Deutschland insgesamt;DG;Deutschland;UNTGR2;Unternehmensgröße;UNT-0100;Mittlere Unternehmen;32699;Mill. EUR;KOS002;Kosten für Mieten und Pachten;e
48121;Statistik für kleine und mittlere Unternehmen;JAHR;Jahr;2023;DINSG;Deutschland insgesamt;DG;Deutschland;UNTGR2;Unternehmensgröße;UNT-0100;Mittlere Unternehmen;45166;EUR;PAW008;Personalaufwendungen je tätige Person;e
48121;Statistik für kleine und mittlere Unternehmen;JAHR;Jahr;2023;DINSG;Deutschland insgesamt;DG;Deutschland;UNTGR2;Unternehmensgröße;UNT-0100;Mittlere Unternehmen;293364;Mill. EUR;KAU008;Käufe v.Waren u.DL z.Wiederverk. i.unveränd. Zust.;e
48121;Statistik für kleine und mittlere Unternehmen;JAHR;Jahr;2023;DINSG;Deutschland insgesamt;DG;Deutschland;UNTGR2;Unternehmensgröße;UNT-0100;Mittlere Unternehmen;5990789;Anzahl;PER005;Tätige Personen;e
48121;Statistik für kleine und mittlere Unternehmen;JAHR;Jahr;2023;DINSG;Deutschland insgesamt;DG;Deutschland;UNTGR2;Unternehmensgröße;UNT-0100;Mittlere Unternehmen;47837;Mill. EUR;KOS026;Sozialversicherungskosten;e
48121;Statistik für kleine und mittlere Unternehmen;JAHR;Jahr;2023;DINSG;Deutschland insgesamt;DG;Deutschland;UNTGR2;Unternehmensgröße;UNT-0100;Mittlere Unternehmen;4984024;Anzahl;LGE002;Lohn- und Gehaltsempfänger in Vollzeiteinheiten;e
48121;Statistik für kleine und mittlere Unternehmen;JAHR;Jahr;2023;DINSG;Deutschland insgesamt;DG;Deutschland;UNTGR2;Unternehmensgröße;UNT-0100;Mittlere Unternehmen;270580;Mill. EUR;PAW002;Personalaufwendungen;e
48121;Statistik für kleine und mittlere Unternehmen;JAHR;Jahr;2023;DINSG;Deutschland insgesamt;DG;Deutschland;UNTGR2;Unternehmensgröße;UNT-0100;Mittlere Unternehmen;791534;Mill. EUR;PRO013;Produktionswert;e
48121;Statistik für kleine und mittlere Unternehmen;JAHR;Jahr;2023;DINSG;Deutschland insgesamt;DG;Deutschland;UNTGR2;Unternehmensgröße;UNT-0100;Mittlere Unternehmen;673657;Mill. EUR;KAU007;Waren- und Dienstleistungskäufe;e
48121;Statistik für kleine und mittlere Unternehmen;JAHR;Jahr;2023;DINSG;Deutschland insgesamt;DG;Deutschland;UNTGR2;Unternehmensgröße;UNT-0100;Mittlere Unternehmen;412175;Mill. EUR;BWS003;Bruttowertschöpfung zu Faktorkosten;e
48121;Statistik für kleine und mittlere Unternehmen;JAHR;Jahr;2023;DINSG;Deutschland insgesamt;DG;Deutschland;UNTGR2;Unternehmensgröße;UNT-0100;Mittlere Unternehmen;179067;EUR;UMS050;Umsatz je tätige Person;e
48121;Statistik für kleine und mittlere Unternehmen;JAHR;Jahr;2023;DINSG;Deutschland insgesamt;DG;Deutschland;UNTGR2;Unternehmensgröße;UNT-0100;Mittlere Unternehmen;39336;Anzahl;UNT007;Unternehmen mit Investitionen;e
48121;Statistik für kleine und mittlere Unternehmen;JAHR;Jahr;2023;DINSG;Deutschland insgesamt;DG;Deutschland;UNTGR2;Unternehmensgröße;UNT-0100;Mittlere Unternehmen;23635;EUR;BBU003;Bruttobetriebsüberschuss je tätige Person;e
48121;Statistik für kleine und mittlere Unternehmen;JAHR;Jahr;2023;DINSG;Deutschland insgesamt;DG;Deutschland;UNTGR2;Unternehmensgröße;UNT-0100;Mittlere Unternehmen;141595;Mill. EUR;BBU001;Bruttobetriebsüberschuss;e
48121;Statistik für kleine und mittlere Unternehmen;JAHR;Jahr;2023;DINSG;Deutschland insgesamt;DG;Deutschland;UNTGR2;Unternehmensgröße;UNT-0100;Mittlere Unternehmen;6376;Mill. EUR;VRV001;Vorratsveränderungen bei Waren;e
48121;Statistik für kleine und mittlere Unternehmen;JAHR;Jahr;2023;DINSG;Deutschland insgesamt;DG;Deutschland;UNTGR2;Unternehmensgröße;UNT-0100;Mittlere Unternehmen;68802;EUR;BWS010;Bruttowertschöpf. zu Faktorkosten je tätige Person;e
48121;Statistik für kleine und mittlere Unternehmen;JAHR;Jahr;2023;DINSG;Deutschland insgesamt;DG;Deutschland;UNTGR2;Unternehmensgröße;UNT-0100;Mittlere Unternehmen;79630;Anzahl;UNT002;Unternehmen (EU);e
48121;Statistik für kleine und mittlere Unternehmen;JAHR;Jahr;2008;DINSG;Deutschland insgesamt;DG;Deutschland;UNTGR2;Unternehmensgröße;UNT-0100;Mittlere Unternehmen;54327;Anzahl;UNT003;Unternehmen;e
48121;Statistik für kleine und mittlere Unternehmen;JAHR;Jahr;2008;DINSG;Deutschland insgesamt;DG;Deutschland;UNTGR2;Unternehmensgröße;UNT-0100;Mittlere Unternehmen;.;Mill. EUR;AUFW05;Aufwendungen für Leiharbeitnehmer;
48121;Statistik für kleine und mittlere Unternehmen;JAHR;Jahr;2008;DINSG;Deutschland insgesamt;DG;Deutschland;UNTGR2;Unternehmensgröße;UNT-0100;Mittlere Unternehmen;.;Mill. EUR;VST005;Bruttolöhne und -gehälter;
48121;Statistik für kleine und mittlere Unternehmen;JAHR;Jahr;2008;DINSG;Deutschland insgesamt;DG;Deutschland;UNTGR2;Unternehmensgröße;UNT-0100;Mittlere Unternehmen;33420;Mill. EUR;INV018;Bruttoinvestitionen in Sachanlagen;e
48121;Statistik für kleine und mittlere Unternehmen;JAHR;Jahr;2008;DINSG;Deutschland insgesamt;DG;Deutschland;UNTGR2;Unternehmensgröße;UNT-0100;Mittlere Unternehmen;734492;Mill. EUR;UMS002;Umsatz;e
48121;Statistik für kleine und mittlere Unternehmen;JAHR;Jahr;2008;DINSG;Deutschland insgesamt;DG;Deutschland;UNTGR2;Unternehmensgröße;UNT-0100;Mittlere Unternehmen;.;Anzahl;LGE001;Lohn- und Gehaltsempfänger;
48121;Statistik für kleine und mittlere Unternehmen;JAHR;Jahr;2008;DINSG;Deutschland insgesamt;DG;Deutschland;UNTGR2;Unternehmensgröße;UNT-0100;Mittlere Unternehmen;7623;EUR;INV023;Bruttoinvestitionen in Sachanl. je tätige Person;e
48121;Statistik für kleine und mittlere Unternehmen;JAHR;Jahr;2008;DINSG;Deutschland insgesamt;DG;Deutschland;UNTGR2;Unternehmensgröße;UNT-0100;Mittlere Unternehmen;-;Mill. EUR;KOS002;Kosten für Mieten und Pachten;
48121;Statistik für kleine und mittlere Unternehmen;JAHR;Jahr;2008;DINSG;Deutschland insgesamt;DG;Deutschland;UNTGR2;Unternehmensgröße;UNT-0100;Mittlere Unternehmen;-;EUR;PAW008;Personalaufwendungen je tätige Person;
48121;Statistik für kleine und mittlere Unternehmen;JAHR;Jahr;2008;DINSG;Deutschland insgesamt;DG;Deutschland;UNTGR2;Unternehmensgröße;UNT-0100;Mittlere Unternehmen;.;Mill. EUR;KAU008;Käufe v.Waren u.DL z.Wiederverk. i.unveränd. Zust.;
48121;Statistik für kleine und mittlere Unternehmen;JAHR;Jahr;2008;DINSG;Deutschland insgesamt;DG;Deutschland;UNTGR2;Unternehmensgröße;UNT-0100;Mittlere Unternehmen;4384071;Anzahl;PER005;Tätige Personen;e
48121;Statistik für kleine und mittlere Unternehmen;JAHR;Jahr;2008;DINSG;Deutschland insgesamt;DG;Deutschland;UNTGR2;Unternehmensgröße;UNT-0100;Mittlere Unternehmen;.;Mill. EUR;KOS026;Sozialversicherungskosten;
48121;Statistik für kleine und mittlere Unternehmen;JAHR;Jahr;2008;DINSG;Deutschland insgesamt;DG;Deutschland;UNTGR2;Unternehmensgröße;UNT-0100;Mittlere Unternehmen;.;Anzahl;LGE002;Lohn- und Gehaltsempfänger in Vollzeiteinheiten;
48121;Statistik für kleine und mittlere Unternehmen;JAHR;Jahr;2008;DINSG;Deutschland insgesamt;DG;Deutschland;UNTGR2;Unternehmensgröße;UNT-0100;Mittlere Unternehmen;-;Mill. EUR;PAW002;Personalaufwendungen;
48121;Statistik für kleine und mittlere Unternehmen;JAHR;Jahr;2008;DINSG;Deutschland insgesamt;DG;Deutschland;UNTGR2;Unternehmensgröße;UNT-0100;Mittlere Unternehmen;.;Mill. EUR;PRO013;Produktionswert;
48121;Statistik für kleine und mittlere Unternehmen;JAHR;Jahr;2008;DINSG;Deutschland insgesamt;DG;Deutschland;UNTGR2;Unternehmensgröße;UNT-0100;Mittlere Unternehmen;.;Mill. EUR;KAU007;Waren- und Dienstleistungskäufe;
48121;Statistik für kleine und mittlere Unternehmen;JAHR;Jahr;2008;DINSG;Deutschland insgesamt;DG;Deutschland;UNTGR2;Unternehmensgröße;UNT-0100;Mittlere Unternehmen;240014;Mill. EUR;BWS003;Bruttowertschöpfung zu Faktorkosten;e
48121;Statistik für kleine und mittlere Unternehmen;JAHR;Jahr;2008;DINSG;Deutschland insgesamt;DG;Deutschland;UNTGR2;Unternehmensgröße;UNT-0100;Mittlere Unternehmen;167536;EUR;UMS050;Umsatz je tätige Person;e
48121;Statistik für kleine und mittlere Unternehmen;JAHR;Jahr;2008;DINSG;Deutschland insgesamt;DG;Deutschland;UNTGR2;Unternehmensgröße;UNT-0100;Mittlere Unternehmen;45484;Anzahl;UNT007;Unternehmen mit Investitionen;e
48121;Statistik für kleine und mittlere Unternehmen;JAHR;Jahr;2008;DINSG;Deutschland insgesamt;DG;Deutschland;UNTGR2;Unternehmensgröße;UNT-0100;Mittlere Unternehmen;-;EUR;BBU003;Bruttobetriebsüberschuss je tätige Person;
48121;Statistik für kleine und mittlere Unternehmen;JAHR;Jahr;2008;DINSG;Deutschland insgesamt;DG;Deutschland;UNTGR2;Unternehmensgröße;UNT-0100;Mittlere Unternehmen;-;Mill. EUR;BBU001;Bruttobetriebsüberschuss;
48121;Statistik für kleine und mittlere Unternehmen;JAHR;Jahr;2008;DINSG;Deutschland insgesamt;DG;Deutschland;UNTGR2;Unternehmensgröße;UNT-0100;Mittlere Unternehmen;-;Mill. EUR;VRV001;Vorratsveränderungen bei Waren;
48121;Statistik für kleine und mittlere Unternehmen;JAHR;Jahr;2008;DINSG;Deutschland insgesamt;DG;Deutschland;UNTGR2;Unternehmensgröße;UNT-0100;Mittlere Unternehmen;54747;EUR;BWS010;Bruttowertschöpf. zu Faktorkosten je tätige Person;e
48121;Statistik für kleine und mittlere Unternehmen;JAHR;Jahr;2008;DINSG;Deutschland insgesamt;DG;Deutschland;UNTGR2;Unternehmensgröße;UNT-0100;Mittlere Unternehmen;.;Anzahl;UNT002;Unternehmen (EU);
48121;Statistik für kleine und mittlere Unternehmen;JAHR;Jahr;2013;DINSG;Deutschland insgesamt;DG;Deutschland;UNTGR2;Unternehmensgröße;UNT-0010;Kleine Unternehmen;342783;Anzahl;UNT003;Unternehmen;e
48121;Statistik für kleine und mittlere Unternehmen;JAHR;Jahr;2013;DINSG;Deutschland insgesamt;DG;Deutschland;UNTGR2;Unternehmensgröße;UNT-0010;Kleine Unternehmen;.;Mill. EUR;AUFW05;Aufwendungen für Leiharbeitnehmer;
48121;Statistik für kleine und mittlere Unternehmen;JAHR;Jahr;2013;DINSG;Deutschland insgesamt;DG;Deutschland;UNTGR2;Unternehmensgröße;UNT-0010;Kleine Unternehmen;.;Mill. EUR;VST005;Bruttolöhne und -gehälter;
48121;Statistik für kleine und mittlere Unternehmen;JAHR;Jahr;2013;DINSG;Deutschland insgesamt;DG;Deutschland;UNTGR2;Unternehmensgröße;UNT-0010;Kleine Unternehmen;24699;Mill. EUR;INV018;Bruttoinvestitionen in Sachanlagen;e
48121;Statistik für kleine und mittlere Unternehmen;JAHR;Jahr;2013;DINSG;Deutschland insgesamt;DG;Deutschland;UNTGR2;Unternehmensgröße;UNT-0010;Kleine Unternehmen;643150;Mill. EUR;UMS002;Umsatz;e
48121;Statistik für kleine und mittlere Unternehmen;JAHR;Jahr;2013;DINSG;Deutschland insgesamt;DG;Deutschland;UNTGR2;Unternehmensgröße;UNT-0010;Kleine Unternehmen;.;Anzahl;LGE001;Lohn- und Gehaltsempfänger;
48121;Statistik für kleine und mittlere Unternehmen;JAHR;Jahr;2013;DINSG;Deutschland insgesamt;DG;Deutschland;UNTGR2;Unternehmensgröße;UNT-0010;Kleine Unternehmen;4163;EUR;INV023;Bruttoinvestitionen in Sachanl. je tätige Person;e
48121;Statistik für kleine und mittlere Unternehmen;JAHR;Jahr;2013;DINSG;Deutschland insgesamt;DG;Deutschland;UNTGR2;Unternehmensgröße;UNT-0010;Kleine Unternehmen;-;Mill. EUR;KOS002;Kosten für Mieten und Pachten;
48121;Statistik für kleine und mittlere Unternehmen;JAHR;Jahr;2013;DINSG;Deutschland insgesamt;DG;Deutschland;UNTGR2;Unternehmensgröße;UNT-0010;Kleine Unternehmen;26151;EUR;PAW008;Personalaufwendungen je tätige Person;e
48121;Statistik für kleine und mittlere Unternehmen;JAHR;Jahr;2013;DINSG;Deutschland insgesamt;DG;Deutschland;UNTGR2;Unternehmensgröße;UNT-0010;Kleine Unternehmen;.;Mill. EUR;KAU008;Käufe v.Waren u.DL z.Wiederverk. i.unveränd. Zust.;
48121;Statistik für kleine und mittlere Unternehmen;JAHR;Jahr;2013;DINSG;Deutschland insgesamt;DG;Deutschland;UNTGR2;Unternehmensgröße;UNT-0010;Kleine Unternehmen;5933155;Anzahl;PER005;Tätige Personen;e
48121;Statistik für kleine und mittlere Unternehmen;JAHR;Jahr;2013;DINSG;Deutschland insgesamt;DG;Deutschland;UNTGR2;Unternehmensgröße;UNT-0010;Kleine Unternehmen;.;Mill. EUR;KOS026;Sozialversicherungskosten;
48121;Statistik für kleine und mittlere Unternehmen;JAHR;Jahr;2013;DINSG;Deutschland insgesamt;DG;Deutschland;UNTGR2;Unternehmensgröße;UNT-0010;Kleine Unternehmen;.;Anzahl;LGE002;Lohn- und Gehaltsempfänger in Vollzeiteinheiten;
48121;Statistik für kleine und mittlere Unternehmen;JAHR;Jahr;2013;DINSG;Deutschland insgesamt;DG;Deutschland;UNTGR2;Unternehmensgröße;UNT-0010;Kleine Unternehmen;155160;Mill. EUR;PAW002;Personalaufwendungen;e
48121;Statistik für kleine und mittlere Unternehmen;JAHR;Jahr;2013;DINSG;Deutschland insgesamt;DG;Deutschland;UNTGR2;Unternehmensgröße;UNT-0010;Kleine Unternehmen;.;Mill. EUR;PRO013;Produktionswert;
48121;Statistik für kleine und mittlere Unternehmen;JAHR;Jahr;2013;DINSG;Deutschland insgesamt;DG;Deutschland;UNTGR2;Unternehmensgröße;UNT-0010;Kleine Unternehmen;.;Mill. EUR;KAU007;Waren- und Dienstleistungskäufe;
48121;Statistik für kleine und mittlere Unternehmen;JAHR;Jahr;2013;DINSG;Deutschland insgesamt;DG;Deutschland;UNTGR2;Unternehmensgröße;UNT-0010;Kleine Unternehmen;242789;Mill. EUR;BWS003;Bruttowertschöpfung zu Faktorkosten;e
48121;Statistik für kleine und mittlere Unternehmen;JAHR;Jahr;2013;DINSG;Deutschland insgesamt;DG;Deutschland;UNTGR2;Unternehmensgröße;UNT-0010;Kleine Unternehmen;108399;EUR;UMS050;Umsatz je tätige Person;e
48121;Statistik für kleine und mittlere Unternehmen;JAHR;Jahr;2013;DINSG;Deutschland insgesamt;DG;Deutschland;UNTGR2;Unternehmensgröße;UNT-0010;Kleine Unternehmen;245957;Anzahl;UNT007;Unternehmen mit Investitionen;e
48121;Statistik für kleine und mittlere Unternehmen;JAHR;Jahr;2013;DINSG;Deutschland insgesamt;DG;Deutschland;UNTGR2;Unternehmensgröße;UNT-0010;Kleine Unternehmen;14664;EUR;BBU003;Bruttobetriebsüberschuss je tätige Person;e
48121;Statistik für kleine und mittlere Unternehmen;JAHR;Jahr;2013;DINSG;Deutschland insgesamt;DG;Deutschland;UNTGR2;Unternehmensgröße;UNT-0010;Kleine Unternehmen;87003;Mill. EUR;BBU001;Bruttobetriebsüberschuss;e
48121;Statistik für kleine und mittlere Unternehmen;JAHR;Jahr;2013;DINSG;Deutschland insgesamt;DG;Deutschland;UNTGR2;Unternehmensgröße;UNT-0010;Kleine Unternehmen;-;Mill. EUR;VRV001;Vorratsveränderungen bei Waren;
48121;Statistik für kleine und mittlere Unternehmen;JAHR;Jahr;2013;DINSG;Deutschland insgesamt;DG;Deutschland;UNTGR2;Unternehmensgröße;UNT-0010;Kleine Unternehmen;40921;EUR;BWS010;Bruttowertschöpf. zu Faktorkosten je tätige Person;e
48121;Statistik für kleine und mittlere Unternehmen;JAHR;Jahr;2013;DINSG;Deutschland insgesamt;DG;Deutschland;UNTGR2;Unternehmensgröße;UNT-0010;Kleine Unternehmen;.;Anzahl;UNT002;Unternehmen (EU);
48121;Statistik für kleine und mittlere Unternehmen;JAHR;Jahr;2023;DINSG;Deutschland insgesamt;DG;Deutschland;UNTGR2;Unternehmensgröße;;Insgesamt;-;Anzahl;UNT003;Unternehmen;
48121;Statistik für kleine und mittlere Unternehmen;JAHR;Jahr;2023;DINSG;Deutschland insgesamt;DG;Deutschland;UNTGR2;Unternehmensgröße;;Insgesamt;44198;Mill. EUR;AUFW05;Aufwendungen für Leiharbeitnehmer;r
48121;Statistik für kleine und mittlere Unternehmen;JAHR;Jahr;2023;DINSG;Deutschland insgesamt;DG;Deutschland;UNTGR2;Unternehmensgröße;;Insgesamt;1443598;Mill. EUR;VST005;Bruttolöhne und -gehälter;e
48121;Statistik für kleine und mittlere Unternehmen;JAHR;Jahr;2023;DINSG;Deutschland insgesamt;DG;Deutschland;UNTGR2;Unternehmensgröße;;Insgesamt;483816;Mill. EUR;INV018;Bruttoinvestitionen in Sachanlagen;e
48121;Statistik für kleine und mittlere Unternehmen;JAHR;Jahr;2023;DINSG;Deutschland insgesamt;DG;Deutschland;UNTGR2;Unternehmensgröße;;Insgesamt;10072897;Mill. EUR;UMS002;Umsatz;e
48121;Statistik für kleine und mittlere Unternehmen;JAHR;Jahr;2023;DINSG;Deutschland insgesamt;DG;Deutschland;UNTGR2;Unternehmensgröße;;Insgesamt;35170858;Anzahl;LGE001;Lohn- und Gehaltsempfänger;e
48121;Statistik für kleine und mittlere Unternehmen;JAHR;Jahr;2023;DINSG;Deutschland insgesamt;DG;Deutschland;UNTGR2;Unternehmensgröße;;Insgesamt;12628;EUR;INV023;Bruttoinvestitionen in Sachanl. je tätige Person;e
48121;Statistik für kleine und mittlere Unternehmen;JAHR;Jahr;2023;DINSG;Deutschland insgesamt;DG;Deutschland;UNTGR2;Unternehmensgröße;;Insgesamt;231318;Mill. EUR;KOS002;Kosten für Mieten und Pachten;r
48121;Statistik für kleine und mittlere Unternehmen;JAHR;Jahr;2023;DINSG;Deutschland insgesamt;DG;Deutschland;UNTGR2;Unternehmensgröße;;Insgesamt;46123;EUR;PAW008;Personalaufwendungen je tätige Person;e
48121;Statistik für kleine und mittlere Unternehmen;JAHR;Jahr;2023;DINSG;Deutschland insgesamt;DG;Deutschland;UNTGR2;Unternehmensgröße;;Insgesamt;2753315;Mill. EUR;KAU008;Käufe v.Waren u.DL z.Wiederverk. i.unveränd. Zust.;e
48121;Statistik für kleine und mittlere Unternehmen;JAHR;Jahr;2023;DINSG;Deutschland insgesamt;DG;Deutschland;UNTGR2;Unternehmensgröße;;Insgesamt;38312984;Anzahl;PER005;Tätige Personen;e
48121;Statistik für kleine und mittlere Unternehmen;JAHR;Jahr;2023;DINSG;Deutschland insgesamt;DG;Deutschland;UNTGR2;Unternehmensgröße;;Insgesamt;323521;Mill. EUR;KOS026;Sozialversicherungskosten;e
48121;Statistik für kleine und mittlere Unternehmen;JAHR;Jahr;2023;DINSG;Deutschland insgesamt;DG;Deutschland;UNTGR2;Unternehmensgröße;;Insgesamt;29533676;Anzahl;LGE002;Lohn- und Gehaltsempfänger in Vollzeiteinheiten;e
48121;Statistik für kleine und mittlere Unternehmen;JAHR;Jahr;2023;DINSG;Deutschland insgesamt;DG;Deutschland;UNTGR2;Unternehmensgröße;;Insgesamt;1767119;Mill. EUR;PAW002;Personalaufwendungen;e
48121;Statistik für kleine und mittlere Unternehmen;JAHR;Jahr;2023;DINSG;Deutschland insgesamt;DG;Deutschland;UNTGR2;Unternehmensgröße;;Insgesamt;7161399;Mill. EUR;PRO013;Produktionswert;e
48121;Statistik für kleine und mittlere Unternehmen;JAHR;Jahr;2023;DINSG;Deutschland insgesamt;DG;Deutschland;UNTGR2;Unternehmensgröße;;Insgesamt;7061562;Mill. EUR;KAU007;Waren- und Dienstleistungskäufe;e
48121;Statistik für kleine und mittlere Unternehmen;JAHR;Jahr;2023;DINSG;Deutschland insgesamt;DG;Deutschland;UNTGR2;Unternehmensgröße;;Insgesamt;2855868;Mill. EUR;BWS003;Bruttowertschöpfung zu Faktorkosten;e
48121;Statistik für kleine und mittlere Unternehmen;JAHR;Jahr;2023;DINSG;Deutschland insgesamt;DG;Deutschland;UNTGR2;Unternehmensgröße;;Insgesamt;262911;EUR;UMS050;Umsatz je tätige Person;e
48121;Statistik für kleine und mittlere Unternehmen;JAHR;Jahr;2023;DINSG;Deutschland insgesamt;DG;Deutschland;UNTGR2;Unternehmensgröße;;Insgesamt;171087;Anzahl;UNT007;Unternehmen mit Investitionen;e
48121;Statistik für kleine und mittlere Unternehmen;JAHR;Jahr;2023;DINSG;Deutschland insgesamt;DG;Deutschland;UNTGR2;Unternehmensgröße;;Insgesamt;28417;EUR;BBU003;Bruttobetriebsüberschuss je tätige Person;e
48121;Statistik für kleine und mittlere Unternehmen;JAHR;Jahr;2023;DINSG;Deutschland insgesamt;DG;Deutschland;UNTGR2;Unternehmensgröße;;Insgesamt;1088748;Mill. EUR;BBU001;Bruttobetriebsüberschuss;e
48121;Statistik für kleine und mittlere Unternehmen;JAHR;Jahr;2023;DINSG;Deutschland insgesamt;DG;Deutschland;UNTGR2;Unternehmensgröße;;Insgesamt;25640;Mill. EUR;VRV001;Vorratsveränderungen bei Waren;e
48121;Statistik für kleine und mittlere Unternehmen;JAHR;Jahr;2023;DINSG;Deutschland insgesamt;DG;Deutschland;UNTGR2;Unternehmensgröße;;Insgesamt;74540;EUR;BWS010;Bruttowertschöpf. zu Faktorkosten je tätige Person;e
48121;Statistik für kleine und mittlere Unternehmen;JAHR;Jahr;2023;DINSG;Deutschland insgesamt;DG;Deutschland;UNTGR2;Unternehmensgröße;;Insgesamt;3185294;Anzahl;UNT002;Unternehmen (EU);e
48121;Statistik für kleine und mittlere Unternehmen;JAHR;Jahr;2011;DINSG;Deutschland insgesamt;DG;Deutschland;UNTGR2;Unternehmensgröße;UNT-0010;Kleine Unternehmen;342331;Anzahl;UNT003;Unternehmen;e
48121;Statistik für kleine und mittlere Unternehmen;JAHR;Jahr;2011;DINSG;Deutschland insgesamt;DG;Deutschland;UNTGR2;Unternehmensgröße;UNT-0010;Kleine Unternehmen;.;Mill. EUR;AUFW05;Aufwendungen für Leiharbeitnehmer;
48121;Statistik für kleine und mittlere Unternehmen;JAHR;Jahr;2011;DINSG;Deutschland insgesamt;DG;Deutschland;UNTGR2;Unternehmensgröße;UNT-0010;Kleine Unternehmen;.;Mill. EUR;VST005;Bruttolöhne und -gehälter;
48121;Statistik für kleine und mittlere Unternehmen;JAHR;Jahr;2011;DINSG;Deutschland insgesamt;DG;Deutschland;UNTGR2;Unternehmensgröße;UNT-0010;Kleine Unternehmen;25168;Mill. EUR;INV018;Bruttoinvestitionen in Sachanlagen;e
48121;Statistik für kleine und mittlere Unternehmen;JAHR;Jahr;2011;DINSG;Deutschland insgesamt;DG;Deutschland;UNTGR2;Unternehmensgröße;UNT-0010;Kleine Unternehmen;645292;Mill. EUR;UMS002;Umsatz;e
48121;Statistik für kleine und mittlere Unternehmen;JAHR;Jahr;2011;DINSG;Deutschland insgesamt;DG;Deutschland;UNTGR2;Unternehmensgröße;UNT-0010;Kleine Unternehmen;.;Anzahl;LGE001;Lohn- und Gehaltsempfänger;
48121;Statistik für kleine und mittlere Unternehmen;JAHR;Jahr;2011;DINSG;Deutschland insgesamt;DG;Deutschland;UNTGR2;Unternehmensgröße;UNT-0010;Kleine Unternehmen;4277;EUR;INV023;Bruttoinvestitionen in Sachanl. je tätige Person;e
48121;Statistik für kleine und mittlere Unternehmen;JAHR;Jahr;2011;DINSG;Deutschland insgesamt;DG;Deutschland;UNTGR2;Unternehmensgröße;UNT-0010;Kleine Unternehmen;-;Mill. EUR;KOS002;Kosten für Mieten und Pachten;
48121;Statistik für kleine und mittlere Unternehmen;JAHR;Jahr;2011;DINSG;Deutschland insgesamt;DG;Deutschland;UNTGR2;Unternehmensgröße;UNT-0010;Kleine Unternehmen;-;EUR;PAW008;Personalaufwendungen je tätige Person;
48121;Statistik für kleine und mittlere Unternehmen;JAHR;Jahr;2011;DINSG;Deutschland insgesamt;DG;Deutschland;UNTGR2;Unternehmensgröße;UNT-0010;Kleine Unternehmen;.;Mill. EUR;KAU008;Käufe v.Waren u.DL z.Wiederverk. i.unveränd. Zust.;
48121;Statistik für kleine und mittlere Unternehmen;JAHR;Jahr;2011;DINSG;Deutschland insgesamt;DG;Deutschland;UNTGR2;Unternehmensgröße;UNT-0010;Kleine Unternehmen;5883907;Anzahl;PER005;Tätige Personen;e
48121;Statistik für kleine und mittlere Unternehmen;JAHR;Jahr;2011;DINSG;Deutschland insgesamt;DG;Deutschland;UNTGR2;Unternehmensgröße;UNT-0010;Kleine Unternehmen;.;Mill. EUR;KOS026;Sozialversicherungskosten;
48121;Statistik für kleine und mittlere Unternehmen;JAHR;Jahr;2011;DINSG;Deutschland insgesamt;DG;Deutschland;UNTGR2;Unternehmensgröße;UNT-0010;Kleine Unternehmen;.;Anzahl;LGE002;Lohn- und Gehaltsempfänger in Vollzeiteinheiten;
48121;Statistik für kleine und mittlere Unternehmen;JAHR;Jahr;2011;DINSG;Deutschland insgesamt;DG;Deutschland;UNTGR2;Unternehmensgröße;UNT-0010;Kleine Unternehmen;-;Mill. EUR;PAW002;Personalaufwendungen;
48121;Statistik für kleine und mittlere Unternehmen;JAHR;Jahr;2011;DINSG;Deutschland insgesamt;DG;Deutschland;UNTGR2;Unternehmensgröße;UNT-0010;Kleine Unternehmen;.;Mill. EUR;PRO013;Produktionswert;
48121;Statistik für kleine und mittlere Unternehmen;JAHR;Jahr;2011;DINSG;Deutschland insgesamt;DG;Deutschland;UNTGR2;Unternehmensgröße;UNT-0010;Kleine Unternehmen;.;Mill. EUR;KAU007;Waren- und Dienstleistungskäufe;
48121;Statistik für kleine und mittlere Unternehmen;JAHR;Jahr;2011;DINSG;Deutschland insgesamt;DG;Deutschland;UNTGR2;Unternehmensgröße;UNT-0010;Kleine Unternehmen;236810;Mill. EUR;BWS003;Bruttowertschöpfung zu Faktorkosten;e
48121;Statistik für kleine und mittlere Unternehmen;JAHR;Jahr;2011;DINSG;Deutschland insgesamt;DG;Deutschland;UNTGR2;Unternehmensgröße;UNT-0010;Kleine Unternehmen;109671;EUR;UMS050;Umsatz je tätige Person;e
48121;Statistik für kleine und mittlere Unternehmen;JAHR;Jahr;2011;DINSG;Deutschland insgesamt;DG;Deutschland;UNTGR2;Unternehmensgröße;UNT-0010;Kleine Unternehmen;252378;Anzahl;UNT007;Unternehmen mit Investitionen;e
48121;Statistik für kleine und mittlere Unternehmen;JAHR;Jahr;2011;DINSG;Deutschland insgesamt;DG;Deutschland;UNTGR2;Unternehmensgröße;UNT-0010;Kleine Unternehmen;-;EUR;BBU003;Bruttobetriebsüberschuss je tätige Person;
48121;Statistik für kleine und mittlere Unternehmen;JAHR;Jahr;2011;DINSG;Deutschland insgesamt;DG;Deutschland;UNTGR2;Unternehmensgröße;UNT-0010;Kleine Unternehmen;-;Mill. EUR;BBU001;Bruttobetriebsüberschuss;
48121;Statistik für kleine und mittlere Unternehmen;JAHR;Jahr;2011;DINSG;Deutschland insgesamt;DG;Deutschland;UNTGR2;Unternehmensgröße;UNT-0010;Kleine Unternehmen;-;Mill. EUR;VRV001;Vorratsveränderungen bei Waren;
48121;Statistik für kleine und mittlere Unternehmen;JAHR;Jahr;2011;DINSG;Deutschland insgesamt;DG;Deutschland;UNTGR2;Unternehmensgröße;UNT-0010;Kleine Unternehmen;40247;EUR;BWS010;Bruttowertschöpf. zu Faktorkosten je tätige Person;e
48121;Statistik für kleine und mittlere Unternehmen;JAHR;Jahr;2011;DINSG;Deutschland insgesamt;DG;Deutschland;UNTGR2;Unternehmensgröße;UNT-0010;Kleine Unternehmen;.;Anzahl;UNT002;Unternehmen (EU);
48121;Statistik für kleine und mittlere Unternehmen;JAHR;Jahr;2017;DINSG;Deutschland insgesamt;DG;Deutschland;UNTGR2;Unternehmensgröße;UNT-0010;Kleine Unternehmen;398128;Anzahl;UNT003;Unternehmen;e
48121;Statistik für kleine und mittlere Unternehmen;JAHR;Jahr;2017;DINSG;Deutschland insgesamt;DG;Deutschland;UNTGR2;Unternehmensgröße;UNT-0010;Kleine Unternehmen;.;Mill. EUR;AUFW05;Aufwendungen für Leiharbeitnehmer;
48121;Statistik für kleine und mittlere Unternehmen;JAHR;Jahr;2017;DINSG;Deutschland insgesamt;DG;Deutschland;UNTGR2;Unternehmensgröße;UNT-0010;Kleine Unternehmen;.;Mill. EUR;VST005;Bruttolöhne und -gehälter;
48121;Statistik für kleine und mittlere Unternehmen;JAHR;Jahr;2017;DINSG;Deutschland insgesamt;DG;Deutschland;UNTGR2;Unternehmensgröße;UNT-0010;Kleine Unternehmen;37653;Mill. EUR;INV018;Bruttoinvestitionen in Sachanlagen;e
48121;Statistik für kleine und mittlere Unternehmen;JAHR;Jahr;2017;DINSG;Deutschland insgesamt;DG;Deutschland;UNTGR2;Unternehmensgröße;UNT-0010;Kleine Unternehmen;770860;Mill. EUR;UMS002;Umsatz;e
48121;Statistik für kleine und mittlere Unternehmen;JAHR;Jahr;2017;DINSG;Deutschland insgesamt;DG;Deutschland;UNTGR2;Unternehmensgröße;UNT-0010;Kleine Unternehmen;.;Anzahl;LGE001;Lohn- und Gehaltsempfänger;
48121;Statistik für kleine und mittlere Unternehmen;JAHR;Jahr;2017;DINSG;Deutschland insgesamt;DG;Deutschland;UNTGR2;Unternehmensgröße;UNT-0010;Kleine Unternehmen;5494;EUR;INV023;Bruttoinvestitionen in Sachanl. je tätige Person;e
48121;Statistik für kleine und mittlere Unternehmen;JAHR;Jahr;2017;DINSG;Deutschland insgesamt;DG;Deutschland;UNTGR2;Unternehmensgröße;UNT-0010;Kleine Unternehmen;-;Mill. EUR;KOS002;Kosten für Mieten und Pachten;
48121;Statistik für kleine und mittlere Unternehmen;JAHR;Jahr;2017;DINSG;Deutschland insgesamt;DG;Deutschland;UNTGR2;Unternehmensgröße;UNT-0010;Kleine Unternehmen;28326;EUR;PAW008;Personalaufwendungen je tätige Person;e
48121;Statistik für kleine und mittlere Unternehmen;JAHR;Jahr;2017;DINSG;Deutschland insgesamt;DG;Deutschland;UNTGR2;Unternehmensgröße;UNT-0010;Kleine Unternehmen;.;Mill. EUR;KAU008;Käufe v.Waren u.DL z.Wiederverk. i.unveränd. Zust.;
48121;Statistik für kleine und mittlere Unternehmen;JAHR;Jahr;2017;DINSG;Deutschland insgesamt;DG;Deutschland;UNTGR2;Unternehmensgröße;UNT-0010;Kleine Unternehmen;6853521;Anzahl;PER005;Tätige Personen;e
48121;Statistik für kleine und mittlere Unternehmen;JAHR;Jahr;2017;DINSG;Deutschland insgesamt;DG;Deutschland;UNTGR2;Unternehmensgröße;UNT-0010;Kleine Unternehmen;.;Mill. EUR;KOS026;Sozialversicherungskosten;
48121;Statistik für kleine und mittlere Unternehmen;JAHR;Jahr;2017;DINSG;Deutschland insgesamt;DG;Deutschland;UNTGR2;Unternehmensgröße;UNT-0010;Kleine Unternehmen;.;Anzahl;LGE002;Lohn- und Gehaltsempfänger in Vollzeiteinheiten;
48121;Statistik für kleine und mittlere Unternehmen;JAHR;Jahr;2017;DINSG;Deutschland insgesamt;DG;Deutschland;UNTGR2;Unternehmensgröße;UNT-0010;Kleine Unternehmen;194135;Mill. EUR;PAW002;Personalaufwendungen;e
48121;Statistik für kleine und mittlere Unternehmen;JAHR;Jahr;2017;DINSG;Deutschland insgesamt;DG;Deutschland;UNTGR2;Unternehmensgröße;UNT-0010;Kleine Unternehmen;.;Mill. EUR;PRO013;Produktionswert;
48121;Statistik für kleine und mittlere Unternehmen;JAHR;Jahr;2017;DINSG;Deutschland insgesamt;DG;Deutschland;UNTGR2;Unternehmensgröße;UNT-0010;Kleine Unternehmen;.;Mill. EUR;KAU007;Waren- und Dienstleistungskäufe;
48121;Statistik für kleine und mittlere Unternehmen;JAHR;Jahr;2017;DINSG;Deutschland insgesamt;DG;Deutschland;UNTGR2;Unternehmensgröße;UNT-0010;Kleine Unternehmen;299663;Mill. EUR;BWS003;Bruttowertschöpfung zu Faktorkosten;e
48121;Statistik für kleine und mittlere Unternehmen;JAHR;Jahr;2017;DINSG;Deutschland insgesamt;DG;Deutschland;UNTGR2;Unternehmensgröße;UNT-0010;Kleine Unternehmen;112476;EUR;UMS050;Umsatz je tätige Person;e
48121;Statistik für kleine und mittlere Unternehmen;JAHR;Jahr;2017;DINSG;Deutschland insgesamt;DG;Deutschland;UNTGR2;Unternehmensgröße;UNT-0010;Kleine Unternehmen;289824;Anzahl;UNT007;Unternehmen mit Investitionen;e
48121;Statistik für kleine und mittlere Unternehmen;JAHR;Jahr;2017;DINSG;Deutschland insgesamt;DG;Deutschland;UNTGR2;Unternehmensgröße;UNT-0010;Kleine Unternehmen;15398;EUR;BBU003;Bruttobetriebsüberschuss je tätige Person;e
48121;Statistik für kleine und mittlere Unternehmen;JAHR;Jahr;2017;DINSG;Deutschland insgesamt;DG;Deutschland;UNTGR2;Unternehmensgröße;UNT-0010;Kleine Unternehmen;105529;Mill. EUR;BBU001;Bruttobetriebsüberschuss;e
48121;Statistik für kleine und mittlere Unternehmen;JAHR;Jahr;2017;DINSG;Deutschland insgesamt;DG;Deutschland;UNTGR2;Unternehmensgröße;UNT-0010;Kleine Unternehmen;-;Mill. EUR;VRV001;Vorratsveränderungen bei Waren;
48121;Statistik für kleine und mittlere Unternehmen;JAHR;Jahr;2017;DINSG;Deutschland insgesamt;DG;Deutschland;UNTGR2;Unternehmensgröße;UNT-0010;Kleine Unternehmen;43724;EUR;BWS010;Bruttowertschöpf. zu Faktorkosten je tätige Person;e
48121;Statistik für kleine und mittlere Unternehmen;JAHR;Jahr;2017;DINSG;Deutschland insgesamt;DG;Deutschland;UNTGR2;Unternehmensgröße;UNT-0010;Kleine Unternehmen;.;Anzahl;UNT002;Unternehmen (EU);
48121;Statistik für kleine und mittlere Unternehmen;JAHR;Jahr;2015;DINSG;Deutschland insgesamt;DG;Deutschland;UNTGR2;Unternehmensgröße;UNT-0010;Kleine Unternehmen;372161;Anzahl;UNT003;Unternehmen;e
48121;Statistik für kleine und mittlere Unternehmen;JAHR;Jahr;2015;DINSG;Deutschland insgesamt;DG;Deutschland;UNTGR2;Unternehmensgröße;UNT-0010;Kleine Unternehmen;.;Mill. EUR;AUFW05;Aufwendungen für Leiharbeitnehmer;
48121;Statistik für kleine und mittlere Unternehmen;JAHR;Jahr;2015;DINSG;Deutschland insgesamt;DG;Deutschland;UNTGR2;Unternehmensgröße;UNT-0010;Kleine Unternehmen;.;Mill. EUR;VST005;Bruttolöhne und -gehälter;
48121;Statistik für kleine und mittlere Unternehmen;JAHR;Jahr;2015;DINSG;Deutschland insgesamt;DG;Deutschland;UNTGR2;Unternehmensgröße;UNT-0010;Kleine Unternehmen;31054;Mill. EUR;INV018;Bruttoinvestitionen in Sachanlagen;e
48121;Statistik für kleine und mittlere Unternehmen;JAHR;Jahr;2015;DINSG;Deutschland insgesamt;DG;Deutschland;UNTGR2;Unternehmensgröße;UNT-0010;Kleine Unternehmen;693513;Mill. EUR;UMS002;Umsatz;e
48121;Statistik für kleine und mittlere Unternehmen;JAHR;Jahr;2015;DINSG;Deutschland insgesamt;DG;Deutschland;UNTGR2;Unternehmensgröße;UNT-0010;Kleine Unternehmen;.;Anzahl;LGE001;Lohn- und Gehaltsempfänger;
48121;Statistik für kleine und mittlere Unternehmen;JAHR;Jahr;2015;DINSG;Deutschland insgesamt;DG;Deutschland;UNTGR2;Unternehmensgröße;UNT-0010;Kleine Unternehmen;4887;EUR;INV023;Bruttoinvestitionen in Sachanl. je tätige Person;e
48121;Statistik für kleine und mittlere Unternehmen;JAHR;Jahr;2015;DINSG;Deutschland insgesamt;DG;Deutschland;UNTGR2;Unternehmensgröße;UNT-0010;Kleine Unternehmen;-;Mill. EUR;KOS002;Kosten für Mieten und Pachten;
48121;Statistik für kleine und mittlere Unternehmen;JAHR;Jahr;2015;DINSG;Deutschland insgesamt;DG;Deutschland;UNTGR2;Unternehmensgröße;UNT-0010;Kleine Unternehmen;26924;EUR;PAW008;Personalaufwendungen je tätige Person;e
48121;Statistik für kleine und mittlere Unternehmen;JAHR;Jahr;2015;DINSG;Deutschland insgesamt;DG;Deutschland;UNTGR2;Unternehmensgröße;UNT-0010;Kleine Unternehmen;.;Mill. EUR;KAU008;Käufe v.Waren u.DL z.Wiederverk. i.unveränd. Zust.;
48121;Statistik für kleine und mittlere Unternehmen;JAHR;Jahr;2015;DINSG;Deutschland insgesamt;DG;Deutschland;UNTGR2;Unternehmensgröße;UNT-0010;Kleine Unternehmen;6354553;Anzahl;PER005;Tätige Personen;e
48121;Statistik für kleine und mittlere Unternehmen;JAHR;Jahr;2015;DINSG;Deutschland insgesamt;DG;Deutschland;UNTGR2;Unternehmensgröße;UNT-0010;Kleine Unternehmen;.;Mill. EUR;KOS026;Sozialversicherungskosten;
48121;Statistik für kleine und mittlere Unternehmen;JAHR;Jahr;2015;DINSG;Deutschland insgesamt;DG;Deutschland;UNTGR2;Unternehmensgröße;UNT-0010;Kleine Unternehmen;.;Anzahl;LGE002;Lohn- und Gehaltsempfänger in Vollzeiteinheiten;
48121;Statistik für kleine und mittlere Unternehmen;JAHR;Jahr;2015;DINSG;Deutschland insgesamt;DG;Deutschland;UNTGR2;Unternehmensgröße;UNT-0010;Kleine Unternehmen;171087;Mill. EUR;PAW002;Personalaufwendungen;e
48121;Statistik für kleine und mittlere Unternehmen;JAHR;Jahr;2015;DINSG;Deutschland insgesamt;DG;Deutschland;UNTGR2;Unternehmensgröße;UNT-0010;Kleine Unternehmen;.;Mill. EUR;PRO013;Produktionswert;
48121;Statistik für kleine und mittlere Unternehmen;JAHR;Jahr;2015;DINSG;Deutschland insgesamt;DG;Deutschland;UNTGR2;Unternehmensgröße;UNT-0010;Kleine Unternehmen;.;Mill. EUR;KAU007;Waren- und Dienstleistungskäufe;
48121;Statistik für kleine und mittlere Unternehmen;JAHR;Jahr;2015;DINSG;Deutschland insgesamt;DG;Deutschland;UNTGR2;Unternehmensgröße;UNT-0010;Kleine Unternehmen;264897;Mill. EUR;BWS003;Bruttowertschöpfung zu Faktorkosten;e
48121;Statistik für kleine und mittlere Unternehmen;JAHR;Jahr;2015;DINSG;Deutschland insgesamt;DG;Deutschland;UNTGR2;Unternehmensgröße;UNT-0010;Kleine Unternehmen;109136;EUR;UMS050;Umsatz je tätige Person;e
48121;Statistik für kleine und mittlere Unternehmen;JAHR;Jahr;2015;DINSG;Deutschland insgesamt;DG;Deutschland;UNTGR2;Unternehmensgröße;UNT-0010;Kleine Unternehmen;273442;Anzahl;UNT007;Unternehmen mit Investitionen;e
48121;Statistik für kleine und mittlere Unternehmen;JAHR;Jahr;2015;DINSG;Deutschland insgesamt;DG;Deutschland;UNTGR2;Unternehmensgröße;UNT-0010;Kleine Unternehmen;14693;EUR;BBU003;Bruttobetriebsüberschuss je tätige Person;e
48121;Statistik für kleine und mittlere Unternehmen;JAHR;Jahr;2015;DINSG;Deutschland insgesamt;DG;Deutschland;UNTGR2;Unternehmensgröße;UNT-0010;Kleine Unternehmen;93367;Mill. EUR;BBU001;Bruttobetriebsüberschuss;e
48121;Statistik für kleine und mittlere Unternehmen;JAHR;Jahr;2015;DINSG;Deutschland insgesamt;DG;Deutschland;UNTGR2;Unternehmensgröße;UNT-0010;Kleine Unternehmen;-;Mill. EUR;VRV001;Vorratsveränderungen bei Waren;
48121;Statistik für kleine und mittlere Unternehmen;JAHR;Jahr;2015;DINSG;Deutschland insgesamt;DG;Deutschland;UNTGR2;Unternehmensgröße;UNT-0010;Kleine Unternehmen;41686;EUR;BWS010;Bruttowertschöpf. zu Faktorkosten je tätige Person;e
48121;Statistik für kleine und mittlere Unternehmen;JAHR;Jahr;2015;DINSG;Deutschland insgesamt;DG;Deutschland;UNTGR2;Unternehmensgröße;UNT-0010;Kleine Unternehmen;.;Anzahl;UNT002;Unternehmen (EU);
48121;Statistik für kleine und mittlere Unternehmen;JAHR;Jahr;2021;DINSG;Deutschland insgesamt;DG;Deutschland;UNTGR2;Unternehmensgröße;UNT-0100;Mittlere Unternehmen;-;Anzahl;UNT003;Unternehmen;
48121;Statistik für kleine und mittlere Unternehmen;JAHR;Jahr;2021;DINSG;Deutschland insgesamt;DG;Deutschland;UNTGR2;Unternehmensgröße;UNT-0100;Mittlere Unternehmen;4978;Mill. EUR;AUFW05;Aufwendungen für Leiharbeitnehmer;e
48121;Statistik für kleine und mittlere Unternehmen;JAHR;Jahr;2021;DINSG;Deutschland insgesamt;DG;Deutschland;UNTGR2;Unternehmensgröße;UNT-0100;Mittlere Unternehmen;198039;Mill. EUR;VST005;Bruttolöhne und -gehälter;e
48121;Statistik für kleine und mittlere Unternehmen;JAHR;Jahr;2021;DINSG;Deutschland insgesamt;DG;Deutschland;UNTGR2;Unternehmensgröße;UNT-0100;Mittlere Unternehmen;57005;Mill. EUR;INV018;Bruttoinvestitionen in Sachanlagen;e
48121;Statistik für kleine und mittlere Unternehmen;JAHR;Jahr;2021;DINSG;Deutschland insgesamt;DG;Deutschland;UNTGR2;Unternehmensgröße;UNT-0100;Mittlere Unternehmen;985163;Mill. EUR;UMS002;Umsatz;e
48121;Statistik für kleine und mittlere Unternehmen;JAHR;Jahr;2021;DINSG;Deutschland insgesamt;DG;Deutschland;UNTGR2;Unternehmensgröße;UNT-0100;Mittlere Unternehmen;5924942;Anzahl;LGE001;Lohn- und Gehaltsempfänger;e
48121;Statistik für kleine und mittlere Unternehmen;JAHR;Jahr;2021;DINSG;Deutschland insgesamt;DG;Deutschland;UNTGR2;Unternehmensgröße;UNT-0100;Mittlere Unternehmen;9479;EUR;INV023;Bruttoinvestitionen in Sachanl. je tätige Person;e
48121;Statistik für kleine und mittlere Unternehmen;JAHR;Jahr;2021;DINSG;Deutschland insgesamt;DG;Deutschland;UNTGR2;Unternehmensgröße;UNT-0100;Mittlere Unternehmen;27105;Mill. EUR;KOS002;Kosten für Mieten und Pachten;e
48121;Statistik für kleine und mittlere Unternehmen;JAHR;Jahr;2021;DINSG;Deutschland insgesamt;DG;Deutschland;UNTGR2;Unternehmensgröße;UNT-0100;Mittlere Unternehmen;40079;EUR;PAW008;Personalaufwendungen je tätige Person;e
48121;Statistik für kleine und mittlere Unternehmen;JAHR;Jahr;2021;DINSG;Deutschland insgesamt;DG;Deutschland;UNTGR2;Unternehmensgröße;UNT-0100;Mittlere Unternehmen;288434;Mill. EUR;KAU008;Käufe v.Waren u.DL z.Wiederverk. i.unveränd. Zust.;e
48121;Statistik für kleine und mittlere Unternehmen;JAHR;Jahr;2021;DINSG;Deutschland insgesamt;DG;Deutschland;UNTGR2;Unternehmensgröße;UNT-0100;Mittlere Unternehmen;6014050;Anzahl;PER005;Tätige Personen;e
48121;Statistik für kleine und mittlere Unternehmen;JAHR;Jahr;2021;DINSG;Deutschland insgesamt;DG;Deutschland;UNTGR2;Unternehmensgröße;UNT-0100;Mittlere Unternehmen;42999;Mill. EUR;KOS026;Sozialversicherungskosten;e
48121;Statistik für kleine und mittlere Unternehmen;JAHR;Jahr;2021;DINSG;Deutschland insgesamt;DG;Deutschland;UNTGR2;Unternehmensgröße;UNT-0100;Mittlere Unternehmen;5071078;Anzahl;LGE002;Lohn- und Gehaltsempfänger in Vollzeiteinheiten;e
48121;Statistik für kleine und mittlere Unternehmen;JAHR;Jahr;2021;DINSG;Deutschland insgesamt;DG;Deutschland;UNTGR2;Unternehmensgröße;UNT-0100;Mittlere Unternehmen;241038;Mill. EUR;PAW002;Personalaufwendungen;e
48121;Statistik für kleine und mittlere Unternehmen;JAHR;Jahr;2021;DINSG;Deutschland insgesamt;DG;Deutschland;UNTGR2;Unternehmensgröße;UNT-0100;Mittlere Unternehmen;722976;Mill. EUR;PRO013;Produktionswert;e
48121;Statistik für kleine und mittlere Unternehmen;JAHR;Jahr;2021;DINSG;Deutschland insgesamt;DG;Deutschland;UNTGR2;Unternehmensgröße;UNT-0100;Mittlere Unternehmen;629775;Mill. EUR;KAU007;Waren- und Dienstleistungskäufe;e
48121;Statistik für kleine und mittlere Unternehmen;JAHR;Jahr;2021;DINSG;Deutschland insgesamt;DG;Deutschland;UNTGR2;Unternehmensgröße;UNT-0100;Mittlere Unternehmen;387135;Mill. EUR;BWS003;Bruttowertschöpfung zu Faktorkosten;e
48121;Statistik für kleine und mittlere Unternehmen;JAHR;Jahr;2021;DINSG;Deutschland insgesamt;DG;Deutschland;UNTGR2;Unternehmensgröße;UNT-0100;Mittlere Unternehmen;163810;EUR;UMS050;Umsatz je tätige Person;e
48121;Statistik für kleine und mittlere Unternehmen;JAHR;Jahr;2021;DINSG;Deutschland insgesamt;DG;Deutschland;UNTGR2;Unternehmensgröße;UNT-0100;Mittlere Unternehmen;64138;Anzahl;UNT007;Unternehmen mit Investitionen;e
48121;Statistik für kleine und mittlere Unternehmen;JAHR;Jahr;2021;DINSG;Deutschland insgesamt;DG;Deutschland;UNTGR2;Unternehmensgröße;UNT-0100;Mittlere Unternehmen;24293;EUR;BBU003;Bruttobetriebsüberschuss je tätige Person;e
48121;Statistik für kleine und mittlere Unternehmen;JAHR;Jahr;2021;DINSG;Deutschland insgesamt;DG;Deutschland;UNTGR2;Unternehmensgröße;UNT-0100;Mittlere Unternehmen;146097;Mill. EUR;BBU001;Bruttobetriebsüberschuss;e
48121;Statistik für kleine und mittlere Unternehmen;JAHR;Jahr;2021;DINSG;Deutschland insgesamt;DG;Deutschland;UNTGR2;Unternehmensgröße;UNT-0100;Mittlere Unternehmen;15349;Mill. EUR;VRV001;Vorratsveränderungen bei Waren;e
48121;Statistik für kleine und mittlere Unternehmen;JAHR;Jahr;2021;DINSG;Deutschland insgesamt;DG;Deutschland;UNTGR2;Unternehmensgröße;UNT-0100;Mittlere Unternehmen;64372;EUR;BWS010;Bruttowertschöpf. zu Faktorkosten je tätige Person;e
48121;Statistik für kleine und mittlere Unternehmen;JAHR;Jahr;2021;DINSG;Deutschland insgesamt;DG;Deutschland;UNTGR2;Unternehmensgröße;UNT-0100;Mittlere Unternehmen;76293;Anzahl;UNT002;Unternehmen (EU);e
48121;Statistik für kleine und mittlere Unternehmen;JAHR;Jahr;2022;DINSG;Deutschland insgesamt;DG;Deutschland;UNTGR2;Unternehmensgröße;UNT-0001;Kleinstunternehmen;-;Anzahl;UNT003;Unternehmen;
48121;Statistik für kleine und mittlere Unternehmen;JAHR;Jahr;2022;DINSG;Deutschland insgesamt;DG;Deutschland;UNTGR2;Unternehmensgröße;UNT-0001;Kleinstunternehmen;1332;Mill. EUR;AUFW05;Aufwendungen für Leiharbeitnehmer;e
48121;Statistik für kleine und mittlere Unternehmen;JAHR;Jahr;2022;DINSG;Deutschland insgesamt;DG;Deutschland;UNTGR2;Unternehmensgröße;UNT-0001;Kleinstunternehmen;117484;Mill. EUR;VST005;Bruttolöhne und -gehälter;e
48121;Statistik für kleine und mittlere Unternehmen;JAHR;Jahr;2022;DINSG;Deutschland insgesamt;DG;Deutschland;UNTGR2;Unternehmensgröße;UNT-0001;Kleinstunternehmen;63266;Mill. EUR;INV018;Bruttoinvestitionen in Sachanlagen;e
48121;Statistik für kleine und mittlere Unternehmen;JAHR;Jahr;2022;DINSG;Deutschland insgesamt;DG;Deutschland;UNTGR2;Unternehmensgröße;UNT-0001;Kleinstunternehmen;645692;Mill. EUR;UMS002;Umsatz;e
48121;Statistik für kleine und mittlere Unternehmen;JAHR;Jahr;2022;DINSG;Deutschland insgesamt;DG;Deutschland;UNTGR2;Unternehmensgröße;UNT-0001;Kleinstunternehmen;4999052;Anzahl;LGE001;Lohn- und Gehaltsempfänger;e
48121;Statistik für kleine und mittlere Unternehmen;JAHR;Jahr;2022;DINSG;Deutschland insgesamt;DG;Deutschland;UNTGR2;Unternehmensgröße;UNT-0001;Kleinstunternehmen;8443;EUR;INV023;Bruttoinvestitionen in Sachanl. je tätige Person;e
48121;Statistik für kleine und mittlere Unternehmen;JAHR;Jahr;2022;DINSG;Deutschland insgesamt;DG;Deutschland;UNTGR2;Unternehmensgröße;UNT-0001;Kleinstunternehmen;40720;Mill. EUR;KOS002;Kosten für Mieten und Pachten;e
48121;Statistik für kleine und mittlere Unternehmen;JAHR;Jahr;2022;DINSG;Deutschland insgesamt;DG;Deutschland;UNTGR2;Unternehmensgröße;UNT-0001;Kleinstunternehmen;19242;EUR;PAW008;Personalaufwendungen je tätige Person;e
48121;Statistik für kleine und mittlere Unternehmen;JAHR;Jahr;2022;DINSG;Deutschland insgesamt;DG;Deutschland;UNTGR2;Unternehmensgröße;UNT-0001;Kleinstunternehmen;102907;Mill. EUR;KAU008;Käufe v.Waren u.DL z.Wiederverk. i.unveränd. Zust.;e
48121;Statistik für kleine und mittlere Unternehmen;JAHR;Jahr;2022;DINSG;Deutschland insgesamt;DG;Deutschland;UNTGR2;Unternehmensgröße;UNT-0001;Kleinstunternehmen;7493063;Anzahl;PER005;Tätige Personen;e
48121;Statistik für kleine und mittlere Unternehmen;JAHR;Jahr;2022;DINSG;Deutschland insgesamt;DG;Deutschland;UNTGR2;Unternehmensgröße;UNT-0001;Kleinstunternehmen;26700;Mill. EUR;KOS026;Sozialversicherungskosten;e
48121;Statistik für kleine und mittlere Unternehmen;JAHR;Jahr;2022;DINSG;Deutschland insgesamt;DG;Deutschland;UNTGR2;Unternehmensgröße;UNT-0001;Kleinstunternehmen;3952907;Anzahl;LGE002;Lohn- und Gehaltsempfänger in Vollzeiteinheiten;e
48121;Statistik für kleine und mittlere Unternehmen;JAHR;Jahr;2022;DINSG;Deutschland insgesamt;DG;Deutschland;UNTGR2;Unternehmensgröße;UNT-0001;Kleinstunternehmen;144184;Mill. EUR;PAW002;Personalaufwendungen;e
48121;Statistik für kleine und mittlere Unternehmen;JAHR;Jahr;2022;DINSG;Deutschland insgesamt;DG;Deutschland;UNTGR2;Unternehmensgröße;UNT-0001;Kleinstunternehmen;564104;Mill. EUR;PRO013;Produktionswert;e
48121;Statistik für kleine und mittlere Unternehmen;JAHR;Jahr;2022;DINSG;Deutschland insgesamt;DG;Deutschland;UNTGR2;Unternehmensgröße;UNT-0001;Kleinstunternehmen;307431;Mill. EUR;KAU007;Waren- und Dienstleistungskäufe;e
48121;Statistik für kleine und mittlere Unternehmen;JAHR;Jahr;2022;DINSG;Deutschland insgesamt;DG;Deutschland;UNTGR2;Unternehmensgröße;UNT-0001;Kleinstunternehmen;355914;Mill. EUR;BWS003;Bruttowertschöpfung zu Faktorkosten;e
48121;Statistik für kleine und mittlere Unternehmen;JAHR;Jahr;2022;DINSG;Deutschland insgesamt;DG;Deutschland;UNTGR2;Unternehmensgröße;UNT-0001;Kleinstunternehmen;86172;EUR;UMS050;Umsatz je tätige Person;e
48121;Statistik für kleine und mittlere Unternehmen;JAHR;Jahr;2022;DINSG;Deutschland insgesamt;DG;Deutschland;UNTGR2;Unternehmensgröße;UNT-0001;Kleinstunternehmen;959751;Anzahl;UNT007;Unternehmen mit Investitionen;e
48121;Statistik für kleine und mittlere Unternehmen;JAHR;Jahr;2022;DINSG;Deutschland insgesamt;DG;Deutschland;UNTGR2;Unternehmensgröße;UNT-0001;Kleinstunternehmen;28257;EUR;BBU003;Bruttobetriebsüberschuss je tätige Person;e
48121;Statistik für kleine und mittlere Unternehmen;JAHR;Jahr;2022;DINSG;Deutschland insgesamt;DG;Deutschland;UNTGR2;Unternehmensgröße;UNT-0001;Kleinstunternehmen;211730;Mill. EUR;BBU001;Bruttobetriebsüberschuss;e
48121;Statistik für kleine und mittlere Unternehmen;JAHR;Jahr;2022;DINSG;Deutschland insgesamt;DG;Deutschland;UNTGR2;Unternehmensgröße;UNT-0001;Kleinstunternehmen;5259;Mill. EUR;VRV001;Vorratsveränderungen bei Waren;e
48121;Statistik für kleine und mittlere Unternehmen;JAHR;Jahr;2022;DINSG;Deutschland insgesamt;DG;Deutschland;UNTGR2;Unternehmensgröße;UNT-0001;Kleinstunternehmen;47499;EUR;BWS010;Bruttowertschöpf. zu Faktorkosten je tätige Person;e
48121;Statistik für kleine und mittlere Unternehmen;JAHR;Jahr;2022;DINSG;Deutschland insgesamt;DG;Deutschland;UNTGR2;Unternehmensgröße;UNT-0001;Kleinstunternehmen;2592288;Anzahl;UNT002;Unternehmen (EU);e
48121;Statistik für kleine und mittlere Unternehmen;JAHR;Jahr;2020;DINSG;Deutschland insgesamt;DG;Deutschland;UNTGR2;Unternehmensgröße;UNT-0001;Kleinstunternehmen;-;Anzahl;UNT003;Unternehmen;
48121;Statistik für kleine und mittlere Unternehmen;JAHR;Jahr;2020;DINSG;Deutschland insgesamt;DG;Deutschland;UNTGR2;Unternehmensgröße;UNT-0001;Kleinstunternehmen;598;Mill. EUR;AUFW05;Aufwendungen für Leiharbeitnehmer;e
48121;Statistik für kleine und mittlere Unternehmen;JAHR;Jahr;2020;DINSG;Deutschland insgesamt;DG;Deutschland;UNTGR2;Unternehmensgröße;UNT-0001;Kleinstunternehmen;63622;Mill. EUR;VST005;Bruttolöhne und -gehälter;e
48121;Statistik für kleine und mittlere Unternehmen;JAHR;Jahr;2020;DINSG;Deutschland insgesamt;DG;Deutschland;UNTGR2;Unternehmensgröße;UNT-0001;Kleinstunternehmen;32448;Mill. EUR;INV018;Bruttoinvestitionen in Sachanlagen;e
48121;Statistik für kleine und mittlere Unternehmen;JAHR;Jahr;2020;DINSG;Deutschland insgesamt;DG;Deutschland;UNTGR2;Unternehmensgröße;UNT-0001;Kleinstunternehmen;438309;Mill. EUR;UMS002;Umsatz;e
48121;Statistik für kleine und mittlere Unternehmen;JAHR;Jahr;2020;DINSG;Deutschland insgesamt;DG;Deutschland;UNTGR2;Unternehmensgröße;UNT-0001;Kleinstunternehmen;3276764;Anzahl;LGE001;Lohn- und Gehaltsempfänger;e
48121;Statistik für kleine und mittlere Unternehmen;JAHR;Jahr;2020;DINSG;Deutschland insgesamt;DG;Deutschland;UNTGR2;Unternehmensgröße;UNT-0001;Kleinstunternehmen;6031;EUR;INV023;Bruttoinvestitionen in Sachanl. je tätige Person;e
48121;Statistik für kleine und mittlere Unternehmen;JAHR;Jahr;2020;DINSG;Deutschland insgesamt;DG;Deutschland;UNTGR2;Unternehmensgröße;UNT-0001;Kleinstunternehmen;-;Mill. EUR;KOS002;Kosten für Mieten und Pachten;
48121;Statistik für kleine und mittlere Unternehmen;JAHR;Jahr;2020;DINSG;Deutschland insgesamt;DG;Deutschland;UNTGR2;Unternehmensgröße;UNT-0001;Kleinstunternehmen;14653;EUR;PAW008;Personalaufwendungen je tätige Person;e
48121;Statistik für kleine und mittlere Unternehmen;JAHR;Jahr;2020;DINSG;Deutschland insgesamt;DG;Deutschland;UNTGR2;Unternehmensgröße;UNT-0001;Kleinstunternehmen;98384;Mill. EUR;KAU008;Käufe v.Waren u.DL z.Wiederverk. i.unveränd. Zust.;e
48121;Statistik für kleine und mittlere Unternehmen;JAHR;Jahr;2020;DINSG;Deutschland insgesamt;DG;Deutschland;UNTGR2;Unternehmensgröße;UNT-0001;Kleinstunternehmen;5379944;Anzahl;PER005;Tätige Personen;e
48121;Statistik für kleine und mittlere Unternehmen;JAHR;Jahr;2020;DINSG;Deutschland insgesamt;DG;Deutschland;UNTGR2;Unternehmensgröße;UNT-0001;Kleinstunternehmen;15208;Mill. EUR;KOS026;Sozialversicherungskosten;e
48121;Statistik für kleine und mittlere Unternehmen;JAHR;Jahr;2020;DINSG;Deutschland insgesamt;DG;Deutschland;UNTGR2;Unternehmensgröße;UNT-0001;Kleinstunternehmen;2522531;Anzahl;LGE002;Lohn- und Gehaltsempfänger in Vollzeiteinheiten;e
48121;Statistik für kleine und mittlere Unternehmen;JAHR;Jahr;2020;DINSG;Deutschland insgesamt;DG;Deutschland;UNTGR2;Unternehmensgröße;UNT-0001;Kleinstunternehmen;78830;Mill. EUR;PAW002;Personalaufwendungen;e
48121;Statistik für kleine und mittlere Unternehmen;JAHR;Jahr;2020;DINSG;Deutschland insgesamt;DG;Deutschland;UNTGR2;Unternehmensgröße;UNT-0001;Kleinstunternehmen;343780;Mill. EUR;PRO013;Produktionswert;e
48121;Statistik für kleine und mittlere Unternehmen;JAHR;Jahr;2020;DINSG;Deutschland insgesamt;DG;Deutschland;UNTGR2;Unternehmensgröße;UNT-0001;Kleinstunternehmen;237840;Mill. EUR;KAU007;Waren- und Dienstleistungskäufe;e
48121;Statistik für kleine und mittlere Unternehmen;JAHR;Jahr;2020;DINSG;Deutschland insgesamt;DG;Deutschland;UNTGR2;Unternehmensgröße;UNT-0001;Kleinstunternehmen;201480;Mill. EUR;BWS003;Bruttowertschöpfung zu Faktorkosten;e
48121;Statistik für kleine und mittlere Unternehmen;JAHR;Jahr;2020;DINSG;Deutschland insgesamt;DG;Deutschland;UNTGR2;Unternehmensgröße;UNT-0001;Kleinstunternehmen;81471;EUR;UMS050;Umsatz je tätige Person;e
48121;Statistik für kleine und mittlere Unternehmen;JAHR;Jahr;2020;DINSG;Deutschland insgesamt;DG;Deutschland;UNTGR2;Unternehmensgröße;UNT-0001;Kleinstunternehmen;732961;Anzahl;UNT007;Unternehmen mit Investitionen;e
48121;Statistik für kleine und mittlere Unternehmen;JAHR;Jahr;2020;DINSG;Deutschland insgesamt;DG;Deutschland;UNTGR2;Unternehmensgröße;UNT-0001;Kleinstunternehmen;22798;EUR;BBU003;Bruttobetriebsüberschuss je tätige Person;e
48121;Statistik für kleine und mittlere Unternehmen;JAHR;Jahr;2020;DINSG;Deutschland insgesamt;DG;Deutschland;UNTGR2;Unternehmensgröße;UNT-0001;Kleinstunternehmen;122650;Mill. EUR;BBU001;Bruttobetriebsüberschuss;e
48121;Statistik für kleine und mittlere Unternehmen;JAHR;Jahr;2020;DINSG;Deutschland insgesamt;DG;Deutschland;UNTGR2;Unternehmensgröße;UNT-0001;Kleinstunternehmen;-;Mill. EUR;VRV001;Vorratsveränderungen bei Waren;
48121;Statistik für kleine und mittlere Unternehmen;JAHR;Jahr;2020;DINSG;Deutschland insgesamt;DG;Deutschland;UNTGR2;Unternehmensgröße;UNT-0001;Kleinstunternehmen;37450;EUR;BWS010;Bruttowertschöpf. zu Faktorkosten je tätige Person;e
48121;Statistik für kleine und mittlere Unternehmen;JAHR;Jahr;2020;DINSG;Deutschland insgesamt;DG;Deutschland;UNTGR2;Unternehmensgröße;UNT-0001;Kleinstunternehmen;2061145;Anzahl;UNT002;Unternehmen (EU);e
48121;Statistik für kleine und mittlere Unternehmen;JAHR;Jahr;2019;DINSG;Deutschland insgesamt;DG;Deutschland;UNTGR2;Unternehmensgröße;UNT-0010;Kleine Unternehmen;-;Anzahl;UNT003;Unternehmen;
48121;Statistik für kleine und mittlere Unternehmen;JAHR;Jahr;2019;DINSG;Deutschland insgesamt;DG;Deutschland;UNTGR2;Unternehmensgröße;UNT-0010;Kleine Unternehmen;1931;Mill. EUR;AUFW05;Aufwendungen für Leiharbeitnehmer;e
48121;Statistik für kleine und mittlere Unternehmen;JAHR;Jahr;2019;DINSG;Deutschland insgesamt;DG;Deutschland;UNTGR2;Unternehmensgröße;UNT-0010;Kleine Unternehmen;160607;Mill. EUR;VST005;Bruttolöhne und -gehälter;e
48121;Statistik für kleine und mittlere Unternehmen;JAHR;Jahr;2019;DINSG;Deutschland insgesamt;DG;Deutschland;UNTGR2;Unternehmensgröße;UNT-0010;Kleine Unternehmen;38192;Mill. EUR;INV018;Bruttoinvestitionen in Sachanlagen;e
48121;Statistik für kleine und mittlere Unternehmen;JAHR;Jahr;2019;DINSG;Deutschland insgesamt;DG;Deutschland;UNTGR2;Unternehmensgröße;UNT-0010;Kleine Unternehmen;756990;Mill. EUR;UMS002;Umsatz;e
48121;Statistik für kleine und mittlere Unternehmen;JAHR;Jahr;2019;DINSG;Deutschland insgesamt;DG;Deutschland;UNTGR2;Unternehmensgröße;UNT-0010;Kleine Unternehmen;6425072;Anzahl;LGE001;Lohn- und Gehaltsempfänger;e
48121;Statistik für kleine und mittlere Unternehmen;JAHR;Jahr;2019;DINSG;Deutschland insgesamt;DG;Deutschland;UNTGR2;Unternehmensgröße;UNT-0010;Kleine Unternehmen;5628;EUR;INV023;Bruttoinvestitionen in Sachanl. je tätige Person;e
48121;Statistik für kleine und mittlere Unternehmen;JAHR;Jahr;2019;DINSG;Deutschland insgesamt;DG;Deutschland;UNTGR2;Unternehmensgröße;UNT-0010;Kleine Unternehmen;-;Mill. EUR;KOS002;Kosten für Mieten und Pachten;
48121;Statistik für kleine und mittlere Unternehmen;JAHR;Jahr;2019;DINSG;Deutschland insgesamt;DG;Deutschland;UNTGR2;Unternehmensgröße;UNT-0010;Kleine Unternehmen;29061;EUR;PAW008;Personalaufwendungen je tätige Person;e
48121;Statistik für kleine und mittlere Unternehmen;JAHR;Jahr;2019;DINSG;Deutschland insgesamt;DG;Deutschland;UNTGR2;Unternehmensgröße;UNT-0010;Kleine Unternehmen;224886;Mill. EUR;KAU008;Käufe v.Waren u.DL z.Wiederverk. i.unveränd. Zust.;e
48121;Statistik für kleine und mittlere Unternehmen;JAHR;Jahr;2019;DINSG;Deutschland insgesamt;DG;Deutschland;UNTGR2;Unternehmensgröße;UNT-0010;Kleine Unternehmen;6786266;Anzahl;PER005;Tätige Personen;e
48121;Statistik für kleine und mittlere Unternehmen;JAHR;Jahr;2019;DINSG;Deutschland insgesamt;DG;Deutschland;UNTGR2;Unternehmensgröße;UNT-0010;Kleine Unternehmen;36609;Mill. EUR;KOS026;Sozialversicherungskosten;e
48121;Statistik für kleine und mittlere Unternehmen;JAHR;Jahr;2019;DINSG;Deutschland insgesamt;DG;Deutschland;UNTGR2;Unternehmensgröße;UNT-0010;Kleine Unternehmen;5052723;Anzahl;LGE002;Lohn- und Gehaltsempfänger in Vollzeiteinheiten;e
48121;Statistik für kleine und mittlere Unternehmen;JAHR;Jahr;2019;DINSG;Deutschland insgesamt;DG;Deutschland;UNTGR2;Unternehmensgröße;UNT-0010;Kleine Unternehmen;197217;Mill. EUR;PAW002;Personalaufwendungen;e
48121;Statistik für kleine und mittlere Unternehmen;JAHR;Jahr;2019;DINSG;Deutschland insgesamt;DG;Deutschland;UNTGR2;Unternehmensgröße;UNT-0010;Kleine Unternehmen;544570;Mill. EUR;PRO013;Produktionswert;e
48121;Statistik für kleine und mittlere Unternehmen;JAHR;Jahr;2019;DINSG;Deutschland insgesamt;DG;Deutschland;UNTGR2;Unternehmensgröße;UNT-0010;Kleine Unternehmen;465586;Mill. EUR;KAU007;Waren- und Dienstleistungskäufe;e
48121;Statistik für kleine und mittlere Unternehmen;JAHR;Jahr;2019;DINSG;Deutschland insgesamt;DG;Deutschland;UNTGR2;Unternehmensgröße;UNT-0010;Kleine Unternehmen;298386;Mill. EUR;BWS003;Bruttowertschöpfung zu Faktorkosten;e
48121;Statistik für kleine und mittlere Unternehmen;JAHR;Jahr;2019;DINSG;Deutschland insgesamt;DG;Deutschland;UNTGR2;Unternehmensgröße;UNT-0010;Kleine Unternehmen;111547;EUR;UMS050;Umsatz je tätige Person;e
48121;Statistik für kleine und mittlere Unternehmen;JAHR;Jahr;2019;DINSG;Deutschland insgesamt;DG;Deutschland;UNTGR2;Unternehmensgröße;UNT-0010;Kleine Unternehmen;276289;Anzahl;UNT007;Unternehmen mit Investitionen;e
48121;Statistik für kleine und mittlere Unternehmen;JAHR;Jahr;2019;DINSG;Deutschland insgesamt;DG;Deutschland;UNTGR2;Unternehmensgröße;UNT-0010;Kleine Unternehmen;14908;EUR;BBU003;Bruttobetriebsüberschuss je tätige Person;e
48121;Statistik für kleine und mittlere Unternehmen;JAHR;Jahr;2019;DINSG;Deutschland insgesamt;DG;Deutschland;UNTGR2;Unternehmensgröße;UNT-0010;Kleine Unternehmen;101169;Mill. EUR;BBU001;Bruttobetriebsüberschuss;e
48121;Statistik für kleine und mittlere Unternehmen;JAHR;Jahr;2019;DINSG;Deutschland insgesamt;DG;Deutschland;UNTGR2;Unternehmensgröße;UNT-0010;Kleine Unternehmen;-;Mill. EUR;VRV001;Vorratsveränderungen bei Waren;
48121;Statistik für kleine und mittlere Unternehmen;JAHR;Jahr;2019;DINSG;Deutschland insgesamt;DG;Deutschland;UNTGR2;Unternehmensgröße;UNT-0010;Kleine Unternehmen;43969;EUR;BWS010;Bruttowertschöpf. zu Faktorkosten je tätige Person;e
48121;Statistik für kleine und mittlere Unternehmen;JAHR;Jahr;2019;DINSG;Deutschland insgesamt;DG;Deutschland;UNTGR2;Unternehmensgröße;UNT-0010;Kleine Unternehmen;385616;Anzahl;UNT002;Unternehmen (EU);e
48121;Statistik für kleine und mittlere Unternehmen;JAHR;Jahr;2012;DINSG;Deutschland insgesamt;DG;Deutschland;UNTGR2;Unternehmensgröße;UNT-1000;Großunternehmen;16195;Anzahl;UNT003;Unternehmen;e
48121;Statistik für kleine und mittlere Unternehmen;JAHR;Jahr;2012;DINSG;Deutschland insgesamt;DG;Deutschland;UNTGR2;Unternehmensgröße;UNT-1000;Großunternehmen;.;Mill. EUR;AUFW05;Aufwendungen für Leiharbeitnehmer;
48121;Statistik für kleine und mittlere Unternehmen;JAHR;Jahr;2012;DINSG;Deutschland insgesamt;DG;Deutschland;UNTGR2;Unternehmensgröße;UNT-1000;Großunternehmen;.;Mill. EUR;VST005;Bruttolöhne und -gehälter;
48121;Statistik für kleine und mittlere Unternehmen;JAHR;Jahr;2012;DINSG;Deutschland insgesamt;DG;Deutschland;UNTGR2;Unternehmensgröße;UNT-1000;Großunternehmen;102918;Mill. EUR;INV018;Bruttoinvestitionen in Sachanlagen;e
48121;Statistik für kleine und mittlere Unternehmen;JAHR;Jahr;2012;DINSG;Deutschland insgesamt;DG;Deutschland;UNTGR2;Unternehmensgröße;UNT-1000;Großunternehmen;3874839;Mill. EUR;UMS002;Umsatz;e
48121;Statistik für kleine und mittlere Unternehmen;JAHR;Jahr;2012;DINSG;Deutschland insgesamt;DG;Deutschland;UNTGR2;Unternehmensgröße;UNT-1000;Großunternehmen;.;Anzahl;LGE001;Lohn- und Gehaltsempfänger;
48121;Statistik für kleine und mittlere Unternehmen;JAHR;Jahr;2012;DINSG;Deutschland insgesamt;DG;Deutschland;UNTGR2;Unternehmensgröße;UNT-1000;Großunternehmen;9870;EUR;INV023;Bruttoinvestitionen in Sachanl. je tätige Person;e
48121;Statistik für kleine und mittlere Unternehmen;JAHR;Jahr;2012;DINSG;Deutschland insgesamt;DG;Deutschland;UNTGR2;Unternehmensgröße;UNT-1000;Großunternehmen;-;Mill. EUR;KOS002;Kosten für Mieten und Pachten;
48121;Statistik für kleine und mittlere Unternehmen;JAHR;Jahr;2012;DINSG;Deutschland insgesamt;DG;Deutschland;UNTGR2;Unternehmensgröße;UNT-1000;Großunternehmen;46561;EUR;PAW008;Personalaufwendungen je tätige Person;e
48121;Statistik für kleine und mittlere Unternehmen;JAHR;Jahr;2012;DINSG;Deutschland insgesamt;DG;Deutschland;UNTGR2;Unternehmensgröße;UNT-1000;Großunternehmen;.;Mill. EUR;KAU008;Käufe v.Waren u.DL z.Wiederverk. i.unveränd. Zust.;
48121;Statistik für kleine und mittlere Unternehmen;JAHR;Jahr;2012;DINSG;Deutschland insgesamt;DG;Deutschland;UNTGR2;Unternehmensgröße;UNT-1000;Großunternehmen;10427222;Anzahl;PER005;Tätige Personen;e
48121;Statistik für kleine und mittlere Unternehmen;JAHR;Jahr;2012;DINSG;Deutschland insgesamt;DG;Deutschland;UNTGR2;Unternehmensgröße;UNT-1000;Großunternehmen;.;Mill. EUR;KOS026;Sozialversicherungskosten;
48121;Statistik für kleine und mittlere Unternehmen;JAHR;Jahr;2012;DINSG;Deutschland insgesamt;DG;Deutschland;UNTGR2;Unternehmensgröße;UNT-1000;Großunternehmen;.;Anzahl;LGE002;Lohn- und Gehaltsempfänger in Vollzeiteinheiten;
48121;Statistik für kleine und mittlere Unternehmen;JAHR;Jahr;2012;DINSG;Deutschland insgesamt;DG;Deutschland;UNTGR2;Unternehmensgröße;UNT-1000;Großunternehmen;485502;Mill. EUR;PAW002;Personalaufwendungen;e
48121;Statistik für kleine und mittlere Unternehmen;JAHR;Jahr;2012;DINSG;Deutschland insgesamt;DG;Deutschland;UNTGR2;Unternehmensgröße;UNT-1000;Großunternehmen;.;Mill. EUR;PRO013;Produktionswert;
48121;Statistik für kleine und mittlere Unternehmen;JAHR;Jahr;2012;DINSG;Deutschland insgesamt;DG;Deutschland;UNTGR2;Unternehmensgröße;UNT-1000;Großunternehmen;.;Mill. EUR;KAU007;Waren- und Dienstleistungskäufe;
48121;Statistik für kleine und mittlere Unternehmen;JAHR;Jahr;2012;DINSG;Deutschland insgesamt;DG;Deutschland;UNTGR2;Unternehmensgröße;UNT-1000;Großunternehmen;732772;Mill. EUR;BWS003;Bruttowertschöpfung zu Faktorkosten;e
48121;Statistik für kleine und mittlere Unternehmen;JAHR;Jahr;2012;DINSG;Deutschland insgesamt;DG;Deutschland;UNTGR2;Unternehmensgröße;UNT-1000;Großunternehmen;371608;EUR;UMS050;Umsatz je tätige Person;e
48121;Statistik für kleine und mittlere Unternehmen;JAHR;Jahr;2012;DINSG;Deutschland insgesamt;DG;Deutschland;UNTGR2;Unternehmensgröße;UNT-1000;Großunternehmen;14162;Anzahl;UNT007;Unternehmen mit Investitionen;e
48121;Statistik für kleine und mittlere Unternehmen;JAHR;Jahr;2012;DINSG;Deutschland insgesamt;DG;Deutschland;UNTGR2;Unternehmensgröße;UNT-1000;Großunternehmen;23516;EUR;BBU003;Bruttobetriebsüberschuss je tätige Person;e
48121;Statistik für kleine und mittlere Unternehmen;JAHR;Jahr;2012;DINSG;Deutschland insgesamt;DG;Deutschland;UNTGR2;Unternehmensgröße;UNT-1000;Großunternehmen;245203;Mill. EUR;BBU001;Bruttobetriebsüberschuss;e
48121;Statistik für kleine und mittlere Unternehmen;JAHR;Jahr;2012;DINSG;Deutschland insgesamt;DG;Deutschland;UNTGR2;Unternehmensgröße;UNT-1000;Großunternehmen;-;Mill. EUR;VRV001;Vorratsveränderungen bei Waren;
48121;Statistik für kleine und mittlere Unternehmen;JAHR;Jahr;2012;DINSG;Deutschland insgesamt;DG;Deutschland;UNTGR2;Unternehmensgröße;UNT-1000;Großunternehmen;70275;EUR;BWS010;Bruttowertschöpf. zu Faktorkosten je tätige Person;e
48121;Statistik für kleine und mittlere Unternehmen;JAHR;Jahr;2012;DINSG;Deutschland insgesamt;DG;Deutschland;UNTGR2;Unternehmensgröße;UNT-1000;Großunternehmen;.;Anzahl;UNT002;Unternehmen (EU);
48121;Statistik für kleine und mittlere Unternehmen;JAHR;Jahr;2010;DINSG;Deutschland insgesamt;DG;Deutschland;UNTGR2;Unternehmensgröße;UNT-1000;Großunternehmen;14597;Anzahl;UNT003;Unternehmen;e
48121;Statistik für kleine und mittlere Unternehmen;JAHR;Jahr;2010;DINSG;Deutschland insgesamt;DG;Deutschland;UNTGR2;Unternehmensgröße;UNT-1000;Großunternehmen;.;Mill. EUR;AUFW05;Aufwendungen für Leiharbeitnehmer;
48121;Statistik für kleine und mittlere Unternehmen;JAHR;Jahr;2010;DINSG;Deutschland insgesamt;DG;Deutschland;UNTGR2;Unternehmensgröße;UNT-1000;Großunternehmen;.;Mill. EUR;VST005;Bruttolöhne und -gehälter;
48121;Statistik für kleine und mittlere Unternehmen;JAHR;Jahr;2010;DINSG;Deutschland insgesamt;DG;Deutschland;UNTGR2;Unternehmensgröße;UNT-1000;Großunternehmen;90958;Mill. EUR;INV018;Bruttoinvestitionen in Sachanlagen;e
48121;Statistik für kleine und mittlere Unternehmen;JAHR;Jahr;2010;DINSG;Deutschland insgesamt;DG;Deutschland;UNTGR2;Unternehmensgröße;UNT-1000;Großunternehmen;3275825;Mill. EUR;UMS002;Umsatz;e
48121;Statistik für kleine und mittlere Unternehmen;JAHR;Jahr;2010;DINSG;Deutschland insgesamt;DG;Deutschland;UNTGR2;Unternehmensgröße;UNT-1000;Großunternehmen;.;Anzahl;LGE001;Lohn- und Gehaltsempfänger;
48121;Statistik für kleine und mittlere Unternehmen;JAHR;Jahr;2010;DINSG;Deutschland insgesamt;DG;Deutschland;UNTGR2;Unternehmensgröße;UNT-1000;Großunternehmen;9392;EUR;INV023;Bruttoinvestitionen in Sachanl. je tätige Person;e
48121;Statistik für kleine und mittlere Unternehmen;JAHR;Jahr;2010;DINSG;Deutschland insgesamt;DG;Deutschland;UNTGR2;Unternehmensgröße;UNT-1000;Großunternehmen;-;Mill. EUR;KOS002;Kosten für Mieten und Pachten;
48121;Statistik für kleine und mittlere Unternehmen;JAHR;Jahr;2010;DINSG;Deutschland insgesamt;DG;Deutschland;UNTGR2;Unternehmensgröße;UNT-1000;Großunternehmen;-;EUR;PAW008;Personalaufwendungen je tätige Person;
48121;Statistik für kleine und mittlere Unternehmen;JAHR;Jahr;2010;DINSG;Deutschland insgesamt;DG;Deutschland;UNTGR2;Unternehmensgröße;UNT-1000;Großunternehmen;.;Mill. EUR;KAU008;Käufe v.Waren u.DL z.Wiederverk. i.unveränd. Zust.;
48121;Statistik für kleine und mittlere Unternehmen;JAHR;Jahr;2010;DINSG;Deutschland insgesamt;DG;Deutschland;UNTGR2;Unternehmensgröße;UNT-1000;Großunternehmen;9684924;Anzahl;PER005;Tätige Personen;e
48121;Statistik für kleine und mittlere Unternehmen;JAHR;Jahr;2010;DINSG;Deutschland insgesamt;DG;Deutschland;UNTGR2;Unternehmensgröße;UNT-1000;Großunternehmen;.;Mill. EUR;KOS026;Sozialversicherungskosten;
48121;Statistik für kleine und mittlere Unternehmen;JAHR;Jahr;2010;DINSG;Deutschland insgesamt;DG;Deutschland;UNTGR2;Unternehmensgröße;UNT-1000;Großunternehmen;.;Anzahl;LGE002;Lohn- und Gehaltsempfänger in Vollzeiteinheiten;
48121;Statistik für kleine und mittlere Unternehmen;JAHR;Jahr;2010;DINSG;Deutschland insgesamt;DG;Deutschland;UNTGR2;Unternehmensgröße;UNT-1000;Großunternehmen;-;Mill. EUR;PAW002;Personalaufwendungen;
48121;Statistik für kleine und mittlere Unternehmen;JAHR;Jahr;2010;DINSG;Deutschland insgesamt;DG;Deutschland;UNTGR2;Unternehmensgröße;UNT-1000;Großunternehmen;.;Mill. EUR;PRO013;Produktionswert;
48121;Statistik für kleine und mittlere Unternehmen;JAHR;Jahr;2010;DINSG;Deutschland insgesamt;DG;Deutschland;UNTGR2;Unternehmensgröße;UNT-1000;Großunternehmen;.;Mill. EUR;KAU007;Waren- und Dienstleistungskäufe;
48121;Statistik für kleine und mittlere Unternehmen;JAHR;Jahr;2010;DINSG;Deutschland insgesamt;DG;Deutschland;UNTGR2;Unternehmensgröße;UNT-1000;Großunternehmen;690990;Mill. EUR;BWS003;Bruttowertschöpfung zu Faktorkosten;e
48121;Statistik für kleine und mittlere Unternehmen;JAHR;Jahr;2010;DINSG;Deutschland insgesamt;DG;Deutschland;UNTGR2;Unternehmensgröße;UNT-1000;Großunternehmen;338240;EUR;UMS050;Umsatz je tätige Person;e
48121;Statistik für kleine und mittlere Unternehmen;JAHR;Jahr;2010;DINSG;Deutschland insgesamt;DG;Deutschland;UNTGR2;Unternehmensgröße;UNT-1000;Großunternehmen;12959;Anzahl;UNT007;Unternehmen mit Investitionen;e
48121;Statistik für kleine und mittlere Unternehmen;JAHR;Jahr;2010;DINSG;Deutschland insgesamt;DG;Deutschland;UNTGR2;Unternehmensgröße;UNT-1000;Großunternehmen;-;EUR;BBU003;Bruttobetriebsüberschuss je tätige Person;
48121;Statistik für kleine und mittlere Unternehmen;JAHR;Jahr;2010;DINSG;Deutschland insgesamt;DG;Deutschland;UNTGR2;Unternehmensgröße;UNT-1000;Großunternehmen;-;Mill. EUR;BBU001;Bruttobetriebsüberschuss;
48121;Statistik für kleine und mittlere Unternehmen;JAHR;Jahr;2010;DINSG;Deutschland insgesamt;DG;Deutschland;UNTGR2;Unternehmensgröße;UNT-1000;Großunternehmen;-;Mill. EUR;VRV001;Vorratsveränderungen bei Waren;
48121;Statistik für kleine und mittlere Unternehmen;JAHR;Jahr;2010;DINSG;Deutschland insgesamt;DG;Deutschland;UNTGR2;Unternehmensgröße;UNT-1000;Großunternehmen;71347;EUR;BWS010;Bruttowertschöpf. zu Faktorkosten je tätige Person;e
48121;Statistik für kleine und mittlere Unternehmen;JAHR;Jahr;2010;DINSG;Deutschland insgesamt;DG;Deutschland;UNTGR2;Unternehmensgröße;UNT-1000;Großunternehmen;.;Anzahl;UNT002;Unternehmen (EU);
48121;Statistik für kleine und mittlere Unternehmen;JAHR;Jahr;2009;DINSG;Deutschland insgesamt;DG;Deutschland;UNTGR2;Unternehmensgröße;UNT-1000;Großunternehmen;13904;Anzahl;UNT003;Unternehmen;e
48121;Statistik für kleine und mittlere Unternehmen;JAHR;Jahr;2009;DINSG;Deutschland insgesamt;DG;Deutschland;UNTGR2;Unternehmensgröße;UNT-1000;Großunternehmen;.;Mill. EUR;AUFW05;Aufwendungen für Leiharbeitnehmer;
48121;Statistik für kleine und mittlere Unternehmen;JAHR;Jahr;2009;DINSG;Deutschland insgesamt;DG;Deutschland;UNTGR2;Unternehmensgröße;UNT-1000;Großunternehmen;.;Mill. EUR;VST005;Bruttolöhne und -gehälter;
48121;Statistik für kleine und mittlere Unternehmen;JAHR;Jahr;2009;DINSG;Deutschland insgesamt;DG;Deutschland;UNTGR2;Unternehmensgröße;UNT-1000;Großunternehmen;92525;Mill. EUR;INV018;Bruttoinvestitionen in Sachanlagen;e
48121;Statistik für kleine und mittlere Unternehmen;JAHR;Jahr;2009;DINSG;Deutschland insgesamt;DG;Deutschland;UNTGR2;Unternehmensgröße;UNT-1000;Großunternehmen;3029771;Mill. EUR;UMS002;Umsatz;e
48121;Statistik für kleine und mittlere Unternehmen;JAHR;Jahr;2009;DINSG;Deutschland insgesamt;DG;Deutschland;UNTGR2;Unternehmensgröße;UNT-1000;Großunternehmen;.;Anzahl;LGE001;Lohn- und Gehaltsempfänger;
48121;Statistik für kleine und mittlere Unternehmen;JAHR;Jahr;2009;DINSG;Deutschland insgesamt;DG;Deutschland;UNTGR2;Unternehmensgröße;UNT-1000;Großunternehmen;9690;EUR;INV023;Bruttoinvestitionen in Sachanl. je tätige Person;e
48121;Statistik für kleine und mittlere Unternehmen;JAHR;Jahr;2009;DINSG;Deutschland insgesamt;DG;Deutschland;UNTGR2;Unternehmensgröße;UNT-1000;Großunternehmen;-;Mill. EUR;KOS002;Kosten für Mieten und Pachten;
48121;Statistik für kleine und mittlere Unternehmen;JAHR;Jahr;2009;DINSG;Deutschland insgesamt;DG;Deutschland;UNTGR2;Unternehmensgröße;UNT-1000;Großunternehmen;-;EUR;PAW008;Personalaufwendungen je tätige Person;
48121;Statistik für kleine und mittlere Unternehmen;JAHR;Jahr;2009;DINSG;Deutschland insgesamt;DG;Deutschland;UNTGR2;Unternehmensgröße;UNT-1000;Großunternehmen;.;Mill. EUR;KAU008;Käufe v.Waren u.DL z.Wiederverk. i.unveränd. Zust.;
48121;Statistik für kleine und mittlere Unternehmen;JAHR;Jahr;2009;DINSG;Deutschland insgesamt;DG;Deutschland;UNTGR2;Unternehmensgröße;UNT-1000;Großunternehmen;9548742;Anzahl;PER005;Tätige Personen;e
48121;Statistik für kleine und mittlere Unternehmen;JAHR;Jahr;2009;DINSG;Deutschland insgesamt;DG;Deutschland;UNTGR2;Unternehmensgröße;UNT-1000;Großunternehmen;.;Mill. EUR;KOS026;Sozialversicherungskosten;
48121;Statistik für kleine und mittlere Unternehmen;JAHR;Jahr;2009;DINSG;Deutschland insgesamt;DG;Deutschland;UNTGR2;Unternehmensgröße;UNT-1000;Großunternehmen;.;Anzahl;LGE002;Lohn- und Gehaltsempfänger in Vollzeiteinheiten;
48121;Statistik für kleine und mittlere Unternehmen;JAHR;Jahr;2009;DINSG;Deutschland insgesamt;DG;Deutschland;UNTGR2;Unternehmensgröße;UNT-1000;Großunternehmen;-;Mill. EUR;PAW002;Personalaufwendungen;
48121;Statistik für kleine und mittlere Unternehmen;JAHR;Jahr;2009;DINSG;Deutschland insgesamt;DG;Deutschland;UNTGR2;Unternehmensgröße;UNT-1000;Großunternehmen;.;Mill. EUR;PRO013;Produktionswert;
48121;Statistik für kleine und mittlere Unternehmen;JAHR;Jahr;2009;DINSG;Deutschland insgesamt;DG;Deutschland;UNTGR2;Unternehmensgröße;UNT-1000;Großunternehmen;.;Mill. EUR;KAU007;Waren- und Dienstleistungskäufe;
48121;Statistik für kleine und mittlere Unternehmen;JAHR;Jahr;2009;DINSG;Deutschland insgesamt;DG;Deutschland;UNTGR2;Unternehmensgröße;UNT-1000;Großunternehmen;630658;Mill. EUR;BWS003;Bruttowertschöpfung zu Faktorkosten;e
48121;Statistik für kleine und mittlere Unternehmen;JAHR;Jahr;2009;DINSG;Deutschland insgesamt;DG;Deutschland;UNTGR2;Unternehmensgröße;UNT-1000;Großunternehmen;317295;EUR;UMS050;Umsatz je tätige Person;e
48121;Statistik für kleine und mittlere Unternehmen;JAHR;Jahr;2009;DINSG;Deutschland insgesamt;DG;Deutschland;UNTGR2;Unternehmensgröße;UNT-1000;Großunternehmen;12114;Anzahl;UNT007;Unternehmen mit Investitionen;e
48121;Statistik für kleine und mittlere Unternehmen;JAHR;Jahr;2009;DINSG;Deutschland insgesamt;DG;Deutschland;UNTGR2;Unternehmensgröße;UNT-1000;Großunternehmen;-;EUR;BBU003;Bruttobetriebsüberschuss je tätige Person;
48121;Statistik für kleine und mittlere Unternehmen;JAHR;Jahr;2009;DINSG;Deutschland insgesamt;DG;Deutschland;UNTGR2;Unternehmensgröße;UNT-1000;Großunternehmen;-;Mill. EUR;BBU001;Bruttobetriebsüberschuss;
48121;Statistik für kleine und mittlere Unternehmen;JAHR;Jahr;2009;DINSG;Deutschland insgesamt;DG;Deutschland;UNTGR2;Unternehmensgröße;UNT-1000;Großunternehmen;-;Mill. EUR;VRV001;Vorratsveränderungen bei Waren;
48121;Statistik für kleine und mittlere Unternehmen;JAHR;Jahr;2009;DINSG;Deutschland insgesamt;DG;Deutschland;UNTGR2;Unternehmensgröße;UNT-1000;Großunternehmen;66046;EUR;BWS010;Bruttowertschöpf. zu Faktorkosten je tätige Person;e
48121;Statistik für kleine und mittlere Unternehmen;JAHR;Jahr;2009;DINSG;Deutschland insgesamt;DG;Deutschland;UNTGR2;Unternehmensgröße;UNT-1000;Großunternehmen;.;Anzahl;UNT002;Unternehmen (EU);
48121;Statistik für kleine und mittlere Unternehmen;JAHR;Jahr;2015;DINSG;Deutschland insgesamt;DG;Deutschland;UNTGR2;Unternehmensgröße;UNT-0001;Kleinstunternehmen;1949137;Anzahl;UNT003;Unternehmen;e
48121;Statistik für kleine und mittlere Unternehmen;JAHR;Jahr;2015;DINSG;Deutschland insgesamt;DG;Deutschland;UNTGR2;Unternehmensgröße;UNT-0001;Kleinstunternehmen;.;Mill. EUR;AUFW05;Aufwendungen für Leiharbeitnehmer;
48121;Statistik für kleine und mittlere Unternehmen;JAHR;Jahr;2015;DINSG;Deutschland insgesamt;DG;Deutschland;UNTGR2;Unternehmensgröße;UNT-0001;Kleinstunternehmen;.;Mill. EUR;VST005;Bruttolöhne und -gehälter;
48121;Statistik für kleine und mittlere Unternehmen;JAHR;Jahr;2015;DINSG;Deutschland insgesamt;DG;Deutschland;UNTGR2;Unternehmensgröße;UNT-0001;Kleinstunternehmen;21985;Mill. EUR;INV018;Bruttoinvestitionen in Sachanlagen;e
48121;Statistik für kleine und mittlere Unternehmen;JAHR;Jahr;2015;DINSG;Deutschland insgesamt;DG;Deutschland;UNTGR2;Unternehmensgröße;UNT-0001;Kleinstunternehmen;397860;Mill. EUR;UMS002;Umsatz;e
48121;Statistik für kleine und mittlere Unternehmen;JAHR;Jahr;2015;DINSG;Deutschland insgesamt;DG;Deutschland;UNTGR2;Unternehmensgröße;UNT-0001;Kleinstunternehmen;.;Anzahl;LGE001;Lohn- und Gehaltsempfänger;
48121;Statistik für kleine und mittlere Unternehmen;JAHR;Jahr;2015;DINSG;Deutschland insgesamt;DG;Deutschland;UNTGR2;Unternehmensgröße;UNT-0001;Kleinstunternehmen;4118;EUR;INV023;Bruttoinvestitionen in Sachanl. je tätige Person;e
48121;Statistik für kleine und mittlere Unternehmen;JAHR;Jahr;2015;DINSG;Deutschland insgesamt;DG;Deutschland;UNTGR2;Unternehmensgröße;UNT-0001;Kleinstunternehmen;-;Mill. EUR;KOS002;Kosten für Mieten und Pachten;
48121;Statistik für kleine und mittlere Unternehmen;JAHR;Jahr;2015;DINSG;Deutschland insgesamt;DG;Deutschland;UNTGR2;Unternehmensgröße;UNT-0001;Kleinstunternehmen;13519;EUR;PAW008;Personalaufwendungen je tätige Person;e
48121;Statistik für kleine und mittlere Unternehmen;JAHR;Jahr;2015;DINSG;Deutschland insgesamt;DG;Deutschland;UNTGR2;Unternehmensgröße;UNT-0001;Kleinstunternehmen;.;Mill. EUR;KAU008;Käufe v.Waren u.DL z.Wiederverk. i.unveränd. Zust.;
48121;Statistik für kleine und mittlere Unternehmen;JAHR;Jahr;2015;DINSG;Deutschland insgesamt;DG;Deutschland;UNTGR2;Unternehmensgröße;UNT-0001;Kleinstunternehmen;5338723;Anzahl;PER005;Tätige Personen;e
48121;Statistik für kleine und mittlere Unternehmen;JAHR;Jahr;2015;DINSG;Deutschland insgesamt;DG;Deutschland;UNTGR2;Unternehmensgröße;UNT-0001;Kleinstunternehmen;.;Mill. EUR;KOS026;Sozialversicherungskosten;
48121;Statistik für kleine und mittlere Unternehmen;JAHR;Jahr;2015;DINSG;Deutschland insgesamt;DG;Deutschland;UNTGR2;Unternehmensgröße;UNT-0001;Kleinstunternehmen;.;Anzahl;LGE002;Lohn- und Gehaltsempfänger in Vollzeiteinheiten;
48121;Statistik für kleine und mittlere Unternehmen;JAHR;Jahr;2015;DINSG;Deutschland insgesamt;DG;Deutschland;UNTGR2;Unternehmensgröße;UNT-0001;Kleinstunternehmen;72175;Mill. EUR;PAW002;Personalaufwendungen;e
48121;Statistik für kleine und mittlere Unternehmen;JAHR;Jahr;2015;DINSG;Deutschland insgesamt;DG;Deutschland;UNTGR2;Unternehmensgröße;UNT-0001;Kleinstunternehmen;.;Mill. EUR;PRO013;Produktionswert;
48121;Statistik für kleine und mittlere Unternehmen;JAHR;Jahr;2015;DINSG;Deutschland insgesamt;DG;Deutschland;UNTGR2;Unternehmensgröße;UNT-0001;Kleinstunternehmen;.;Mill. EUR;KAU007;Waren- und Dienstleistungskäufe;
48121;Statistik für kleine und mittlere Unternehmen;JAHR;Jahr;2015;DINSG;Deutschland insgesamt;DG;Deutschland;UNTGR2;Unternehmensgröße;UNT-0001;Kleinstunternehmen;175587;Mill. EUR;BWS003;Bruttowertschöpfung zu Faktorkosten;e
48121;Statistik für kleine und mittlere Unternehmen;JAHR;Jahr;2015;DINSG;Deutschland insgesamt;DG;Deutschland;UNTGR2;Unternehmensgröße;UNT-0001;Kleinstunternehmen;74523;EUR;UMS050;Umsatz je tätige Person;e
48121;Statistik für kleine und mittlere Unternehmen;JAHR;Jahr;2015;DINSG;Deutschland insgesamt;DG;Deutschland;UNTGR2;Unternehmensgröße;UNT-0001;Kleinstunternehmen;804923;Anzahl;UNT007;Unternehmen mit Investitionen;e
48121;Statistik für kleine und mittlere Unternehmen;JAHR;Jahr;2015;DINSG;Deutschland insgesamt;DG;Deutschland;UNTGR2;Unternehmensgröße;UNT-0001;Kleinstunternehmen;19342;EUR;BBU003;Bruttobetriebsüberschuss je tätige Person;e
48121;Statistik für kleine und mittlere Unternehmen;JAHR;Jahr;2015;DINSG;Deutschland insgesamt;DG;Deutschland;UNTGR2;Unternehmensgröße;UNT-0001;Kleinstunternehmen;103262;Mill. EUR;BBU001;Bruttobetriebsüberschuss;e
48121;Statistik für kleine und mittlere Unternehmen;JAHR;Jahr;2015;DINSG;Deutschland insgesamt;DG;Deutschland;UNTGR2;Unternehmensgröße;UNT-0001;Kleinstunternehmen;-;Mill. EUR;VRV001;Vorratsveränderungen bei Waren;
48121;Statistik für kleine und mittlere Unternehmen;JAHR;Jahr;2015;DINSG;Deutschland insgesamt;DG;Deutschland;UNTGR2;Unternehmensgröße;UNT-0001;Kleinstunternehmen;32889;EUR;BWS010;Bruttowertschöpf. zu Faktorkosten je tätige Person;e
48121;Statistik für kleine und mittlere Unternehmen;JAHR;Jahr;2015;DINSG;Deutschland insgesamt;DG;Deutschland;UNTGR2;Unternehmensgröße;UNT-0001;Kleinstunternehmen;.;Anzahl;UNT002;Unternehmen (EU);
48121;Statistik für kleine und mittlere Unternehmen;JAHR;Jahr;2013;DINSG;Deutschland insgesamt;DG;Deutschland;UNTGR2;Unternehmensgröße;;Insgesamt;2193113;Anzahl;UNT003;Unternehmen;e
48121;Statistik für kleine und mittlere Unternehmen;JAHR;Jahr;2013;DINSG;Deutschland insgesamt;DG;Deutschland;UNTGR2;Unternehmensgröße;;Insgesamt;.;Mill. EUR;AUFW05;Aufwendungen für Leiharbeitnehmer;
48121;Statistik für kleine und mittlere Unternehmen;JAHR;Jahr;2013;DINSG;Deutschland insgesamt;DG;Deutschland;UNTGR2;Unternehmensgröße;;Insgesamt;.;Mill. EUR;VST005;Bruttolöhne und -gehälter;
48121;Statistik für kleine und mittlere Unternehmen;JAHR;Jahr;2013;DINSG;Deutschland insgesamt;DG;Deutschland;UNTGR2;Unternehmensgröße;;Insgesamt;174762;Mill. EUR;INV018;Bruttoinvestitionen in Sachanlagen;e
48121;Statistik für kleine und mittlere Unternehmen;JAHR;Jahr;2013;DINSG;Deutschland insgesamt;DG;Deutschland;UNTGR2;Unternehmensgröße;;Insgesamt;5738041;Mill. EUR;UMS002;Umsatz;e
48121;Statistik für kleine und mittlere Unternehmen;JAHR;Jahr;2013;DINSG;Deutschland insgesamt;DG;Deutschland;UNTGR2;Unternehmensgröße;;Insgesamt;.;Anzahl;LGE001;Lohn- und Gehaltsempfänger;
48121;Statistik für kleine und mittlere Unternehmen;JAHR;Jahr;2013;DINSG;Deutschland insgesamt;DG;Deutschland;UNTGR2;Unternehmensgröße;;Insgesamt;6620;EUR;INV023;Bruttoinvestitionen in Sachanl. je tätige Person;e
48121;Statistik für kleine und mittlere Unternehmen;JAHR;Jahr;2013;DINSG;Deutschland insgesamt;DG;Deutschland;UNTGR2;Unternehmensgröße;;Insgesamt;-;Mill. EUR;KOS002;Kosten für Mieten und Pachten;
48121;Statistik für kleine und mittlere Unternehmen;JAHR;Jahr;2013;DINSG;Deutschland insgesamt;DG;Deutschland;UNTGR2;Unternehmensgröße;;Insgesamt;34134;EUR;PAW008;Personalaufwendungen je tätige Person;e
48121;Statistik für kleine und mittlere Unternehmen;JAHR;Jahr;2013;DINSG;Deutschland insgesamt;DG;Deutschland;UNTGR2;Unternehmensgröße;;Insgesamt;.;Mill. EUR;KAU008;Käufe v.Waren u.DL z.Wiederverk. i.unveränd. Zust.;
48121;Statistik für kleine und mittlere Unternehmen;JAHR;Jahr;2013;DINSG;Deutschland insgesamt;DG;Deutschland;UNTGR2;Unternehmensgröße;;Insgesamt;26397338;Anzahl;PER005;Tätige Personen;e
48121;Statistik für kleine und mittlere Unternehmen;JAHR;Jahr;2013;DINSG;Deutschland insgesamt;DG;Deutschland;UNTGR2;Unternehmensgröße;;Insgesamt;.;Mill. EUR;KOS026;Sozialversicherungskosten;
48121;Statistik für kleine und mittlere Unternehmen;JAHR;Jahr;2013;DINSG;Deutschland insgesamt;DG;Deutschland;UNTGR2;Unternehmensgröße;;Insgesamt;.;Anzahl;LGE002;Lohn- und Gehaltsempfänger in Vollzeiteinheiten;
48121;Statistik für kleine und mittlere Unternehmen;JAHR;Jahr;2013;DINSG;Deutschland insgesamt;DG;Deutschland;UNTGR2;Unternehmensgröße;;Insgesamt;901042;Mill. EUR;PAW002;Personalaufwendungen;e
48121;Statistik für kleine und mittlere Unternehmen;JAHR;Jahr;2013;DINSG;Deutschland insgesamt;DG;Deutschland;UNTGR2;Unternehmensgröße;;Insgesamt;.;Mill. EUR;PRO013;Produktionswert;
48121;Statistik für kleine und mittlere Unternehmen;JAHR;Jahr;2013;DINSG;Deutschland insgesamt;DG;Deutschland;UNTGR2;Unternehmensgröße;;Insgesamt;.;Mill. EUR;KAU007;Waren- und Dienstleistungskäufe;
48121;Statistik für kleine und mittlere Unternehmen;JAHR;Jahr;2013;DINSG;Deutschland insgesamt;DG;Deutschland;UNTGR2;Unternehmensgröße;;Insgesamt;1421856;Mill. EUR;BWS003;Bruttowertschöpfung zu Faktorkosten;e
48121;Statistik für kleine und mittlere Unternehmen;JAHR;Jahr;2013;DINSG;Deutschland insgesamt;DG;Deutschland;UNTGR2;Unternehmensgröße;;Insgesamt;217372;EUR;UMS050;Umsatz je tätige Person;e
48121;Statistik für kleine und mittlere Unternehmen;JAHR;Jahr;2013;DINSG;Deutschland insgesamt;DG;Deutschland;UNTGR2;Unternehmensgröße;;Insgesamt;998811;Anzahl;UNT007;Unternehmen mit Investitionen;e
48121;Statistik für kleine und mittlere Unternehmen;JAHR;Jahr;2013;DINSG;Deutschland insgesamt;DG;Deutschland;UNTGR2;Unternehmensgröße;;Insgesamt;19575;EUR;BBU003;Bruttobetriebsüberschuss je tätige Person;e
48121;Statistik für kleine und mittlere Unternehmen;JAHR;Jahr;2013;DINSG;Deutschland insgesamt;DG;Deutschland;UNTGR2;Unternehmensgröße;;Insgesamt;516715;Mill. EUR;BBU001;Bruttobetriebsüberschuss;e
48121;Statistik für kleine und mittlere Unternehmen;JAHR;Jahr;2013;DINSG;Deutschland insgesamt;DG;Deutschland;UNTGR2;Unternehmensgröße;;Insgesamt;-;Mill. EUR;VRV001;Vorratsveränderungen bei Waren;
48121;Statistik für kleine und mittlere Unternehmen;JAHR;Jahr;2013;DINSG;Deutschland insgesamt;DG;Deutschland;UNTGR2;Unternehmensgröße;;Insgesamt;53864;EUR;BWS010;Bruttowertschöpf. zu Faktorkosten je tätige Person;e
48121;Statistik für kleine und mittlere Unternehmen;JAHR;Jahr;2013;DINSG;Deutschland insgesamt;DG;Deutschland;UNTGR2;Unternehmensgröße;;Insgesamt;.;Anzahl;UNT002;Unternehmen (EU);
48121;Statistik für kleine und mittlere Unternehmen;JAHR;Jahr;2014;DINSG;Deutschland insgesamt;DG;Deutschland;UNTGR2;Unternehmensgröße;UNT-0100;Mittlere Unternehmen;66964;Anzahl;UNT003;Unternehmen;e
48121;Statistik für kleine und mittlere Unternehmen;JAHR;Jahr;2014;DINSG;Deutschland insgesamt;DG;Deutschland;UNTGR2;Unternehmensgröße;UNT-0100;Mittlere Unternehmen;.;Mill. EUR;AUFW05;Aufwendungen für Leiharbeitnehmer;
48121;Statistik für kleine und mittlere Unternehmen;JAHR;Jahr;2014;DINSG;Deutschland insgesamt;DG;Deutschland;UNTGR2;Unternehmensgröße;UNT-0100;Mittlere Unternehmen;.;Mill. EUR;VST005;Bruttolöhne und -gehälter;
48121;Statistik für kleine und mittlere Unternehmen;JAHR;Jahr;2014;DINSG;Deutschland insgesamt;DG;Deutschland;UNTGR2;Unternehmensgröße;UNT-0100;Mittlere Unternehmen;33098;Mill. EUR;INV018;Bruttoinvestitionen in Sachanlagen;e
48121;Statistik für kleine und mittlere Unternehmen;JAHR;Jahr;2014;DINSG;Deutschland insgesamt;DG;Deutschland;UNTGR2;Unternehmensgröße;UNT-0100;Mittlere Unternehmen;873786;Mill. EUR;UMS002;Umsatz;e
48121;Statistik für kleine und mittlere Unternehmen;JAHR;Jahr;2014;DINSG;Deutschland insgesamt;DG;Deutschland;UNTGR2;Unternehmensgröße;UNT-0100;Mittlere Unternehmen;.;Anzahl;LGE001;Lohn- und Gehaltsempfänger;
48121;Statistik für kleine und mittlere Unternehmen;JAHR;Jahr;2014;DINSG;Deutschland insgesamt;DG;Deutschland;UNTGR2;Unternehmensgröße;UNT-0100;Mittlere Unternehmen;6254;EUR;INV023;Bruttoinvestitionen in Sachanl. je tätige Person;e
48121;Statistik für kleine und mittlere Unternehmen;JAHR;Jahr;2014;DINSG;Deutschland insgesamt;DG;Deutschland;UNTGR2;Unternehmensgröße;UNT-0100;Mittlere Unternehmen;-;Mill. EUR;KOS002;Kosten für Mieten und Pachten;
48121;Statistik für kleine und mittlere Unternehmen;JAHR;Jahr;2014;DINSG;Deutschland insgesamt;DG;Deutschland;UNTGR2;Unternehmensgröße;UNT-0100;Mittlere Unternehmen;35949;EUR;PAW008;Personalaufwendungen je tätige Person;e
48121;Statistik für kleine und mittlere Unternehmen;JAHR;Jahr;2014;DINSG;Deutschland insgesamt;DG;Deutschland;UNTGR2;Unternehmensgröße;UNT-0100;Mittlere Unternehmen;.;Mill. EUR;KAU008;Käufe v.Waren u.DL z.Wiederverk. i.unveränd. Zust.;
48121;Statistik für kleine und mittlere Unternehmen;JAHR;Jahr;2014;DINSG;Deutschland insgesamt;DG;Deutschland;UNTGR2;Unternehmensgröße;UNT-0100;Mittlere Unternehmen;5292366;Anzahl;PER005;Tätige Personen;e
48121;Statistik für kleine und mittlere Unternehmen;JAHR;Jahr;2014;DINSG;Deutschland insgesamt;DG;Deutschland;UNTGR2;Unternehmensgröße;UNT-0100;Mittlere Unternehmen;.;Mill. EUR;KOS026;Sozialversicherungskosten;
48121;Statistik für kleine und mittlere Unternehmen;JAHR;Jahr;2014;DINSG;Deutschland insgesamt;DG;Deutschland;UNTGR2;Unternehmensgröße;UNT-0100;Mittlere Unternehmen;.;Anzahl;LGE002;Lohn- und Gehaltsempfänger in Vollzeiteinheiten;
48121;Statistik für kleine und mittlere Unternehmen;JAHR;Jahr;2014;DINSG;Deutschland insgesamt;DG;Deutschland;UNTGR2;Unternehmensgröße;UNT-0100;Mittlere Unternehmen;190254;Mill. EUR;PAW002;Personalaufwendungen;e
48121;Statistik für kleine und mittlere Unternehmen;JAHR;Jahr;2014;DINSG;Deutschland insgesamt;DG;Deutschland;UNTGR2;Unternehmensgröße;UNT-0100;Mittlere Unternehmen;.;Mill. EUR;PRO013;Produktionswert;
48121;Statistik für kleine und mittlere Unternehmen;JAHR;Jahr;2014;DINSG;Deutschland insgesamt;DG;Deutschland;UNTGR2;Unternehmensgröße;UNT-0100;Mittlere Unternehmen;.;Mill. EUR;KAU007;Waren- und Dienstleistungskäufe;
48121;Statistik für kleine und mittlere Unternehmen;JAHR;Jahr;2014;DINSG;Deutschland insgesamt;DG;Deutschland;UNTGR2;Unternehmensgröße;UNT-0100;Mittlere Unternehmen;280607;Mill. EUR;BWS003;Bruttowertschöpfung zu Faktorkosten;e
48121;Statistik für kleine und mittlere Unternehmen;JAHR;Jahr;2014;DINSG;Deutschland insgesamt;DG;Deutschland;UNTGR2;Unternehmensgröße;UNT-0100;Mittlere Unternehmen;165103;EUR;UMS050;Umsatz je tätige Person;e
48121;Statistik für kleine und mittlere Unternehmen;JAHR;Jahr;2014;DINSG;Deutschland insgesamt;DG;Deutschland;UNTGR2;Unternehmensgröße;UNT-0100;Mittlere Unternehmen;55326;Anzahl;UNT007;Unternehmen mit Investitionen;e
48121;Statistik für kleine und mittlere Unternehmen;JAHR;Jahr;2014;DINSG;Deutschland insgesamt;DG;Deutschland;UNTGR2;Unternehmensgröße;UNT-0100;Mittlere Unternehmen;16878;EUR;BBU003;Bruttobetriebsüberschuss je tätige Person;e
48121;Statistik für kleine und mittlere Unternehmen;JAHR;Jahr;2014;DINSG;Deutschland insgesamt;DG;Deutschland;UNTGR2;Unternehmensgröße;UNT-0100;Mittlere Unternehmen;89323;Mill. EUR;BBU001;Bruttobetriebsüberschuss;e
48121;Statistik für kleine und mittlere Unternehmen;JAHR;Jahr;2014;DINSG;Deutschland insgesamt;DG;Deutschland;UNTGR2;Unternehmensgröße;UNT-0100;Mittlere Unternehmen;-;Mill. EUR;VRV001;Vorratsveränderungen bei Waren;
48121;Statistik für kleine und mittlere Unternehmen;JAHR;Jahr;2014;DINSG;Deutschland insgesamt;DG;Deutschland;UNTGR2;Unternehmensgröße;UNT-0100;Mittlere Unternehmen;53021;EUR;BWS010;Bruttowertschöpf. zu Faktorkosten je tätige Person;e
48121;Statistik für kleine und mittlere Unternehmen;JAHR;Jahr;2014;DINSG;Deutschland insgesamt;DG;Deutschland;UNTGR2;Unternehmensgröße;UNT-0100;Mittlere Unternehmen;.;Anzahl;UNT002;Unternehmen (EU);
48121;Statistik für kleine und mittlere Unternehmen;JAHR;Jahr;2013;DINSG;Deutschland insgesamt;DG;Deutschland;UNTGR2;Unternehmensgröße;UNT-0001;Kleinstunternehmen;1770114;Anzahl;UNT003;Unternehmen;e
48121;Statistik für kleine und mittlere Unternehmen;JAHR;Jahr;2013;DINSG;Deutschland insgesamt;DG;Deutschland;UNTGR2;Unternehmensgröße;UNT-0001;Kleinstunternehmen;.;Mill. EUR;AUFW05;Aufwendungen für Leiharbeitnehmer;
48121;Statistik für kleine und mittlere Unternehmen;JAHR;Jahr;2013;DINSG;Deutschland insgesamt;DG;Deutschland;UNTGR2;Unternehmensgröße;UNT-0001;Kleinstunternehmen;.;Mill. EUR;VST005;Bruttolöhne und -gehälter;
48121;Statistik für kleine und mittlere Unternehmen;JAHR;Jahr;2013;DINSG;Deutschland insgesamt;DG;Deutschland;UNTGR2;Unternehmensgröße;UNT-0001;Kleinstunternehmen;19693;Mill. EUR;INV018;Bruttoinvestitionen in Sachanlagen;e
48121;Statistik für kleine und mittlere Unternehmen;JAHR;Jahr;2013;DINSG;Deutschland insgesamt;DG;Deutschland;UNTGR2;Unternehmensgröße;UNT-0001;Kleinstunternehmen;358851;Mill. EUR;UMS002;Umsatz;e
48121;Statistik für kleine und mittlere Unternehmen;JAHR;Jahr;2013;DINSG;Deutschland insgesamt;DG;Deutschland;UNTGR2;Unternehmensgröße;UNT-0001;Kleinstunternehmen;.;Anzahl;LGE001;Lohn- und Gehaltsempfänger;
48121;Statistik für kleine und mittlere Unternehmen;JAHR;Jahr;2013;DINSG;Deutschland insgesamt;DG;Deutschland;UNTGR2;Unternehmensgröße;UNT-0001;Kleinstunternehmen;4075;EUR;INV023;Bruttoinvestitionen in Sachanl. je tätige Person;e
48121;Statistik für kleine und mittlere Unternehmen;JAHR;Jahr;2013;DINSG;Deutschland insgesamt;DG;Deutschland;UNTGR2;Unternehmensgröße;UNT-0001;Kleinstunternehmen;-;Mill. EUR;KOS002;Kosten für Mieten und Pachten;
48121;Statistik für kleine und mittlere Unternehmen;JAHR;Jahr;2013;DINSG;Deutschland insgesamt;DG;Deutschland;UNTGR2;Unternehmensgröße;UNT-0001;Kleinstunternehmen;12977;EUR;PAW008;Personalaufwendungen je tätige Person;e
48121;Statistik für kleine und mittlere Unternehmen;JAHR;Jahr;2013;DINSG;Deutschland insgesamt;DG;Deutschland;UNTGR2;Unternehmensgröße;UNT-0001;Kleinstunternehmen;.;Mill. EUR;KAU008;Käufe v.Waren u.DL z.Wiederverk. i.unveränd. Zust.;
48121;Statistik für kleine und mittlere Unternehmen;JAHR;Jahr;2013;DINSG;Deutschland insgesamt;DG;Deutschland;UNTGR2;Unternehmensgröße;UNT-0001;Kleinstunternehmen;4832479;Anzahl;PER005;Tätige Personen;e
48121;Statistik für kleine und mittlere Unternehmen;JAHR;Jahr;2013;DINSG;Deutschland insgesamt;DG;Deutschland;UNTGR2;Unternehmensgröße;UNT-0001;Kleinstunternehmen;.;Mill. EUR;KOS026;Sozialversicherungskosten;
48121;Statistik für kleine und mittlere Unternehmen;JAHR;Jahr;2013;DINSG;Deutschland insgesamt;DG;Deutschland;UNTGR2;Unternehmensgröße;UNT-0001;Kleinstunternehmen;.;Anzahl;LGE002;Lohn- und Gehaltsempfänger in Vollzeiteinheiten;
48121;Statistik für kleine und mittlere Unternehmen;JAHR;Jahr;2013;DINSG;Deutschland insgesamt;DG;Deutschland;UNTGR2;Unternehmensgröße;UNT-0001;Kleinstunternehmen;62713;Mill. EUR;PAW002;Personalaufwendungen;e
48121;Statistik für kleine und mittlere Unternehmen;JAHR;Jahr;2013;DINSG;Deutschland insgesamt;DG;Deutschland;UNTGR2;Unternehmensgröße;UNT-0001;Kleinstunternehmen;.;Mill. EUR;PRO013;Produktionswert;
48121;Statistik für kleine und mittlere Unternehmen;JAHR;Jahr;2013;DINSG;Deutschland insgesamt;DG;Deutschland;UNTGR2;Unternehmensgröße;UNT-0001;Kleinstunternehmen;.;Mill. EUR;KAU007;Waren- und Dienstleistungskäufe;
48121;Statistik für kleine und mittlere Unternehmen;JAHR;Jahr;2013;DINSG;Deutschland insgesamt;DG;Deutschland;UNTGR2;Unternehmensgröße;UNT-0001;Kleinstunternehmen;165179;Mill. EUR;BWS003;Bruttowertschöpfung zu Faktorkosten;e
48121;Statistik für kleine und mittlere Unternehmen;JAHR;Jahr;2013;DINSG;Deutschland insgesamt;DG;Deutschland;UNTGR2;Unternehmensgröße;UNT-0001;Kleinstunternehmen;74258;EUR;UMS050;Umsatz je tätige Person;e
48121;Statistik für kleine und mittlere Unternehmen;JAHR;Jahr;2013;DINSG;Deutschland insgesamt;DG;Deutschland;UNTGR2;Unternehmensgröße;UNT-0001;Kleinstunternehmen;685998;Anzahl;UNT007;Unternehmen mit Investitionen;e
48121;Statistik für kleine und mittlere Unternehmen;JAHR;Jahr;2013;DINSG;Deutschland insgesamt;DG;Deutschland;UNTGR2;Unternehmensgröße;UNT-0001;Kleinstunternehmen;21158;EUR;BBU003;Bruttobetriebsüberschuss je tätige Person;e
48121;Statistik für kleine und mittlere Unternehmen;JAHR;Jahr;2013;DINSG;Deutschland insgesamt;DG;Deutschland;UNTGR2;Unternehmensgröße;UNT-0001;Kleinstunternehmen;102244;Mill. EUR;BBU001;Bruttobetriebsüberschuss;e
48121;Statistik für kleine und mittlere Unternehmen;JAHR;Jahr;2013;DINSG;Deutschland insgesamt;DG;Deutschland;UNTGR2;Unternehmensgröße;UNT-0001;Kleinstunternehmen;-;Mill. EUR;VRV001;Vorratsveränderungen bei Waren;
48121;Statistik für kleine und mittlere Unternehmen;JAHR;Jahr;2013;DINSG;Deutschland insgesamt;DG;Deutschland;UNTGR2;Unternehmensgröße;UNT-0001;Kleinstunternehmen;34181;EUR;BWS010;Bruttowertschöpf. zu Faktorkosten je tätige Person;e
48121;Statistik für kleine und mittlere Unternehmen;JAHR;Jahr;2013;DINSG;Deutschland insgesamt;DG;Deutschland;UNTGR2;Unternehmensgröße;UNT-0001;Kleinstunternehmen;.;Anzahl;UNT002;Unternehmen (EU);
48121;Statistik für kleine und mittlere Unternehmen;JAHR;Jahr;2012;DINSG;Deutschland insgesamt;DG;Deutschland;UNTGR2;Unternehmensgröße;UNT-0100;Mittlere Unternehmen;66541;Anzahl;UNT003;Unternehmen;e
48121;Statistik für kleine und mittlere Unternehmen;JAHR;Jahr;2012;DINSG;Deutschland insgesamt;DG;Deutschland;UNTGR2;Unternehmensgröße;UNT-0100;Mittlere Unternehmen;.;Mill. EUR;AUFW05;Aufwendungen für Leiharbeitnehmer;
48121;Statistik für kleine und mittlere Unternehmen;JAHR;Jahr;2012;DINSG;Deutschland insgesamt;DG;Deutschland;UNTGR2;Unternehmensgröße;UNT-0100;Mittlere Unternehmen;.;Mill. EUR;VST005;Bruttolöhne und -gehälter;
48121;Statistik für kleine und mittlere Unternehmen;JAHR;Jahr;2012;DINSG;Deutschland insgesamt;DG;Deutschland;UNTGR2;Unternehmensgröße;UNT-0100;Mittlere Unternehmen;28871;Mill. EUR;INV018;Bruttoinvestitionen in Sachanlagen;e
48121;Statistik für kleine und mittlere Unternehmen;JAHR;Jahr;2012;DINSG;Deutschland insgesamt;DG;Deutschland;UNTGR2;Unternehmensgröße;UNT-0100;Mittlere Unternehmen;865445;Mill. EUR;UMS002;Umsatz;e
48121;Statistik für kleine und mittlere Unternehmen;JAHR;Jahr;2012;DINSG;Deutschland insgesamt;DG;Deutschland;UNTGR2;Unternehmensgröße;UNT-0100;Mittlere Unternehmen;.;Anzahl;LGE001;Lohn- und Gehaltsempfänger;
48121;Statistik für kleine und mittlere Unternehmen;JAHR;Jahr;2012;DINSG;Deutschland insgesamt;DG;Deutschland;UNTGR2;Unternehmensgröße;UNT-0100;Mittlere Unternehmen;5548;EUR;INV023;Bruttoinvestitionen in Sachanl. je tätige Person;e
48121;Statistik für kleine und mittlere Unternehmen;JAHR;Jahr;2012;DINSG;Deutschland insgesamt;DG;Deutschland;UNTGR2;Unternehmensgröße;UNT-0100;Mittlere Unternehmen;-;Mill. EUR;KOS002;Kosten für Mieten und Pachten;
48121;Statistik für kleine und mittlere Unternehmen;JAHR;Jahr;2012;DINSG;Deutschland insgesamt;DG;Deutschland;UNTGR2;Unternehmensgröße;UNT-0100;Mittlere Unternehmen;34503;EUR;PAW008;Personalaufwendungen je tätige Person;e
48121;Statistik für kleine und mittlere Unternehmen;JAHR;Jahr;2012;DINSG;Deutschland insgesamt;DG;Deutschland;UNTGR2;Unternehmensgröße;UNT-0100;Mittlere Unternehmen;.;Mill. EUR;KAU008;Käufe v.Waren u.DL z.Wiederverk. i.unveränd. Zust.;
48121;Statistik für kleine und mittlere Unternehmen;JAHR;Jahr;2012;DINSG;Deutschland insgesamt;DG;Deutschland;UNTGR2;Unternehmensgröße;UNT-0100;Mittlere Unternehmen;5204288;Anzahl;PER005;Tätige Personen;e
48121;Statistik für kleine und mittlere Unternehmen;JAHR;Jahr;2012;DINSG;Deutschland insgesamt;DG;Deutschland;UNTGR2;Unternehmensgröße;UNT-0100;Mittlere Unternehmen;.;Mill. EUR;KOS026;Sozialversicherungskosten;
48121;Statistik für kleine und mittlere Unternehmen;JAHR;Jahr;2012;DINSG;Deutschland insgesamt;DG;Deutschland;UNTGR2;Unternehmensgröße;UNT-0100;Mittlere Unternehmen;.;Anzahl;LGE002;Lohn- und Gehaltsempfänger in Vollzeiteinheiten;
48121;Statistik für kleine und mittlere Unternehmen;JAHR;Jahr;2012;DINSG;Deutschland insgesamt;DG;Deutschland;UNTGR2;Unternehmensgröße;UNT-0100;Mittlere Unternehmen;179565;Mill. EUR;PAW002;Personalaufwendungen;e
48121;Statistik für kleine und mittlere Unternehmen;JAHR;Jahr;2012;DINSG;Deutschland insgesamt;DG;Deutschland;UNTGR2;Unternehmensgröße;UNT-0100;Mittlere Unternehmen;.;Mill. EUR;PRO013;Produktionswert;
48121;Statistik für kleine und mittlere Unternehmen;JAHR;Jahr;2012;DINSG;Deutschland insgesamt;DG;Deutschland;UNTGR2;Unternehmensgröße;UNT-0100;Mittlere Unternehmen;.;Mill. EUR;KAU007;Waren- und Dienstleistungskäufe;
48121;Statistik für kleine und mittlere Unternehmen;JAHR;Jahr;2012;DINSG;Deutschland insgesamt;DG;Deutschland;UNTGR2;Unternehmensgröße;UNT-0100;Mittlere Unternehmen;257907;Mill. EUR;BWS003;Bruttowertschöpfung zu Faktorkosten;e
48121;Statistik für kleine und mittlere Unternehmen;JAHR;Jahr;2012;DINSG;Deutschland insgesamt;DG;Deutschland;UNTGR2;Unternehmensgröße;UNT-0100;Mittlere Unternehmen;166295;EUR;UMS050;Umsatz je tätige Person;e
48121;Statistik für kleine und mittlere Unternehmen;JAHR;Jahr;2012;DINSG;Deutschland insgesamt;DG;Deutschland;UNTGR2;Unternehmensgröße;UNT-0100;Mittlere Unternehmen;55449;Anzahl;UNT007;Unternehmen mit Investitionen;e
48121;Statistik für kleine und mittlere Unternehmen;JAHR;Jahr;2012;DINSG;Deutschland insgesamt;DG;Deutschland;UNTGR2;Unternehmensgröße;UNT-0100;Mittlere Unternehmen;14901;EUR;BBU003;Bruttobetriebsüberschuss je tätige Person;e
48121;Statistik für kleine und mittlere Unternehmen;JAHR;Jahr;2012;DINSG;Deutschland insgesamt;DG;Deutschland;UNTGR2;Unternehmensgröße;UNT-0100;Mittlere Unternehmen;77547;Mill. EUR;BBU001;Bruttobetriebsüberschuss;e
48121;Statistik für kleine und mittlere Unternehmen;JAHR;Jahr;2012;DINSG;Deutschland insgesamt;DG;Deutschland;UNTGR2;Unternehmensgröße;UNT-0100;Mittlere Unternehmen;-;Mill. EUR;VRV001;Vorratsveränderungen bei Waren;
48121;Statistik für kleine und mittlere Unternehmen;JAHR;Jahr;2012;DINSG;Deutschland insgesamt;DG;Deutschland;UNTGR2;Unternehmensgröße;UNT-0100;Mittlere Unternehmen;49557;EUR;BWS010;Bruttowertschöpf. zu Faktorkosten je tätige Person;e
48121;Statistik für kleine und mittlere Unternehmen;JAHR;Jahr;2012;DINSG;Deutschland insgesamt;DG;Deutschland;UNTGR2;Unternehmensgröße;UNT-0100;Mittlere Unternehmen;.;Anzahl;UNT002;Unternehmen (EU);
48121;Statistik für kleine und mittlere Unternehmen;JAHR;Jahr;2011;DINSG;Deutschland insgesamt;DG;Deutschland;UNTGR2;Unternehmensgröße;;Insgesamt;2158046;Anzahl;UNT003;Unternehmen;e
48121;Statistik für kleine und mittlere Unternehmen;JAHR;Jahr;2011;DINSG;Deutschland insgesamt;DG;Deutschland;UNTGR2;Unternehmensgröße;;Insgesamt;.;Mill. EUR;AUFW05;Aufwendungen für Leiharbeitnehmer;
48121;Statistik für kleine und mittlere Unternehmen;JAHR;Jahr;2011;DINSG;Deutschland insgesamt;DG;Deutschland;UNTGR2;Unternehmensgröße;;Insgesamt;.;Mill. EUR;VST005;Bruttolöhne und -gehälter;
48121;Statistik für kleine und mittlere Unternehmen;JAHR;Jahr;2011;DINSG;Deutschland insgesamt;DG;Deutschland;UNTGR2;Unternehmensgröße;;Insgesamt;179772;Mill. EUR;INV018;Bruttoinvestitionen in Sachanlagen;e
48121;Statistik für kleine und mittlere Unternehmen;JAHR;Jahr;2011;DINSG;Deutschland insgesamt;DG;Deutschland;UNTGR2;Unternehmensgröße;;Insgesamt;5538850;Mill. EUR;UMS002;Umsatz;e
48121;Statistik für kleine und mittlere Unternehmen;JAHR;Jahr;2011;DINSG;Deutschland insgesamt;DG;Deutschland;UNTGR2;Unternehmensgröße;;Insgesamt;.;Anzahl;LGE001;Lohn- und Gehaltsempfänger;
48121;Statistik für kleine und mittlere Unternehmen;JAHR;Jahr;2011;DINSG;Deutschland insgesamt;DG;Deutschland;UNTGR2;Unternehmensgröße;;Insgesamt;6869;EUR;INV023;Bruttoinvestitionen in Sachanl. je tätige Person;e
48121;Statistik für kleine und mittlere Unternehmen;JAHR;Jahr;2011;DINSG;Deutschland insgesamt;DG;Deutschland;UNTGR2;Unternehmensgröße;;Insgesamt;-;Mill. EUR;KOS002;Kosten für Mieten und Pachten;
48121;Statistik für kleine und mittlere Unternehmen;JAHR;Jahr;2011;DINSG;Deutschland insgesamt;DG;Deutschland;UNTGR2;Unternehmensgröße;;Insgesamt;-;EUR;PAW008;Personalaufwendungen je tätige Person;
48121;Statistik für kleine und mittlere Unternehmen;JAHR;Jahr;2011;DINSG;Deutschland insgesamt;DG;Deutschland;UNTGR2;Unternehmensgröße;;Insgesamt;.;Mill. EUR;KAU008;Käufe v.Waren u.DL z.Wiederverk. i.unveränd. Zust.;
48121;Statistik für kleine und mittlere Unternehmen;JAHR;Jahr;2011;DINSG;Deutschland insgesamt;DG;Deutschland;UNTGR2;Unternehmensgröße;;Insgesamt;26173262;Anzahl;PER005;Tätige Personen;e
48121;Statistik für kleine und mittlere Unternehmen;JAHR;Jahr;2011;DINSG;Deutschland insgesamt;DG;Deutschland;UNTGR2;Unternehmensgröße;;Insgesamt;.;Mill. EUR;KOS026;Sozialversicherungskosten;
48121;Statistik für kleine und mittlere Unternehmen;JAHR;Jahr;2011;DINSG;Deutschland insgesamt;DG;Deutschland;UNTGR2;Unternehmensgröße;;Insgesamt;.;Anzahl;LGE002;Lohn- und Gehaltsempfänger in Vollzeiteinheiten;
48121;Statistik für kleine und mittlere Unternehmen;JAHR;Jahr;2011;DINSG;Deutschland insgesamt;DG;Deutschland;UNTGR2;Unternehmensgröße;;Insgesamt;-;Mill. EUR;PAW002;Personalaufwendungen;
48121;Statistik für kleine und mittlere Unternehmen;JAHR;Jahr;2011;DINSG;Deutschland insgesamt;DG;Deutschland;UNTGR2;Unternehmensgröße;;Insgesamt;.;Mill. EUR;PRO013;Produktionswert;
48121;Statistik für kleine und mittlere Unternehmen;JAHR;Jahr;2011;DINSG;Deutschland insgesamt;DG;Deutschland;UNTGR2;Unternehmensgröße;;Insgesamt;.;Mill. EUR;KAU007;Waren- und Dienstleistungskäufe;
48121;Statistik für kleine und mittlere Unternehmen;JAHR;Jahr;2011;DINSG;Deutschland insgesamt;DG;Deutschland;UNTGR2;Unternehmensgröße;;Insgesamt;1381146;Mill. EUR;BWS003;Bruttowertschöpfung zu Faktorkosten;e
48121;Statistik für kleine und mittlere Unternehmen;JAHR;Jahr;2011;DINSG;Deutschland insgesamt;DG;Deutschland;UNTGR2;Unternehmensgröße;;Insgesamt;211622;EUR;UMS050;Umsatz je tätige Person;e
48121;Statistik für kleine und mittlere Unternehmen;JAHR;Jahr;2011;DINSG;Deutschland insgesamt;DG;Deutschland;UNTGR2;Unternehmensgröße;;Insgesamt;1023403;Anzahl;UNT007;Unternehmen mit Investitionen;e
48121;Statistik für kleine und mittlere Unternehmen;JAHR;Jahr;2011;DINSG;Deutschland insgesamt;DG;Deutschland;UNTGR2;Unternehmensgröße;;Insgesamt;-;EUR;BBU003;Bruttobetriebsüberschuss je tätige Person;
48121;Statistik für kleine und mittlere Unternehmen;JAHR;Jahr;2011;DINSG;Deutschland insgesamt;DG;Deutschland;UNTGR2;Unternehmensgröße;;Insgesamt;-;Mill. EUR;BBU001;Bruttobetriebsüberschuss;
48121;Statistik für kleine und mittlere Unternehmen;JAHR;Jahr;2011;DINSG;Deutschland insgesamt;DG;Deutschland;UNTGR2;Unternehmensgröße;;Insgesamt;-;Mill. EUR;VRV001;Vorratsveränderungen bei Waren;
48121;Statistik für kleine und mittlere Unternehmen;JAHR;Jahr;2011;DINSG;Deutschland insgesamt;DG;Deutschland;UNTGR2;Unternehmensgröße;;Insgesamt;52769;EUR;BWS010;Bruttowertschöpf. zu Faktorkosten je tätige Person;e
48121;Statistik für kleine und mittlere Unternehmen;JAHR;Jahr;2011;DINSG;Deutschland insgesamt;DG;Deutschland;UNTGR2;Unternehmensgröße;;Insgesamt;.;Anzahl;UNT002;Unternehmen (EU);
48121;Statistik für kleine und mittlere Unternehmen;JAHR;Jahr;2019;DINSG;Deutschland insgesamt;DG;Deutschland;UNTGR2;Unternehmensgröße;UNT-0001;Kleinstunternehmen;-;Anzahl;UNT003;Unternehmen;
48121;Statistik für kleine und mittlere Unternehmen;JAHR;Jahr;2019;DINSG;Deutschland insgesamt;DG;Deutschland;UNTGR2;Unternehmensgröße;UNT-0001;Kleinstunternehmen;647;Mill. EUR;AUFW05;Aufwendungen für Leiharbeitnehmer;e
48121;Statistik für kleine und mittlere Unternehmen;JAHR;Jahr;2019;DINSG;Deutschland insgesamt;DG;Deutschland;UNTGR2;Unternehmensgröße;UNT-0001;Kleinstunternehmen;67850;Mill. EUR;VST005;Bruttolöhne und -gehälter;e
48121;Statistik für kleine und mittlere Unternehmen;JAHR;Jahr;2019;DINSG;Deutschland insgesamt;DG;Deutschland;UNTGR2;Unternehmensgröße;UNT-0001;Kleinstunternehmen;35506;Mill. EUR;INV018;Bruttoinvestitionen in Sachanlagen;e
48121;Statistik für kleine und mittlere Unternehmen;JAHR;Jahr;2019;DINSG;Deutschland insgesamt;DG;Deutschland;UNTGR2;Unternehmensgröße;UNT-0001;Kleinstunternehmen;448135;Mill. EUR;UMS002;Umsatz;e
48121;Statistik für kleine und mittlere Unternehmen;JAHR;Jahr;2019;DINSG;Deutschland insgesamt;DG;Deutschland;UNTGR2;Unternehmensgröße;UNT-0001;Kleinstunternehmen;3522078;Anzahl;LGE001;Lohn- und Gehaltsempfänger;e
48121;Statistik für kleine und mittlere Unternehmen;JAHR;Jahr;2019;DINSG;Deutschland insgesamt;DG;Deutschland;UNTGR2;Unternehmensgröße;UNT-0001;Kleinstunternehmen;6196;EUR;INV023;Bruttoinvestitionen in Sachanl. je tätige Person;e
48121;Statistik für kleine und mittlere Unternehmen;JAHR;Jahr;2019;DINSG;Deutschland insgesamt;DG;Deutschland;UNTGR2;Unternehmensgröße;UNT-0001;Kleinstunternehmen;-;Mill. EUR;KOS002;Kosten für Mieten und Pachten;
48121;Statistik für kleine und mittlere Unternehmen;JAHR;Jahr;2019;DINSG;Deutschland insgesamt;DG;Deutschland;UNTGR2;Unternehmensgröße;UNT-0001;Kleinstunternehmen;14596;EUR;PAW008;Personalaufwendungen je tätige Person;e
48121;Statistik für kleine und mittlere Unternehmen;JAHR;Jahr;2019;DINSG;Deutschland insgesamt;DG;Deutschland;UNTGR2;Unternehmensgröße;UNT-0001;Kleinstunternehmen;102509;Mill. EUR;KAU008;Käufe v.Waren u.DL z.Wiederverk. i.unveränd. Zust.;e
48121;Statistik für kleine und mittlere Unternehmen;JAHR;Jahr;2019;DINSG;Deutschland insgesamt;DG;Deutschland;UNTGR2;Unternehmensgröße;UNT-0001;Kleinstunternehmen;5730320;Anzahl;PER005;Tätige Personen;e
48121;Statistik für kleine und mittlere Unternehmen;JAHR;Jahr;2019;DINSG;Deutschland insgesamt;DG;Deutschland;UNTGR2;Unternehmensgröße;UNT-0001;Kleinstunternehmen;15792;Mill. EUR;KOS026;Sozialversicherungskosten;e
48121;Statistik für kleine und mittlere Unternehmen;JAHR;Jahr;2019;DINSG;Deutschland insgesamt;DG;Deutschland;UNTGR2;Unternehmensgröße;UNT-0001;Kleinstunternehmen;2683683;Anzahl;LGE002;Lohn- und Gehaltsempfänger in Vollzeiteinheiten;e
48121;Statistik für kleine und mittlere Unternehmen;JAHR;Jahr;2019;DINSG;Deutschland insgesamt;DG;Deutschland;UNTGR2;Unternehmensgröße;UNT-0001;Kleinstunternehmen;83642;Mill. EUR;PAW002;Personalaufwendungen;e
48121;Statistik für kleine und mittlere Unternehmen;JAHR;Jahr;2019;DINSG;Deutschland insgesamt;DG;Deutschland;UNTGR2;Unternehmensgröße;UNT-0001;Kleinstunternehmen;354872;Mill. EUR;PRO013;Produktionswert;e
48121;Statistik für kleine und mittlere Unternehmen;JAHR;Jahr;2019;DINSG;Deutschland insgesamt;DG;Deutschland;UNTGR2;Unternehmensgröße;UNT-0001;Kleinstunternehmen;241165;Mill. EUR;KAU007;Waren- und Dienstleistungskäufe;e
48121;Statistik für kleine und mittlere Unternehmen;JAHR;Jahr;2019;DINSG;Deutschland insgesamt;DG;Deutschland;UNTGR2;Unternehmensgröße;UNT-0001;Kleinstunternehmen;206056;Mill. EUR;BWS003;Bruttowertschöpfung zu Faktorkosten;e
48121;Statistik für kleine und mittlere Unternehmen;JAHR;Jahr;2019;DINSG;Deutschland insgesamt;DG;Deutschland;UNTGR2;Unternehmensgröße;UNT-0001;Kleinstunternehmen;78204;EUR;UMS050;Umsatz je tätige Person;e
48121;Statistik für kleine und mittlere Unternehmen;JAHR;Jahr;2019;DINSG;Deutschland insgesamt;DG;Deutschland;UNTGR2;Unternehmensgröße;UNT-0001;Kleinstunternehmen;784102;Anzahl;UNT007;Unternehmen mit Investitionen;e
48121;Statistik für kleine und mittlere Unternehmen;JAHR;Jahr;2019;DINSG;Deutschland insgesamt;DG;Deutschland;UNTGR2;Unternehmensgröße;UNT-0001;Kleinstunternehmen;21363;EUR;BBU003;Bruttobetriebsüberschuss je tätige Person;e
48121;Statistik für kleine und mittlere Unternehmen;JAHR;Jahr;2019;DINSG;Deutschland insgesamt;DG;Deutschland;UNTGR2;Unternehmensgröße;UNT-0001;Kleinstunternehmen;122414;Mill. EUR;BBU001;Bruttobetriebsüberschuss;e
48121;Statistik für kleine und mittlere Unternehmen;JAHR;Jahr;2019;DINSG;Deutschland insgesamt;DG;Deutschland;UNTGR2;Unternehmensgröße;UNT-0001;Kleinstunternehmen;-;Mill. EUR;VRV001;Vorratsveränderungen bei Waren;
48121;Statistik für kleine und mittlere Unternehmen;JAHR;Jahr;2019;DINSG;Deutschland insgesamt;DG;Deutschland;UNTGR2;Unternehmensgröße;UNT-0001;Kleinstunternehmen;35959;EUR;BWS010;Bruttowertschöpf. zu Faktorkosten je tätige Person;e
48121;Statistik für kleine und mittlere Unternehmen;JAHR;Jahr;2019;DINSG;Deutschland insgesamt;DG;Deutschland;UNTGR2;Unternehmensgröße;UNT-0001;Kleinstunternehmen;2123862;Anzahl;UNT002;Unternehmen (EU);e
48121;Statistik für kleine und mittlere Unternehmen;JAHR;Jahr;2018;DINSG;Deutschland insgesamt;DG;Deutschland;UNTGR2;Unternehmensgröße;UNT-0100;Mittlere Unternehmen;-;Anzahl;UNT003;Unternehmen;
48121;Statistik für kleine und mittlere Unternehmen;JAHR;Jahr;2018;DINSG;Deutschland insgesamt;DG;Deutschland;UNTGR2;Unternehmensgröße;UNT-0100;Mittlere Unternehmen;5009;Mill. EUR;AUFW05;Aufwendungen für Leiharbeitnehmer;e
48121;Statistik für kleine und mittlere Unternehmen;JAHR;Jahr;2018;DINSG;Deutschland insgesamt;DG;Deutschland;UNTGR2;Unternehmensgröße;UNT-0100;Mittlere Unternehmen;159076;Mill. EUR;VST005;Bruttolöhne und -gehälter;e
48121;Statistik für kleine und mittlere Unternehmen;JAHR;Jahr;2018;DINSG;Deutschland insgesamt;DG;Deutschland;UNTGR2;Unternehmensgröße;UNT-0100;Mittlere Unternehmen;36741;Mill. EUR;INV018;Bruttoinvestitionen in Sachanlagen;e
48121;Statistik für kleine und mittlere Unternehmen;JAHR;Jahr;2018;DINSG;Deutschland insgesamt;DG;Deutschland;UNTGR2;Unternehmensgröße;UNT-0100;Mittlere Unternehmen;835347;Mill. EUR;UMS002;Umsatz;e
48121;Statistik für kleine und mittlere Unternehmen;JAHR;Jahr;2018;DINSG;Deutschland insgesamt;DG;Deutschland;UNTGR2;Unternehmensgröße;UNT-0100;Mittlere Unternehmen;5123920;Anzahl;LGE001;Lohn- und Gehaltsempfänger;e
48121;Statistik für kleine und mittlere Unternehmen;JAHR;Jahr;2018;DINSG;Deutschland insgesamt;DG;Deutschland;UNTGR2;Unternehmensgröße;UNT-0100;Mittlere Unternehmen;7062;EUR;INV023;Bruttoinvestitionen in Sachanl. je tätige Person;e
48121;Statistik für kleine und mittlere Unternehmen;JAHR;Jahr;2018;DINSG;Deutschland insgesamt;DG;Deutschland;UNTGR2;Unternehmensgröße;UNT-0100;Mittlere Unternehmen;-;Mill. EUR;KOS002;Kosten für Mieten und Pachten;
48121;Statistik für kleine und mittlere Unternehmen;JAHR;Jahr;2018;DINSG;Deutschland insgesamt;DG;Deutschland;UNTGR2;Unternehmensgröße;UNT-0100;Mittlere Unternehmen;36943;EUR;PAW008;Personalaufwendungen je tätige Person;e
48121;Statistik für kleine und mittlere Unternehmen;JAHR;Jahr;2018;DINSG;Deutschland insgesamt;DG;Deutschland;UNTGR2;Unternehmensgröße;UNT-0100;Mittlere Unternehmen;266479;Mill. EUR;KAU008;Käufe v.Waren u.DL z.Wiederverk. i.unveränd. Zust.;e
48121;Statistik für kleine und mittlere Unternehmen;JAHR;Jahr;2018;DINSG;Deutschland insgesamt;DG;Deutschland;UNTGR2;Unternehmensgröße;UNT-0100;Mittlere Unternehmen;5202654;Anzahl;PER005;Tätige Personen;e
48121;Statistik für kleine und mittlere Unternehmen;JAHR;Jahr;2018;DINSG;Deutschland insgesamt;DG;Deutschland;UNTGR2;Unternehmensgröße;UNT-0100;Mittlere Unternehmen;33126;Mill. EUR;KOS026;Sozialversicherungskosten;e
48121;Statistik für kleine und mittlere Unternehmen;JAHR;Jahr;2018;DINSG;Deutschland insgesamt;DG;Deutschland;UNTGR2;Unternehmensgröße;UNT-0100;Mittlere Unternehmen;4290115;Anzahl;LGE002;Lohn- und Gehaltsempfänger in Vollzeiteinheiten;e
48121;Statistik für kleine und mittlere Unternehmen;JAHR;Jahr;2018;DINSG;Deutschland insgesamt;DG;Deutschland;UNTGR2;Unternehmensgröße;UNT-0100;Mittlere Unternehmen;192202;Mill. EUR;PAW002;Personalaufwendungen;e
48121;Statistik für kleine und mittlere Unternehmen;JAHR;Jahr;2018;DINSG;Deutschland insgesamt;DG;Deutschland;UNTGR2;Unternehmensgröße;UNT-0100;Mittlere Unternehmen;580543;Mill. EUR;PRO013;Produktionswert;e
48121;Statistik für kleine und mittlere Unternehmen;JAHR;Jahr;2018;DINSG;Deutschland insgesamt;DG;Deutschland;UNTGR2;Unternehmensgröße;UNT-0100;Mittlere Unternehmen;556209;Mill. EUR;KAU007;Waren- und Dienstleistungskäufe;e
48121;Statistik für kleine und mittlere Unternehmen;JAHR;Jahr;2018;DINSG;Deutschland insgesamt;DG;Deutschland;UNTGR2;Unternehmensgröße;UNT-0100;Mittlere Unternehmen;286544;Mill. EUR;BWS003;Bruttowertschöpfung zu Faktorkosten;e
48121;Statistik für kleine und mittlere Unternehmen;JAHR;Jahr;2018;DINSG;Deutschland insgesamt;DG;Deutschland;UNTGR2;Unternehmensgröße;UNT-0100;Mittlere Unternehmen;160562;EUR;UMS050;Umsatz je tätige Person;e
48121;Statistik für kleine und mittlere Unternehmen;JAHR;Jahr;2018;DINSG;Deutschland insgesamt;DG;Deutschland;UNTGR2;Unternehmensgröße;UNT-0100;Mittlere Unternehmen;56933;Anzahl;UNT007;Unternehmen mit Investitionen;e
48121;Statistik für kleine und mittlere Unternehmen;JAHR;Jahr;2018;DINSG;Deutschland insgesamt;DG;Deutschland;UNTGR2;Unternehmensgröße;UNT-0100;Mittlere Unternehmen;18134;EUR;BBU003;Bruttobetriebsüberschuss je tätige Person;e
48121;Statistik für kleine und mittlere Unternehmen;JAHR;Jahr;2018;DINSG;Deutschland insgesamt;DG;Deutschland;UNTGR2;Unternehmensgröße;UNT-0100;Mittlere Unternehmen;94343;Mill. EUR;BBU001;Bruttobetriebsüberschuss;e
48121;Statistik für kleine und mittlere Unternehmen;JAHR;Jahr;2018;DINSG;Deutschland insgesamt;DG;Deutschland;UNTGR2;Unternehmensgröße;UNT-0100;Mittlere Unternehmen;-;Mill. EUR;VRV001;Vorratsveränderungen bei Waren;
48121;Statistik für kleine und mittlere Unternehmen;JAHR;Jahr;2018;DINSG;Deutschland insgesamt;DG;Deutschland;UNTGR2;Unternehmensgröße;UNT-0100;Mittlere Unternehmen;55077;EUR;BWS010;Bruttowertschöpf. zu Faktorkosten je tätige Person;e
48121;Statistik für kleine und mittlere Unternehmen;JAHR;Jahr;2018;DINSG;Deutschland insgesamt;DG;Deutschland;UNTGR2;Unternehmensgröße;UNT-0100;Mittlere Unternehmen;65921;Anzahl;UNT002;Unternehmen (EU);e
48121;Statistik für kleine und mittlere Unternehmen;JAHR;Jahr;2017;DINSG;Deutschland insgesamt;DG;Deutschland;UNTGR2;Unternehmensgröße;;Insgesamt;2504372;Anzahl;UNT003;Unternehmen;e
48121;Statistik für kleine und mittlere Unternehmen;JAHR;Jahr;2017;DINSG;Deutschland insgesamt;DG;Deutschland;UNTGR2;Unternehmensgröße;;Insgesamt;.;Mill. EUR;AUFW05;Aufwendungen für Leiharbeitnehmer;
48121;Statistik für kleine und mittlere Unternehmen;JAHR;Jahr;2017;DINSG;Deutschland insgesamt;DG;Deutschland;UNTGR2;Unternehmensgröße;;Insgesamt;.;Mill. EUR;VST005;Bruttolöhne und -gehälter;
48121;Statistik für kleine und mittlere Unternehmen;JAHR;Jahr;2017;DINSG;Deutschland insgesamt;DG;Deutschland;UNTGR2;Unternehmensgröße;;Insgesamt;264898;Mill. EUR;INV018;Bruttoinvestitionen in Sachanlagen;e
48121;Statistik für kleine und mittlere Unternehmen;JAHR;Jahr;2017;DINSG;Deutschland insgesamt;DG;Deutschland;UNTGR2;Unternehmensgröße;;Insgesamt;6573160;Mill. EUR;UMS002;Umsatz;e
48121;Statistik für kleine und mittlere Unternehmen;JAHR;Jahr;2017;DINSG;Deutschland insgesamt;DG;Deutschland;UNTGR2;Unternehmensgröße;;Insgesamt;.;Anzahl;LGE001;Lohn- und Gehaltsempfänger;
48121;Statistik für kleine und mittlere Unternehmen;JAHR;Jahr;2017;DINSG;Deutschland insgesamt;DG;Deutschland;UNTGR2;Unternehmensgröße;;Insgesamt;8899;EUR;INV023;Bruttoinvestitionen in Sachanl. je tätige Person;e
48121;Statistik für kleine und mittlere Unternehmen;JAHR;Jahr;2017;DINSG;Deutschland insgesamt;DG;Deutschland;UNTGR2;Unternehmensgröße;;Insgesamt;-;Mill. EUR;KOS002;Kosten für Mieten und Pachten;
48121;Statistik für kleine und mittlere Unternehmen;JAHR;Jahr;2017;DINSG;Deutschland insgesamt;DG;Deutschland;UNTGR2;Unternehmensgröße;;Insgesamt;37006;EUR;PAW008;Personalaufwendungen je tätige Person;e
48121;Statistik für kleine und mittlere Unternehmen;JAHR;Jahr;2017;DINSG;Deutschland insgesamt;DG;Deutschland;UNTGR2;Unternehmensgröße;;Insgesamt;.;Mill. EUR;KAU008;Käufe v.Waren u.DL z.Wiederverk. i.unveränd. Zust.;
48121;Statistik für kleine und mittlere Unternehmen;JAHR;Jahr;2017;DINSG;Deutschland insgesamt;DG;Deutschland;UNTGR2;Unternehmensgröße;;Insgesamt;29768330;Anzahl;PER005;Tätige Personen;e
48121;Statistik für kleine und mittlere Unternehmen;JAHR;Jahr;2017;DINSG;Deutschland insgesamt;DG;Deutschland;UNTGR2;Unternehmensgröße;;Insgesamt;.;Mill. EUR;KOS026;Sozialversicherungskosten;
48121;Statistik für kleine und mittlere Unternehmen;JAHR;Jahr;2017;DINSG;Deutschland insgesamt;DG;Deutschland;UNTGR2;Unternehmensgröße;;Insgesamt;.;Anzahl;LGE002;Lohn- und Gehaltsempfänger in Vollzeiteinheiten;
48121;Statistik für kleine und mittlere Unternehmen;JAHR;Jahr;2017;DINSG;Deutschland insgesamt;DG;Deutschland;UNTGR2;Unternehmensgröße;;Insgesamt;1101605;Mill. EUR;PAW002;Personalaufwendungen;e
48121;Statistik für kleine und mittlere Unternehmen;JAHR;Jahr;2017;DINSG;Deutschland insgesamt;DG;Deutschland;UNTGR2;Unternehmensgröße;;Insgesamt;.;Mill. EUR;PRO013;Produktionswert;
48121;Statistik für kleine und mittlere Unternehmen;JAHR;Jahr;2017;DINSG;Deutschland insgesamt;DG;Deutschland;UNTGR2;Unternehmensgröße;;Insgesamt;.;Mill. EUR;KAU007;Waren- und Dienstleistungskäufe;
48121;Statistik für kleine und mittlere Unternehmen;JAHR;Jahr;2017;DINSG;Deutschland insgesamt;DG;Deutschland;UNTGR2;Unternehmensgröße;;Insgesamt;1737650;Mill. EUR;BWS003;Bruttowertschöpfung zu Faktorkosten;e
48121;Statistik für kleine und mittlere Unternehmen;JAHR;Jahr;2017;DINSG;Deutschland insgesamt;DG;Deutschland;UNTGR2;Unternehmensgröße;;Insgesamt;220810;EUR;UMS050;Umsatz je tätige Person;e
48121;Statistik für kleine und mittlere Unternehmen;JAHR;Jahr;2017;DINSG;Deutschland insgesamt;DG;Deutschland;UNTGR2;Unternehmensgröße;;Insgesamt;1178316;Anzahl;UNT007;Unternehmen mit Investitionen;e
48121;Statistik für kleine und mittlere Unternehmen;JAHR;Jahr;2017;DINSG;Deutschland insgesamt;DG;Deutschland;UNTGR2;Unternehmensgröße;;Insgesamt;21366;EUR;BBU003;Bruttobetriebsüberschuss je tätige Person;e
48121;Statistik für kleine und mittlere Unternehmen;JAHR;Jahr;2017;DINSG;Deutschland insgesamt;DG;Deutschland;UNTGR2;Unternehmensgröße;;Insgesamt;636045;Mill. EUR;BBU001;Bruttobetriebsüberschuss;e
48121;Statistik für kleine und mittlere Unternehmen;JAHR;Jahr;2017;DINSG;Deutschland insgesamt;DG;Deutschland;UNTGR2;Unternehmensgröße;;Insgesamt;-;Mill. EUR;VRV001;Vorratsveränderungen bei Waren;
48121;Statistik für kleine und mittlere Unternehmen;JAHR;Jahr;2017;DINSG;Deutschland insgesamt;DG;Deutschland;UNTGR2;Unternehmensgröße;;Insgesamt;58372;EUR;BWS010;Bruttowertschöpf. zu Faktorkosten je tätige Person;e
48121;Statistik für kleine und mittlere Unternehmen;JAHR;Jahr;2017;DINSG;Deutschland insgesamt;DG;Deutschland;UNTGR2;Unternehmensgröße;;Insgesamt;.;Anzahl;UNT002;Unternehmen (EU);
48121;Statistik für kleine und mittlere Unternehmen;JAHR;Jahr;2023;DINSG;Deutschland insgesamt;DG;Deutschland;UNTGR2;Unternehmensgröße;UNT-0010;Kleine Unternehmen;-;Anzahl;UNT003;Unternehmen;
48121;Statistik für kleine und mittlere Unternehmen;JAHR;Jahr;2023;DINSG;Deutschland insgesamt;DG;Deutschland;UNTGR2;Unternehmensgröße;UNT-0010;Kleine Unternehmen;2916;Mill. EUR;AUFW05;Aufwendungen für Leiharbeitnehmer;e
48121;Statistik für kleine und mittlere Unternehmen;JAHR;Jahr;2023;DINSG;Deutschland insgesamt;DG;Deutschland;UNTGR2;Unternehmensgröße;UNT-0010;Kleine Unternehmen;219598;Mill. EUR;VST005;Bruttolöhne und -gehälter;e
48121;Statistik für kleine und mittlere Unternehmen;JAHR;Jahr;2023;DINSG;Deutschland insgesamt;DG;Deutschland;UNTGR2;Unternehmensgröße;UNT-0010;Kleine Unternehmen;66438;Mill. EUR;INV018;Bruttoinvestitionen in Sachanlagen;e
48121;Statistik für kleine und mittlere Unternehmen;JAHR;Jahr;2023;DINSG;Deutschland insgesamt;DG;Deutschland;UNTGR2;Unternehmensgröße;UNT-0010;Kleine Unternehmen;958950;Mill. EUR;UMS002;Umsatz;e
48121;Statistik für kleine und mittlere Unternehmen;JAHR;Jahr;2023;DINSG;Deutschland insgesamt;DG;Deutschland;UNTGR2;Unternehmensgröße;UNT-0010;Kleine Unternehmen;7147548;Anzahl;LGE001;Lohn- und Gehaltsempfänger;e
48121;Statistik für kleine und mittlere Unternehmen;JAHR;Jahr;2023;DINSG;Deutschland insgesamt;DG;Deutschland;UNTGR2;Unternehmensgröße;UNT-0010;Kleine Unternehmen;8760;EUR;INV023;Bruttoinvestitionen in Sachanl. je tätige Person;e
48121;Statistik für kleine und mittlere Unternehmen;JAHR;Jahr;2023;DINSG;Deutschland insgesamt;DG;Deutschland;UNTGR2;Unternehmensgröße;UNT-0010;Kleine Unternehmen;42637;Mill. EUR;KOS002;Kosten für Mieten und Pachten;e
48121;Statistik für kleine und mittlere Unternehmen;JAHR;Jahr;2023;DINSG;Deutschland insgesamt;DG;Deutschland;UNTGR2;Unternehmensgröße;UNT-0010;Kleine Unternehmen;35599;EUR;PAW008;Personalaufwendungen je tätige Person;e
48121;Statistik für kleine und mittlere Unternehmen;JAHR;Jahr;2023;DINSG;Deutschland insgesamt;DG;Deutschland;UNTGR2;Unternehmensgröße;UNT-0010;Kleine Unternehmen;228425;Mill. EUR;KAU008;Käufe v.Waren u.DL z.Wiederverk. i.unveränd. Zust.;e
48121;Statistik für kleine und mittlere Unternehmen;JAHR;Jahr;2023;DINSG;Deutschland insgesamt;DG;Deutschland;UNTGR2;Unternehmensgröße;UNT-0010;Kleine Unternehmen;7584144;Anzahl;PER005;Tätige Personen;e
48121;Statistik für kleine und mittlere Unternehmen;JAHR;Jahr;2023;DINSG;Deutschland insgesamt;DG;Deutschland;UNTGR2;Unternehmensgröße;UNT-0010;Kleine Unternehmen;50387;Mill. EUR;KOS026;Sozialversicherungskosten;e
48121;Statistik für kleine und mittlere Unternehmen;JAHR;Jahr;2023;DINSG;Deutschland insgesamt;DG;Deutschland;UNTGR2;Unternehmensgröße;UNT-0010;Kleine Unternehmen;5780139;Anzahl;LGE002;Lohn- und Gehaltsempfänger in Vollzeiteinheiten;e
48121;Statistik für kleine und mittlere Unternehmen;JAHR;Jahr;2023;DINSG;Deutschland insgesamt;DG;Deutschland;UNTGR2;Unternehmensgröße;UNT-0010;Kleine Unternehmen;269986;Mill. EUR;PAW002;Personalaufwendungen;e
48121;Statistik für kleine und mittlere Unternehmen;JAHR;Jahr;2023;DINSG;Deutschland insgesamt;DG;Deutschland;UNTGR2;Unternehmensgröße;UNT-0010;Kleine Unternehmen;745429;Mill. EUR;PRO013;Produktionswert;e
48121;Statistik für kleine und mittlere Unternehmen;JAHR;Jahr;2023;DINSG;Deutschland insgesamt;DG;Deutschland;UNTGR2;Unternehmensgröße;UNT-0010;Kleine Unternehmen;542165;Mill. EUR;KAU007;Waren- und Dienstleistungskäufe;e
48121;Statistik für kleine und mittlere Unternehmen;JAHR;Jahr;2023;DINSG;Deutschland insgesamt;DG;Deutschland;UNTGR2;Unternehmensgröße;UNT-0010;Kleine Unternehmen;430050;Mill. EUR;BWS003;Bruttowertschöpfung zu Faktorkosten;e
48121;Statistik für kleine und mittlere Unternehmen;JAHR;Jahr;2023;DINSG;Deutschland insgesamt;DG;Deutschland;UNTGR2;Unternehmensgröße;UNT-0010;Kleine Unternehmen;126441;EUR;UMS050;Umsatz je tätige Person;e
48121;Statistik für kleine und mittlere Unternehmen;JAHR;Jahr;2023;DINSG;Deutschland insgesamt;DG;Deutschland;UNTGR2;Unternehmensgröße;UNT-0010;Kleine Unternehmen;65027;Anzahl;UNT007;Unternehmen mit Investitionen;e
48121;Statistik für kleine und mittlere Unternehmen;JAHR;Jahr;2023;DINSG;Deutschland insgesamt;DG;Deutschland;UNTGR2;Unternehmensgröße;UNT-0010;Kleine Unternehmen;21105;EUR;BBU003;Bruttobetriebsüberschuss je tätige Person;e
48121;Statistik für kleine und mittlere Unternehmen;JAHR;Jahr;2023;DINSG;Deutschland insgesamt;DG;Deutschland;UNTGR2;Unternehmensgröße;UNT-0010;Kleine Unternehmen;160064;Mill. EUR;BBU001;Bruttobetriebsüberschuss;e
48121;Statistik für kleine und mittlere Unternehmen;JAHR;Jahr;2023;DINSG;Deutschland insgesamt;DG;Deutschland;UNTGR2;Unternehmensgröße;UNT-0010;Kleine Unternehmen;7456;Mill. EUR;VRV001;Vorratsveränderungen bei Waren;e
48121;Statistik für kleine und mittlere Unternehmen;JAHR;Jahr;2023;DINSG;Deutschland insgesamt;DG;Deutschland;UNTGR2;Unternehmensgröße;UNT-0010;Kleine Unternehmen;56704;EUR;BWS010;Bruttowertschöpf. zu Faktorkosten je tätige Person;e
48121;Statistik für kleine und mittlere Unternehmen;JAHR;Jahr;2023;DINSG;Deutschland insgesamt;DG;Deutschland;UNTGR2;Unternehmensgröße;UNT-0010;Kleine Unternehmen;453043;Anzahl;UNT002;Unternehmen (EU);e
48121;Statistik für kleine und mittlere Unternehmen;JAHR;Jahr;2017;DINSG;Deutschland insgesamt;DG;Deutschland;UNTGR2;Unternehmensgröße;UNT-0001;Kleinstunternehmen;2013322;Anzahl;UNT003;Unternehmen;e
48121;Statistik für kleine und mittlere Unternehmen;JAHR;Jahr;2017;DINSG;Deutschland insgesamt;DG;Deutschland;UNTGR2;Unternehmensgröße;UNT-0001;Kleinstunternehmen;.;Mill. EUR;AUFW05;Aufwendungen für Leiharbeitnehmer;
48121;Statistik für kleine und mittlere Unternehmen;JAHR;Jahr;2017;DINSG;Deutschland insgesamt;DG;Deutschland;UNTGR2;Unternehmensgröße;UNT-0001;Kleinstunternehmen;.;Mill. EUR;VST005;Bruttolöhne und -gehälter;
48121;Statistik für kleine und mittlere Unternehmen;JAHR;Jahr;2017;DINSG;Deutschland insgesamt;DG;Deutschland;UNTGR2;Unternehmensgröße;UNT-0001;Kleinstunternehmen;41209;Mill. EUR;INV018;Bruttoinvestitionen in Sachanlagen;e
48121;Statistik für kleine und mittlere Unternehmen;JAHR;Jahr;2017;DINSG;Deutschland insgesamt;DG;Deutschland;UNTGR2;Unternehmensgröße;UNT-0001;Kleinstunternehmen;431920;Mill. EUR;UMS002;Umsatz;e
48121;Statistik für kleine und mittlere Unternehmen;JAHR;Jahr;2017;DINSG;Deutschland insgesamt;DG;Deutschland;UNTGR2;Unternehmensgröße;UNT-0001;Kleinstunternehmen;.;Anzahl;LGE001;Lohn- und Gehaltsempfänger;
48121;Statistik für kleine und mittlere Unternehmen;JAHR;Jahr;2017;DINSG;Deutschland insgesamt;DG;Deutschland;UNTGR2;Unternehmensgröße;UNT-0001;Kleinstunternehmen;7497;EUR;INV023;Bruttoinvestitionen in Sachanl. je tätige Person;e
48121;Statistik für kleine und mittlere Unternehmen;JAHR;Jahr;2017;DINSG;Deutschland insgesamt;DG;Deutschland;UNTGR2;Unternehmensgröße;UNT-0001;Kleinstunternehmen;-;Mill. EUR;KOS002;Kosten für Mieten und Pachten;
48121;Statistik für kleine und mittlere Unternehmen;JAHR;Jahr;2017;DINSG;Deutschland insgesamt;DG;Deutschland;UNTGR2;Unternehmensgröße;UNT-0001;Kleinstunternehmen;14493;EUR;PAW008;Personalaufwendungen je tätige Person;e
48121;Statistik für kleine und mittlere Unternehmen;JAHR;Jahr;2017;DINSG;Deutschland insgesamt;DG;Deutschland;UNTGR2;Unternehmensgröße;UNT-0001;Kleinstunternehmen;.;Mill. EUR;KAU008;Käufe v.Waren u.DL z.Wiederverk. i.unveränd. Zust.;
48121;Statistik für kleine und mittlere Unternehmen;JAHR;Jahr;2017;DINSG;Deutschland insgesamt;DG;Deutschland;UNTGR2;Unternehmensgröße;UNT-0001;Kleinstunternehmen;5496567;Anzahl;PER005;Tätige Personen;e
48121;Statistik für kleine und mittlere Unternehmen;JAHR;Jahr;2017;DINSG;Deutschland insgesamt;DG;Deutschland;UNTGR2;Unternehmensgröße;UNT-0001;Kleinstunternehmen;.;Mill. EUR;KOS026;Sozialversicherungskosten;
48121;Statistik für kleine und mittlere Unternehmen;JAHR;Jahr;2017;DINSG;Deutschland insgesamt;DG;Deutschland;UNTGR2;Unternehmensgröße;UNT-0001;Kleinstunternehmen;.;Anzahl;LGE002;Lohn- und Gehaltsempfänger in Vollzeiteinheiten;
48121;Statistik für kleine und mittlere Unternehmen;JAHR;Jahr;2017;DINSG;Deutschland insgesamt;DG;Deutschland;UNTGR2;Unternehmensgröße;UNT-0001;Kleinstunternehmen;79659;Mill. EUR;PAW002;Personalaufwendungen;e
48121;Statistik für kleine und mittlere Unternehmen;JAHR;Jahr;2017;DINSG;Deutschland insgesamt;DG;Deutschland;UNTGR2;Unternehmensgröße;UNT-0001;Kleinstunternehmen;.;Mill. EUR;PRO013;Produktionswert;
48121;Statistik für kleine und mittlere Unternehmen;JAHR;Jahr;2017;DINSG;Deutschland insgesamt;DG;Deutschland;UNTGR2;Unternehmensgröße;UNT-0001;Kleinstunternehmen;.;Mill. EUR;KAU007;Waren- und Dienstleistungskäufe;
48121;Statistik für kleine und mittlere Unternehmen;JAHR;Jahr;2017;DINSG;Deutschland insgesamt;DG;Deutschland;UNTGR2;Unternehmensgröße;UNT-0001;Kleinstunternehmen;193866;Mill. EUR;BWS003;Bruttowertschöpfung zu Faktorkosten;e
48121;Statistik für kleine und mittlere Unternehmen;JAHR;Jahr;2017;DINSG;Deutschland insgesamt;DG;Deutschland;UNTGR2;Unternehmensgröße;UNT-0001;Kleinstunternehmen;78580;EUR;UMS050;Umsatz je tätige Person;e
48121;Statistik für kleine und mittlere Unternehmen;JAHR;Jahr;2017;DINSG;Deutschland insgesamt;DG;Deutschland;UNTGR2;Unternehmensgröße;UNT-0001;Kleinstunternehmen;810107;Anzahl;UNT007;Unternehmen mit Investitionen;e
48121;Statistik für kleine und mittlere Unternehmen;JAHR;Jahr;2017;DINSG;Deutschland insgesamt;DG;Deutschland;UNTGR2;Unternehmensgröße;UNT-0001;Kleinstunternehmen;20778;EUR;BBU003;Bruttobetriebsüberschuss je tätige Person;e
48121;Statistik für kleine und mittlere Unternehmen;JAHR;Jahr;2017;DINSG;Deutschland insgesamt;DG;Deutschland;UNTGR2;Unternehmensgröße;UNT-0001;Kleinstunternehmen;114207;Mill. EUR;BBU001;Bruttobetriebsüberschuss;e
48121;Statistik für kleine und mittlere Unternehmen;JAHR;Jahr;2017;DINSG;Deutschland insgesamt;DG;Deutschland;UNTGR2;Unternehmensgröße;UNT-0001;Kleinstunternehmen;-;Mill. EUR;VRV001;Vorratsveränderungen bei Waren;
48121;Statistik für kleine und mittlere Unternehmen;JAHR;Jahr;2017;DINSG;Deutschland insgesamt;DG;Deutschland;UNTGR2;Unternehmensgröße;UNT-0001;Kleinstunternehmen;35270;EUR;BWS010;Bruttowertschöpf. zu Faktorkosten je tätige Person;e
48121;Statistik für kleine und mittlere Unternehmen;JAHR;Jahr;2017;DINSG;Deutschland insgesamt;DG;Deutschland;UNTGR2;Unternehmensgröße;UNT-0001;Kleinstunternehmen;.;Anzahl;UNT002;Unternehmen (EU);
48121;Statistik für kleine und mittlere Unternehmen;JAHR;Jahr;2021;DINSG;Deutschland insgesamt;DG;Deutschland;UNTGR2;Unternehmensgröße;UNT-0010;Kleine Unternehmen;-;Anzahl;UNT003;Unternehmen;
48121;Statistik für kleine und mittlere Unternehmen;JAHR;Jahr;2021;DINSG;Deutschland insgesamt;DG;Deutschland;UNTGR2;Unternehmensgröße;UNT-0010;Kleine Unternehmen;2146;Mill. EUR;AUFW05;Aufwendungen für Leiharbeitnehmer;e
48121;Statistik für kleine und mittlere Unternehmen;JAHR;Jahr;2021;DINSG;Deutschland insgesamt;DG;Deutschland;UNTGR2;Unternehmensgröße;UNT-0010;Kleine Unternehmen;203085;Mill. EUR;VST005;Bruttolöhne und -gehälter;e
48121;Statistik für kleine und mittlere Unternehmen;JAHR;Jahr;2021;DINSG;Deutschland insgesamt;DG;Deutschland;UNTGR2;Unternehmensgröße;UNT-0010;Kleine Unternehmen;58192;Mill. EUR;INV018;Bruttoinvestitionen in Sachanlagen;e
48121;Statistik für kleine und mittlere Unternehmen;JAHR;Jahr;2021;DINSG;Deutschland insgesamt;DG;Deutschland;UNTGR2;Unternehmensgröße;UNT-0010;Kleine Unternehmen;893345;Mill. EUR;UMS002;Umsatz;e
48121;Statistik für kleine und mittlere Unternehmen;JAHR;Jahr;2021;DINSG;Deutschland insgesamt;DG;Deutschland;UNTGR2;Unternehmensgröße;UNT-0010;Kleine Unternehmen;7405175;Anzahl;LGE001;Lohn- und Gehaltsempfänger;e
48121;Statistik für kleine und mittlere Unternehmen;JAHR;Jahr;2021;DINSG;Deutschland insgesamt;DG;Deutschland;UNTGR2;Unternehmensgröße;UNT-0010;Kleine Unternehmen;7413;EUR;INV023;Bruttoinvestitionen in Sachanl. je tätige Person;e
48121;Statistik für kleine und mittlere Unternehmen;JAHR;Jahr;2021;DINSG;Deutschland insgesamt;DG;Deutschland;UNTGR2;Unternehmensgröße;UNT-0010;Kleine Unternehmen;42876;Mill. EUR;KOS002;Kosten für Mieten und Pachten;e
48121;Statistik für kleine und mittlere Unternehmen;JAHR;Jahr;2021;DINSG;Deutschland insgesamt;DG;Deutschland;UNTGR2;Unternehmensgröße;UNT-0010;Kleine Unternehmen;31732;EUR;PAW008;Personalaufwendungen je tätige Person;e
48121;Statistik für kleine und mittlere Unternehmen;JAHR;Jahr;2021;DINSG;Deutschland insgesamt;DG;Deutschland;UNTGR2;Unternehmensgröße;UNT-0010;Kleine Unternehmen;217291;Mill. EUR;KAU008;Käufe v.Waren u.DL z.Wiederverk. i.unveränd. Zust.;e
48121;Statistik für kleine und mittlere Unternehmen;JAHR;Jahr;2021;DINSG;Deutschland insgesamt;DG;Deutschland;UNTGR2;Unternehmensgröße;UNT-0010;Kleine Unternehmen;7850334;Anzahl;PER005;Tätige Personen;e
48121;Statistik für kleine und mittlere Unternehmen;JAHR;Jahr;2021;DINSG;Deutschland insgesamt;DG;Deutschland;UNTGR2;Unternehmensgröße;UNT-0010;Kleine Unternehmen;46021;Mill. EUR;KOS026;Sozialversicherungskosten;e
48121;Statistik für kleine und mittlere Unternehmen;JAHR;Jahr;2021;DINSG;Deutschland insgesamt;DG;Deutschland;UNTGR2;Unternehmensgröße;UNT-0010;Kleine Unternehmen;6252214;Anzahl;LGE002;Lohn- und Gehaltsempfänger in Vollzeiteinheiten;e
48121;Statistik für kleine und mittlere Unternehmen;JAHR;Jahr;2021;DINSG;Deutschland insgesamt;DG;Deutschland;UNTGR2;Unternehmensgröße;UNT-0010;Kleine Unternehmen;249106;Mill. EUR;PAW002;Personalaufwendungen;e
48121;Statistik für kleine und mittlere Unternehmen;JAHR;Jahr;2021;DINSG;Deutschland insgesamt;DG;Deutschland;UNTGR2;Unternehmensgröße;UNT-0010;Kleine Unternehmen;709590;Mill. EUR;PRO013;Produktionswert;e
48121;Statistik für kleine und mittlere Unternehmen;JAHR;Jahr;2021;DINSG;Deutschland insgesamt;DG;Deutschland;UNTGR2;Unternehmensgröße;UNT-0010;Kleine Unternehmen;507286;Mill. EUR;KAU007;Waren- und Dienstleistungskäufe;e
48121;Statistik für kleine und mittlere Unternehmen;JAHR;Jahr;2021;DINSG;Deutschland insgesamt;DG;Deutschland;UNTGR2;Unternehmensgröße;UNT-0010;Kleine Unternehmen;420630;Mill. EUR;BWS003;Bruttowertschöpfung zu Faktorkosten;e
48121;Statistik für kleine und mittlere Unternehmen;JAHR;Jahr;2021;DINSG;Deutschland insgesamt;DG;Deutschland;UNTGR2;Unternehmensgröße;UNT-0010;Kleine Unternehmen;113797;EUR;UMS050;Umsatz je tätige Person;e
48121;Statistik für kleine und mittlere Unternehmen;JAHR;Jahr;2021;DINSG;Deutschland insgesamt;DG;Deutschland;UNTGR2;Unternehmensgröße;UNT-0010;Kleine Unternehmen;322055;Anzahl;UNT007;Unternehmen mit Investitionen;e
48121;Statistik für kleine und mittlere Unternehmen;JAHR;Jahr;2021;DINSG;Deutschland insgesamt;DG;Deutschland;UNTGR2;Unternehmensgröße;UNT-0010;Kleine Unternehmen;21849;EUR;BBU003;Bruttobetriebsüberschuss je tätige Person;e
48121;Statistik für kleine und mittlere Unternehmen;JAHR;Jahr;2021;DINSG;Deutschland insgesamt;DG;Deutschland;UNTGR2;Unternehmensgröße;UNT-0010;Kleine Unternehmen;171524;Mill. EUR;BBU001;Bruttobetriebsüberschuss;e
48121;Statistik für kleine und mittlere Unternehmen;JAHR;Jahr;2021;DINSG;Deutschland insgesamt;DG;Deutschland;UNTGR2;Unternehmensgröße;UNT-0010;Kleine Unternehmen;9897;Mill. EUR;VRV001;Vorratsveränderungen bei Waren;e
48121;Statistik für kleine und mittlere Unternehmen;JAHR;Jahr;2021;DINSG;Deutschland insgesamt;DG;Deutschland;UNTGR2;Unternehmensgröße;UNT-0010;Kleine Unternehmen;53581;EUR;BWS010;Bruttowertschöpf. zu Faktorkosten je tätige Person;e
48121;Statistik für kleine und mittlere Unternehmen;JAHR;Jahr;2021;DINSG;Deutschland insgesamt;DG;Deutschland;UNTGR2;Unternehmensgröße;UNT-0010;Kleine Unternehmen;458996;Anzahl;UNT002;Unternehmen (EU);e
48121;Statistik für kleine und mittlere Unternehmen;JAHR;Jahr;2015;DINSG;Deutschland insgesamt;DG;Deutschland;UNTGR2;Unternehmensgröße;;Insgesamt;2408192;Anzahl;UNT003;Unternehmen;e
48121;Statistik für kleine und mittlere Unternehmen;JAHR;Jahr;2015;DINSG;Deutschland insgesamt;DG;Deutschland;UNTGR2;Unternehmensgröße;;Insgesamt;.;Mill. EUR;AUFW05;Aufwendungen für Leiharbeitnehmer;
48121;Statistik für kleine und mittlere Unternehmen;JAHR;Jahr;2015;DINSG;Deutschland insgesamt;DG;Deutschland;UNTGR2;Unternehmensgröße;;Insgesamt;.;Mill. EUR;VST005;Bruttolöhne und -gehälter;
48121;Statistik für kleine und mittlere Unternehmen;JAHR;Jahr;2015;DINSG;Deutschland insgesamt;DG;Deutschland;UNTGR2;Unternehmensgröße;;Insgesamt;204188;Mill. EUR;INV018;Bruttoinvestitionen in Sachanlagen;e
48121;Statistik für kleine und mittlere Unternehmen;JAHR;Jahr;2015;DINSG;Deutschland insgesamt;DG;Deutschland;UNTGR2;Unternehmensgröße;;Insgesamt;6024251;Mill. EUR;UMS002;Umsatz;e
48121;Statistik für kleine und mittlere Unternehmen;JAHR;Jahr;2015;DINSG;Deutschland insgesamt;DG;Deutschland;UNTGR2;Unternehmensgröße;;Insgesamt;.;Anzahl;LGE001;Lohn- und Gehaltsempfänger;
48121;Statistik für kleine und mittlere Unternehmen;JAHR;Jahr;2015;DINSG;Deutschland insgesamt;DG;Deutschland;UNTGR2;Unternehmensgröße;;Insgesamt;7245;EUR;INV023;Bruttoinvestitionen in Sachanl. je tätige Person;e
48121;Statistik für kleine und mittlere Unternehmen;JAHR;Jahr;2015;DINSG;Deutschland insgesamt;DG;Deutschland;UNTGR2;Unternehmensgröße;;Insgesamt;-;Mill. EUR;KOS002;Kosten für Mieten und Pachten;
48121;Statistik für kleine und mittlere Unternehmen;JAHR;Jahr;2015;DINSG;Deutschland insgesamt;DG;Deutschland;UNTGR2;Unternehmensgröße;;Insgesamt;35550;EUR;PAW008;Personalaufwendungen je tätige Person;e
48121;Statistik für kleine und mittlere Unternehmen;JAHR;Jahr;2015;DINSG;Deutschland insgesamt;DG;Deutschland;UNTGR2;Unternehmensgröße;;Insgesamt;.;Mill. EUR;KAU008;Käufe v.Waren u.DL z.Wiederverk. i.unveränd. Zust.;
48121;Statistik für kleine und mittlere Unternehmen;JAHR;Jahr;2015;DINSG;Deutschland insgesamt;DG;Deutschland;UNTGR2;Unternehmensgröße;;Insgesamt;28182596;Anzahl;PER005;Tätige Personen;e
48121;Statistik für kleine und mittlere Unternehmen;JAHR;Jahr;2015;DINSG;Deutschland insgesamt;DG;Deutschland;UNTGR2;Unternehmensgröße;;Insgesamt;.;Mill. EUR;KOS026;Sozialversicherungskosten;
48121;Statistik für kleine und mittlere Unternehmen;JAHR;Jahr;2015;DINSG;Deutschland insgesamt;DG;Deutschland;UNTGR2;Unternehmensgröße;;Insgesamt;.;Anzahl;LGE002;Lohn- und Gehaltsempfänger in Vollzeiteinheiten;
48121;Statistik für kleine und mittlere Unternehmen;JAHR;Jahr;2015;DINSG;Deutschland insgesamt;DG;Deutschland;UNTGR2;Unternehmensgröße;;Insgesamt;1001903;Mill. EUR;PAW002;Personalaufwendungen;e
48121;Statistik für kleine und mittlere Unternehmen;JAHR;Jahr;2015;DINSG;Deutschland insgesamt;DG;Deutschland;UNTGR2;Unternehmensgröße;;Insgesamt;.;Mill. EUR;PRO013;Produktionswert;
48121;Statistik für kleine und mittlere Unternehmen;JAHR;Jahr;2015;DINSG;Deutschland insgesamt;DG;Deutschland;UNTGR2;Unternehmensgröße;;Insgesamt;.;Mill. EUR;KAU007;Waren- und Dienstleistungskäufe;
48121;Statistik für kleine und mittlere Unternehmen;JAHR;Jahr;2015;DINSG;Deutschland insgesamt;DG;Deutschland;UNTGR2;Unternehmensgröße;;Insgesamt;1559096;Mill. EUR;BWS003;Bruttowertschöpfung zu Faktorkosten;e
48121;Statistik für kleine und mittlere Unternehmen;JAHR;Jahr;2015;DINSG;Deutschland insgesamt;DG;Deutschland;UNTGR2;Unternehmensgröße;;Insgesamt;213758;EUR;UMS050;Umsatz je tätige Person;e
48121;Statistik für kleine und mittlere Unternehmen;JAHR;Jahr;2015;DINSG;Deutschland insgesamt;DG;Deutschland;UNTGR2;Unternehmensgröße;;Insgesamt;1151589;Anzahl;UNT007;Unternehmen mit Investitionen;e
48121;Statistik für kleine und mittlere Unternehmen;JAHR;Jahr;2015;DINSG;Deutschland insgesamt;DG;Deutschland;UNTGR2;Unternehmensgröße;;Insgesamt;19652;EUR;BBU003;Bruttobetriebsüberschuss je tätige Person;e
48121;Statistik für kleine und mittlere Unternehmen;JAHR;Jahr;2015;DINSG;Deutschland insgesamt;DG;Deutschland;UNTGR2;Unternehmensgröße;;Insgesamt;553832;Mill. EUR;BBU001;Bruttobetriebsüberschuss;e
48121;Statistik für kleine und mittlere Unternehmen;JAHR;Jahr;2015;DINSG;Deutschland insgesamt;DG;Deutschland;UNTGR2;Unternehmensgröße;;Insgesamt;-;Mill. EUR;VRV001;Vorratsveränderungen bei Waren;
48121;Statistik für kleine und mittlere Unternehmen;JAHR;Jahr;2015;DINSG;Deutschland insgesamt;DG;Deutschland;UNTGR2;Unternehmensgröße;;Insgesamt;55321;EUR;BWS010;Bruttowertschöpf. zu Faktorkosten je tätige Person;e
48121;Statistik für kleine und mittlere Unternehmen;JAHR;Jahr;2015;DINSG;Deutschland insgesamt;DG;Deutschland;UNTGR2;Unternehmensgröße;;Insgesamt;.;Anzahl;UNT002;Unternehmen (EU);
48121;Statistik für kleine und mittlere Unternehmen;JAHR;Jahr;2016;DINSG;Deutschland insgesamt;DG;Deutschland;UNTGR2;Unternehmensgröße;UNT-0100;Mittlere Unternehmen;72155;Anzahl;UNT003;Unternehmen;e
48121;Statistik für kleine und mittlere Unternehmen;JAHR;Jahr;2016;DINSG;Deutschland insgesamt;DG;Deutschland;UNTGR2;Unternehmensgröße;UNT-0100;Mittlere Unternehmen;.;Mill. EUR;AUFW05;Aufwendungen für Leiharbeitnehmer;
48121;Statistik für kleine und mittlere Unternehmen;JAHR;Jahr;2016;DINSG;Deutschland insgesamt;DG;Deutschland;UNTGR2;Unternehmensgröße;UNT-0100;Mittlere Unternehmen;.;Mill. EUR;VST005;Bruttolöhne und -gehälter;
48121;Statistik für kleine und mittlere Unternehmen;JAHR;Jahr;2016;DINSG;Deutschland insgesamt;DG;Deutschland;UNTGR2;Unternehmensgröße;UNT-0100;Mittlere Unternehmen;33791;Mill. EUR;INV018;Bruttoinvestitionen in Sachanlagen;e
48121;Statistik für kleine und mittlere Unternehmen;JAHR;Jahr;2016;DINSG;Deutschland insgesamt;DG;Deutschland;UNTGR2;Unternehmensgröße;UNT-0100;Mittlere Unternehmen;928176;Mill. EUR;UMS002;Umsatz;e
48121;Statistik für kleine und mittlere Unternehmen;JAHR;Jahr;2016;DINSG;Deutschland insgesamt;DG;Deutschland;UNTGR2;Unternehmensgröße;UNT-0100;Mittlere Unternehmen;.;Anzahl;LGE001;Lohn- und Gehaltsempfänger;
48121;Statistik für kleine und mittlere Unternehmen;JAHR;Jahr;2016;DINSG;Deutschland insgesamt;DG;Deutschland;UNTGR2;Unternehmensgröße;UNT-0100;Mittlere Unternehmen;6004;EUR;INV023;Bruttoinvestitionen in Sachanl. je tätige Person;e
48121;Statistik für kleine und mittlere Unternehmen;JAHR;Jahr;2016;DINSG;Deutschland insgesamt;DG;Deutschland;UNTGR2;Unternehmensgröße;UNT-0100;Mittlere Unternehmen;-;Mill. EUR;KOS002;Kosten für Mieten und Pachten;
48121;Statistik für kleine und mittlere Unternehmen;JAHR;Jahr;2016;DINSG;Deutschland insgesamt;DG;Deutschland;UNTGR2;Unternehmensgröße;UNT-0100;Mittlere Unternehmen;36666;EUR;PAW008;Personalaufwendungen je tätige Person;e
48121;Statistik für kleine und mittlere Unternehmen;JAHR;Jahr;2016;DINSG;Deutschland insgesamt;DG;Deutschland;UNTGR2;Unternehmensgröße;UNT-0100;Mittlere Unternehmen;.;Mill. EUR;KAU008;Käufe v.Waren u.DL z.Wiederverk. i.unveränd. Zust.;
48121;Statistik für kleine und mittlere Unternehmen;JAHR;Jahr;2016;DINSG;Deutschland insgesamt;DG;Deutschland;UNTGR2;Unternehmensgröße;UNT-0100;Mittlere Unternehmen;5627840;Anzahl;PER005;Tätige Personen;e
48121;Statistik für kleine und mittlere Unternehmen;JAHR;Jahr;2016;DINSG;Deutschland insgesamt;DG;Deutschland;UNTGR2;Unternehmensgröße;UNT-0100;Mittlere Unternehmen;.;Mill. EUR;KOS026;Sozialversicherungskosten;
48121;Statistik für kleine und mittlere Unternehmen;JAHR;Jahr;2016;DINSG;Deutschland insgesamt;DG;Deutschland;UNTGR2;Unternehmensgröße;UNT-0100;Mittlere Unternehmen;.;Anzahl;LGE002;Lohn- und Gehaltsempfänger in Vollzeiteinheiten;
48121;Statistik für kleine und mittlere Unternehmen;JAHR;Jahr;2016;DINSG;Deutschland insgesamt;DG;Deutschland;UNTGR2;Unternehmensgröße;UNT-0100;Mittlere Unternehmen;206351;Mill. EUR;PAW002;Personalaufwendungen;e
48121;Statistik für kleine und mittlere Unternehmen;JAHR;Jahr;2016;DINSG;Deutschland insgesamt;DG;Deutschland;UNTGR2;Unternehmensgröße;UNT-0100;Mittlere Unternehmen;.;Mill. EUR;PRO013;Produktionswert;
48121;Statistik für kleine und mittlere Unternehmen;JAHR;Jahr;2016;DINSG;Deutschland insgesamt;DG;Deutschland;UNTGR2;Unternehmensgröße;UNT-0100;Mittlere Unternehmen;.;Mill. EUR;KAU007;Waren- und Dienstleistungskäufe;
48121;Statistik für kleine und mittlere Unternehmen;JAHR;Jahr;2016;DINSG;Deutschland insgesamt;DG;Deutschland;UNTGR2;Unternehmensgröße;UNT-0100;Mittlere Unternehmen;306460;Mill. EUR;BWS003;Bruttowertschöpfung zu Faktorkosten;e
48121;Statistik für kleine und mittlere Unternehmen;JAHR;Jahr;2016;DINSG;Deutschland insgesamt;DG;Deutschland;UNTGR2;Unternehmensgröße;UNT-0100;Mittlere Unternehmen;164926;EUR;UMS050;Umsatz je tätige Person;e
48121;Statistik für kleine und mittlere Unternehmen;JAHR;Jahr;2016;DINSG;Deutschland insgesamt;DG;Deutschland;UNTGR2;Unternehmensgröße;UNT-0100;Mittlere Unternehmen;59899;Anzahl;UNT007;Unternehmen mit Investitionen;e
48121;Statistik für kleine und mittlere Unternehmen;JAHR;Jahr;2016;DINSG;Deutschland insgesamt;DG;Deutschland;UNTGR2;Unternehmensgröße;UNT-0100;Mittlere Unternehmen;17788;EUR;BBU003;Bruttobetriebsüberschuss je tätige Person;e
48121;Statistik für kleine und mittlere Unternehmen;JAHR;Jahr;2016;DINSG;Deutschland insgesamt;DG;Deutschland;UNTGR2;Unternehmensgröße;UNT-0100;Mittlere Unternehmen;100109;Mill. EUR;BBU001;Bruttobetriebsüberschuss;e
48121;Statistik für kleine und mittlere Unternehmen;JAHR;Jahr;2016;DINSG;Deutschland insgesamt;DG;Deutschland;UNTGR2;Unternehmensgröße;UNT-0100;Mittlere Unternehmen;-;Mill. EUR;VRV001;Vorratsveränderungen bei Waren;
48121;Statistik für kleine und mittlere Unternehmen;JAHR;Jahr;2016;DINSG;Deutschland insgesamt;DG;Deutschland;UNTGR2;Unternehmensgröße;UNT-0100;Mittlere Unternehmen;54454;EUR;BWS010;Bruttowertschöpf. zu Faktorkosten je tätige Person;e
48121;Statistik für kleine und mittlere Unternehmen;JAHR;Jahr;2016;DINSG;Deutschland insgesamt;DG;Deutschland;UNTGR2;Unternehmensgröße;UNT-0100;Mittlere Unternehmen;.;Anzahl;UNT002;Unternehmen (EU);
48121;Statistik für kleine und mittlere Unternehmen;JAHR;Jahr;2008;DINSG;Deutschland insgesamt;DG;Deutschland;UNTGR2;Unternehmensgröße;;Insgesamt;1876986;Anzahl;UNT003;Unternehmen;e
48121;Statistik für kleine und mittlere Unternehmen;JAHR;Jahr;2008;DINSG;Deutschland insgesamt;DG;Deutschland;UNTGR2;Unternehmensgröße;;Insgesamt;.;Mill. EUR;AUFW05;Aufwendungen für Leiharbeitnehmer;
48121;Statistik für kleine und mittlere Unternehmen;JAHR;Jahr;2008;DINSG;Deutschland insgesamt;DG;Deutschland;UNTGR2;Unternehmensgröße;;Insgesamt;.;Mill. EUR;VST005;Bruttolöhne und -gehälter;
48121;Statistik für kleine und mittlere Unternehmen;JAHR;Jahr;2008;DINSG;Deutschland insgesamt;DG;Deutschland;UNTGR2;Unternehmensgröße;;Insgesamt;197002;Mill. EUR;INV018;Bruttoinvestitionen in Sachanlagen;e
48121;Statistik für kleine und mittlere Unternehmen;JAHR;Jahr;2008;DINSG;Deutschland insgesamt;DG;Deutschland;UNTGR2;Unternehmensgröße;;Insgesamt;4932472;Mill. EUR;UMS002;Umsatz;e
48121;Statistik für kleine und mittlere Unternehmen;JAHR;Jahr;2008;DINSG;Deutschland insgesamt;DG;Deutschland;UNTGR2;Unternehmensgröße;;Insgesamt;.;Anzahl;LGE001;Lohn- und Gehaltsempfänger;
48121;Statistik für kleine und mittlere Unternehmen;JAHR;Jahr;2008;DINSG;Deutschland insgesamt;DG;Deutschland;UNTGR2;Unternehmensgröße;;Insgesamt;8489;EUR;INV023;Bruttoinvestitionen in Sachanl. je tätige Person;e
48121;Statistik für kleine und mittlere Unternehmen;JAHR;Jahr;2008;DINSG;Deutschland insgesamt;DG;Deutschland;UNTGR2;Unternehmensgröße;;Insgesamt;.;Mill. EUR;KOS002;Kosten für Mieten und Pachten;
48121;Statistik für kleine und mittlere Unternehmen;JAHR;Jahr;2008;DINSG;Deutschland insgesamt;DG;Deutschland;UNTGR2;Unternehmensgröße;;Insgesamt;-;EUR;PAW008;Personalaufwendungen je tätige Person;
48121;Statistik für kleine und mittlere Unternehmen;JAHR;Jahr;2008;DINSG;Deutschland insgesamt;DG;Deutschland;UNTGR2;Unternehmensgröße;;Insgesamt;.;Mill. EUR;KAU008;Käufe v.Waren u.DL z.Wiederverk. i.unveränd. Zust.;
48121;Statistik für kleine und mittlere Unternehmen;JAHR;Jahr;2008;DINSG;Deutschland insgesamt;DG;Deutschland;UNTGR2;Unternehmensgröße;;Insgesamt;23206349;Anzahl;PER005;Tätige Personen;e
48121;Statistik für kleine und mittlere Unternehmen;JAHR;Jahr;2008;DINSG;Deutschland insgesamt;DG;Deutschland;UNTGR2;Unternehmensgröße;;Insgesamt;.;Mill. EUR;KOS026;Sozialversicherungskosten;
48121;Statistik für kleine und mittlere Unternehmen;JAHR;Jahr;2008;DINSG;Deutschland insgesamt;DG;Deutschland;UNTGR2;Unternehmensgröße;;Insgesamt;.;Anzahl;LGE002;Lohn- und Gehaltsempfänger in Vollzeiteinheiten;
48121;Statistik für kleine und mittlere Unternehmen;JAHR;Jahr;2008;DINSG;Deutschland insgesamt;DG;Deutschland;UNTGR2;Unternehmensgröße;;Insgesamt;-;Mill. EUR;PAW002;Personalaufwendungen;
48121;Statistik für kleine und mittlere Unternehmen;JAHR;Jahr;2008;DINSG;Deutschland insgesamt;DG;Deutschland;UNTGR2;Unternehmensgröße;;Insgesamt;.;Mill. EUR;PRO013;Produktionswert;
48121;Statistik für kleine und mittlere Unternehmen;JAHR;Jahr;2008;DINSG;Deutschland insgesamt;DG;Deutschland;UNTGR2;Unternehmensgröße;;Insgesamt;.;Mill. EUR;KAU007;Waren- und Dienstleistungskäufe;
48121;Statistik für kleine und mittlere Unternehmen;JAHR;Jahr;2008;DINSG;Deutschland insgesamt;DG;Deutschland;UNTGR2;Unternehmensgröße;;Insgesamt;1287605;Mill. EUR;BWS003;Bruttowertschöpfung zu Faktorkosten;e
48121;Statistik für kleine und mittlere Unternehmen;JAHR;Jahr;2008;DINSG;Deutschland insgesamt;DG;Deutschland;UNTGR2;Unternehmensgröße;;Insgesamt;212548;EUR;UMS050;Umsatz je tätige Person;e
48121;Statistik für kleine und mittlere Unternehmen;JAHR;Jahr;2008;DINSG;Deutschland insgesamt;DG;Deutschland;UNTGR2;Unternehmensgröße;;Insgesamt;843188;Anzahl;UNT007;Unternehmen mit Investitionen;e
48121;Statistik für kleine und mittlere Unternehmen;JAHR;Jahr;2008;DINSG;Deutschland insgesamt;DG;Deutschland;UNTGR2;Unternehmensgröße;;Insgesamt;-;EUR;BBU003;Bruttobetriebsüberschuss je tätige Person;
48121;Statistik für kleine und mittlere Unternehmen;JAHR;Jahr;2008;DINSG;Deutschland insgesamt;DG;Deutschland;UNTGR2;Unternehmensgröße;;Insgesamt;-;Mill. EUR;BBU001;Bruttobetriebsüberschuss;
48121;Statistik für kleine und mittlere Unternehmen;JAHR;Jahr;2008;DINSG;Deutschland insgesamt;DG;Deutschland;UNTGR2;Unternehmensgröße;;Insgesamt;.;Mill. EUR;VRV001;Vorratsveränderungen bei Waren;
48121;Statistik für kleine und mittlere Unternehmen;JAHR;Jahr;2008;DINSG;Deutschland insgesamt;DG;Deutschland;UNTGR2;Unternehmensgröße;;Insgesamt;55485;EUR;BWS010;Bruttowertschöpf. zu Faktorkosten je tätige Person;e
48121;Statistik für kleine und mittlere Unternehmen;JAHR;Jahr;2008;DINSG;Deutschland insgesamt;DG;Deutschland;UNTGR2;Unternehmensgröße;;Insgesamt;.;Anzahl;UNT002;Unternehmen (EU);
48121;Statistik für kleine und mittlere Unternehmen;JAHR;Jahr;2011;DINSG;Deutschland insgesamt;DG;Deutschland;UNTGR2;Unternehmensgröße;UNT-0001;Kleinstunternehmen;1732573;Anzahl;UNT003;Unternehmen;e
48121;Statistik für kleine und mittlere Unternehmen;JAHR;Jahr;2011;DINSG;Deutschland insgesamt;DG;Deutschland;UNTGR2;Unternehmensgröße;UNT-0001;Kleinstunternehmen;.;Mill. EUR;AUFW05;Aufwendungen für Leiharbeitnehmer;
48121;Statistik für kleine und mittlere Unternehmen;JAHR;Jahr;2011;DINSG;Deutschland insgesamt;DG;Deutschland;UNTGR2;Unternehmensgröße;UNT-0001;Kleinstunternehmen;.;Mill. EUR;VST005;Bruttolöhne und -gehälter;
48121;Statistik für kleine und mittlere Unternehmen;JAHR;Jahr;2011;DINSG;Deutschland insgesamt;DG;Deutschland;UNTGR2;Unternehmensgröße;UNT-0001;Kleinstunternehmen;21769;Mill. EUR;INV018;Bruttoinvestitionen in Sachanlagen;e
48121;Statistik für kleine und mittlere Unternehmen;JAHR;Jahr;2011;DINSG;Deutschland insgesamt;DG;Deutschland;UNTGR2;Unternehmensgröße;UNT-0001;Kleinstunternehmen;347543;Mill. EUR;UMS002;Umsatz;e
48121;Statistik für kleine und mittlere Unternehmen;JAHR;Jahr;2011;DINSG;Deutschland insgesamt;DG;Deutschland;UNTGR2;Unternehmensgröße;UNT-0001;Kleinstunternehmen;.;Anzahl;LGE001;Lohn- und Gehaltsempfänger;
48121;Statistik für kleine und mittlere Unternehmen;JAHR;Jahr;2011;DINSG;Deutschland insgesamt;DG;Deutschland;UNTGR2;Unternehmensgröße;UNT-0001;Kleinstunternehmen;4613;EUR;INV023;Bruttoinvestitionen in Sachanl. je tätige Person;e
48121;Statistik für kleine und mittlere Unternehmen;JAHR;Jahr;2011;DINSG;Deutschland insgesamt;DG;Deutschland;UNTGR2;Unternehmensgröße;UNT-0001;Kleinstunternehmen;-;Mill. EUR;KOS002;Kosten für Mieten und Pachten;
48121;Statistik für kleine und mittlere Unternehmen;JAHR;Jahr;2011;DINSG;Deutschland insgesamt;DG;Deutschland;UNTGR2;Unternehmensgröße;UNT-0001;Kleinstunternehmen;-;EUR;PAW008;Personalaufwendungen je tätige Person;
48121;Statistik für kleine und mittlere Unternehmen;JAHR;Jahr;2011;DINSG;Deutschland insgesamt;DG;Deutschland;UNTGR2;Unternehmensgröße;UNT-0001;Kleinstunternehmen;.;Mill. EUR;KAU008;Käufe v.Waren u.DL z.Wiederverk. i.unveränd. Zust.;
48121;Statistik für kleine und mittlere Unternehmen;JAHR;Jahr;2011;DINSG;Deutschland insgesamt;DG;Deutschland;UNTGR2;Unternehmensgröße;UNT-0001;Kleinstunternehmen;4719481;Anzahl;PER005;Tätige Personen;e
48121;Statistik für kleine und mittlere Unternehmen;JAHR;Jahr;2011;DINSG;Deutschland insgesamt;DG;Deutschland;UNTGR2;Unternehmensgröße;UNT-0001;Kleinstunternehmen;.;Mill. EUR;KOS026;Sozialversicherungskosten;
48121;Statistik für kleine und mittlere Unternehmen;JAHR;Jahr;2011;DINSG;Deutschland insgesamt;DG;Deutschland;UNTGR2;Unternehmensgröße;UNT-0001;Kleinstunternehmen;.;Anzahl;LGE002;Lohn- und Gehaltsempfänger in Vollzeiteinheiten;
48121;Statistik für kleine und mittlere Unternehmen;JAHR;Jahr;2011;DINSG;Deutschland insgesamt;DG;Deutschland;UNTGR2;Unternehmensgröße;UNT-0001;Kleinstunternehmen;-;Mill. EUR;PAW002;Personalaufwendungen;
48121;Statistik für kleine und mittlere Unternehmen;JAHR;Jahr;2011;DINSG;Deutschland insgesamt;DG;Deutschland;UNTGR2;Unternehmensgröße;UNT-0001;Kleinstunternehmen;.;Mill. EUR;PRO013;Produktionswert;
48121;Statistik für kleine und mittlere Unternehmen;JAHR;Jahr;2011;DINSG;Deutschland insgesamt;DG;Deutschland;UNTGR2;Unternehmensgröße;UNT-0001;Kleinstunternehmen;.;Mill. EUR;KAU007;Waren- und Dienstleistungskäufe;
48121;Statistik für kleine und mittlere Unternehmen;JAHR;Jahr;2011;DINSG;Deutschland insgesamt;DG;Deutschland;UNTGR2;Unternehmensgröße;UNT-0001;Kleinstunternehmen;155670;Mill. EUR;BWS003;Bruttowertschöpfung zu Faktorkosten;e
48121;Statistik für kleine und mittlere Unternehmen;JAHR;Jahr;2011;DINSG;Deutschland insgesamt;DG;Deutschland;UNTGR2;Unternehmensgröße;UNT-0001;Kleinstunternehmen;73640;EUR;UMS050;Umsatz je tätige Person;e
48121;Statistik für kleine und mittlere Unternehmen;JAHR;Jahr;2011;DINSG;Deutschland insgesamt;DG;Deutschland;UNTGR2;Unternehmensgröße;UNT-0001;Kleinstunternehmen;701525;Anzahl;UNT007;Unternehmen mit Investitionen;e
48121;Statistik für kleine und mittlere Unternehmen;JAHR;Jahr;2011;DINSG;Deutschland insgesamt;DG;Deutschland;UNTGR2;Unternehmensgröße;UNT-0001;Kleinstunternehmen;-;EUR;BBU003;Bruttobetriebsüberschuss je tätige Person;
48121;Statistik für kleine und mittlere Unternehmen;JAHR;Jahr;2011;DINSG;Deutschland insgesamt;DG;Deutschland;UNTGR2;Unternehmensgröße;UNT-0001;Kleinstunternehmen;-;Mill. EUR;BBU001;Bruttobetriebsüberschuss;
48121;Statistik für kleine und mittlere Unternehmen;JAHR;Jahr;2011;DINSG;Deutschland insgesamt;DG;Deutschland;UNTGR2;Unternehmensgröße;UNT-0001;Kleinstunternehmen;-;Mill. EUR;VRV001;Vorratsveränderungen bei Waren;
48121;Statistik für kleine und mittlere Unternehmen;JAHR;Jahr;2011;DINSG;Deutschland insgesamt;DG;Deutschland;UNTGR2;Unternehmensgröße;UNT-0001;Kleinstunternehmen;32985;EUR;BWS010;Bruttowertschöpf. zu Faktorkosten je tätige Person;e
48121;Statistik für kleine und mittlere Unternehmen;JAHR;Jahr;2011;DINSG;Deutschland insgesamt;DG;Deutschland;UNTGR2;Unternehmensgröße;UNT-0001;Kleinstunternehmen;.;Anzahl;UNT002;Unternehmen (EU);
48121;Statistik für kleine und mittlere Unternehmen;JAHR;Jahr;2010;DINSG;Deutschland insgesamt;DG;Deutschland;UNTGR2;Unternehmensgröße;UNT-0100;Mittlere Unternehmen;63553;Anzahl;UNT003;Unternehmen;e
48121;Statistik für kleine und mittlere Unternehmen;JAHR;Jahr;2010;DINSG;Deutschland insgesamt;DG;Deutschland;UNTGR2;Unternehmensgröße;UNT-0100;Mittlere Unternehmen;.;Mill. EUR;AUFW05;Aufwendungen für Leiharbeitnehmer;
48121;Statistik für kleine und mittlere Unternehmen;JAHR;Jahr;2010;DINSG;Deutschland insgesamt;DG;Deutschland;UNTGR2;Unternehmensgröße;UNT-0100;Mittlere Unternehmen;.;Mill. EUR;VST005;Bruttolöhne und -gehälter;
48121;Statistik für kleine und mittlere Unternehmen;JAHR;Jahr;2010;DINSG;Deutschland insgesamt;DG;Deutschland;UNTGR2;Unternehmensgröße;UNT-0100;Mittlere Unternehmen;27197;Mill. EUR;INV018;Bruttoinvestitionen in Sachanlagen;e
48121;Statistik für kleine und mittlere Unternehmen;JAHR;Jahr;2010;DINSG;Deutschland insgesamt;DG;Deutschland;UNTGR2;Unternehmensgröße;UNT-0100;Mittlere Unternehmen;810462;Mill. EUR;UMS002;Umsatz;e
48121;Statistik für kleine und mittlere Unternehmen;JAHR;Jahr;2010;DINSG;Deutschland insgesamt;DG;Deutschland;UNTGR2;Unternehmensgröße;UNT-0100;Mittlere Unternehmen;.;Anzahl;LGE001;Lohn- und Gehaltsempfänger;
48121;Statistik für kleine und mittlere Unternehmen;JAHR;Jahr;2010;DINSG;Deutschland insgesamt;DG;Deutschland;UNTGR2;Unternehmensgröße;UNT-0100;Mittlere Unternehmen;5480;EUR;INV023;Bruttoinvestitionen in Sachanl. je tätige Person;e
48121;Statistik für kleine und mittlere Unternehmen;JAHR;Jahr;2010;DINSG;Deutschland insgesamt;DG;Deutschland;UNTGR2;Unternehmensgröße;UNT-0100;Mittlere Unternehmen;-;Mill. EUR;KOS002;Kosten für Mieten und Pachten;
48121;Statistik für kleine und mittlere Unternehmen;JAHR;Jahr;2010;DINSG;Deutschland insgesamt;DG;Deutschland;UNTGR2;Unternehmensgröße;UNT-0100;Mittlere Unternehmen;-;EUR;PAW008;Personalaufwendungen je tätige Person;
48121;Statistik für kleine und mittlere Unternehmen;JAHR;Jahr;2010;DINSG;Deutschland insgesamt;DG;Deutschland;UNTGR2;Unternehmensgröße;UNT-0100;Mittlere Unternehmen;.;Mill. EUR;KAU008;Käufe v.Waren u.DL z.Wiederverk. i.unveränd. Zust.;
48121;Statistik für kleine und mittlere Unternehmen;JAHR;Jahr;2010;DINSG;Deutschland insgesamt;DG;Deutschland;UNTGR2;Unternehmensgröße;UNT-0100;Mittlere Unternehmen;4963209;Anzahl;PER005;Tätige Personen;e
48121;Statistik für kleine und mittlere Unternehmen;JAHR;Jahr;2010;DINSG;Deutschland insgesamt;DG;Deutschland;UNTGR2;Unternehmensgröße;UNT-0100;Mittlere Unternehmen;.;Mill. EUR;KOS026;Sozialversicherungskosten;
48121;Statistik für kleine und mittlere Unternehmen;JAHR;Jahr;2010;DINSG;Deutschland insgesamt;DG;Deutschland;UNTGR2;Unternehmensgröße;UNT-0100;Mittlere Unternehmen;.;Anzahl;LGE002;Lohn- und Gehaltsempfänger in Vollzeiteinheiten;
48121;Statistik für kleine und mittlere Unternehmen;JAHR;Jahr;2010;DINSG;Deutschland insgesamt;DG;Deutschland;UNTGR2;Unternehmensgröße;UNT-0100;Mittlere Unternehmen;-;Mill. EUR;PAW002;Personalaufwendungen;
48121;Statistik für kleine und mittlere Unternehmen;JAHR;Jahr;2010;DINSG;Deutschland insgesamt;DG;Deutschland;UNTGR2;Unternehmensgröße;UNT-0100;Mittlere Unternehmen;.;Mill. EUR;PRO013;Produktionswert;
48121;Statistik für kleine und mittlere Unternehmen;JAHR;Jahr;2010;DINSG;Deutschland insgesamt;DG;Deutschland;UNTGR2;Unternehmensgröße;UNT-0100;Mittlere Unternehmen;.;Mill. EUR;KAU007;Waren- und Dienstleistungskäufe;
48121;Statistik für kleine und mittlere Unternehmen;JAHR;Jahr;2010;DINSG;Deutschland insgesamt;DG;Deutschland;UNTGR2;Unternehmensgröße;UNT-0100;Mittlere Unternehmen;244080;Mill. EUR;BWS003;Bruttowertschöpfung zu Faktorkosten;e
48121;Statistik für kleine und mittlere Unternehmen;JAHR;Jahr;2010;DINSG;Deutschland insgesamt;DG;Deutschland;UNTGR2;Unternehmensgröße;UNT-0100;Mittlere Unternehmen;163294;EUR;UMS050;Umsatz je tätige Person;e
48121;Statistik für kleine und mittlere Unternehmen;JAHR;Jahr;2010;DINSG;Deutschland insgesamt;DG;Deutschland;UNTGR2;Unternehmensgröße;UNT-0100;Mittlere Unternehmen;52462;Anzahl;UNT007;Unternehmen mit Investitionen;e
48121;Statistik für kleine und mittlere Unternehmen;JAHR;Jahr;2010;DINSG;Deutschland insgesamt;DG;Deutschland;UNTGR2;Unternehmensgröße;UNT-0100;Mittlere Unternehmen;-;EUR;BBU003;Bruttobetriebsüberschuss je tätige Person;
48121;Statistik für kleine und mittlere Unternehmen;JAHR;Jahr;2010;DINSG;Deutschland insgesamt;DG;Deutschland;UNTGR2;Unternehmensgröße;UNT-0100;Mittlere Unternehmen;-;Mill. EUR;BBU001;Bruttobetriebsüberschuss;
48121;Statistik für kleine und mittlere Unternehmen;JAHR;Jahr;2010;DINSG;Deutschland insgesamt;DG;Deutschland;UNTGR2;Unternehmensgröße;UNT-0100;Mittlere Unternehmen;-;Mill. EUR;VRV001;Vorratsveränderungen bei Waren;
48121;Statistik für kleine und mittlere Unternehmen;JAHR;Jahr;2010;DINSG;Deutschland insgesamt;DG;Deutschland;UNTGR2;Unternehmensgröße;UNT-0100;Mittlere Unternehmen;49178;EUR;BWS010;Bruttowertschöpf. zu Faktorkosten je tätige Person;e
48121;Statistik für kleine und mittlere Unternehmen;JAHR;Jahr;2010;DINSG;Deutschland insgesamt;DG;Deutschland;UNTGR2;Unternehmensgröße;UNT-0100;Mittlere Unternehmen;.;Anzahl;UNT002;Unternehmen (EU);
48121;Statistik für kleine und mittlere Unternehmen;JAHR;Jahr;2008;DINSG;Deutschland insgesamt;DG;Deutschland;UNTGR2;Unternehmensgröße;UNT-0010;Kleine Unternehmen;280082;Anzahl;UNT003;Unternehmen;e
48121;Statistik für kleine und mittlere Unternehmen;JAHR;Jahr;2008;DINSG;Deutschland insgesamt;DG;Deutschland;UNTGR2;Unternehmensgröße;UNT-0010;Kleine Unternehmen;.;Mill. EUR;AUFW05;Aufwendungen für Leiharbeitnehmer;
48121;Statistik für kleine und mittlere Unternehmen;JAHR;Jahr;2008;DINSG;Deutschland insgesamt;DG;Deutschland;UNTGR2;Unternehmensgröße;UNT-0010;Kleine Unternehmen;.;Mill. EUR;VST005;Bruttolöhne und -gehälter;
48121;Statistik für kleine und mittlere Unternehmen;JAHR;Jahr;2008;DINSG;Deutschland insgesamt;DG;Deutschland;UNTGR2;Unternehmensgröße;UNT-0010;Kleine Unternehmen;30804;Mill. EUR;INV018;Bruttoinvestitionen in Sachanlagen;e
48121;Statistik für kleine und mittlere Unternehmen;JAHR;Jahr;2008;DINSG;Deutschland insgesamt;DG;Deutschland;UNTGR2;Unternehmensgröße;UNT-0010;Kleine Unternehmen;558036;Mill. EUR;UMS002;Umsatz;e
48121;Statistik für kleine und mittlere Unternehmen;JAHR;Jahr;2008;DINSG;Deutschland insgesamt;DG;Deutschland;UNTGR2;Unternehmensgröße;UNT-0010;Kleine Unternehmen;.;Anzahl;LGE001;Lohn- und Gehaltsempfänger;
48121;Statistik für kleine und mittlere Unternehmen;JAHR;Jahr;2008;DINSG;Deutschland insgesamt;DG;Deutschland;UNTGR2;Unternehmensgröße;UNT-0010;Kleine Unternehmen;6321;EUR;INV023;Bruttoinvestitionen in Sachanl. je tätige Person;e
48121;Statistik für kleine und mittlere Unternehmen;JAHR;Jahr;2008;DINSG;Deutschland insgesamt;DG;Deutschland;UNTGR2;Unternehmensgröße;UNT-0010;Kleine Unternehmen;-;Mill. EUR;KOS002;Kosten für Mieten und Pachten;
48121;Statistik für kleine und mittlere Unternehmen;JAHR;Jahr;2008;DINSG;Deutschland insgesamt;DG;Deutschland;UNTGR2;Unternehmensgröße;UNT-0010;Kleine Unternehmen;-;EUR;PAW008;Personalaufwendungen je tätige Person;
48121;Statistik für kleine und mittlere Unternehmen;JAHR;Jahr;2008;DINSG;Deutschland insgesamt;DG;Deutschland;UNTGR2;Unternehmensgröße;UNT-0010;Kleine Unternehmen;.;Mill. EUR;KAU008;Käufe v.Waren u.DL z.Wiederverk. i.unveränd. Zust.;
48121;Statistik für kleine und mittlere Unternehmen;JAHR;Jahr;2008;DINSG;Deutschland insgesamt;DG;Deutschland;UNTGR2;Unternehmensgröße;UNT-0010;Kleine Unternehmen;4873652;Anzahl;PER005;Tätige Personen;e
48121;Statistik für kleine und mittlere Unternehmen;JAHR;Jahr;2008;DINSG;Deutschland insgesamt;DG;Deutschland;UNTGR2;Unternehmensgröße;UNT-0010;Kleine Unternehmen;.;Mill. EUR;KOS026;Sozialversicherungskosten;
48121;Statistik für kleine und mittlere Unternehmen;JAHR;Jahr;2008;DINSG;Deutschland insgesamt;DG;Deutschland;UNTGR2;Unternehmensgröße;UNT-0010;Kleine Unternehmen;.;Anzahl;LGE002;Lohn- und Gehaltsempfänger in Vollzeiteinheiten;
48121;Statistik für kleine und mittlere Unternehmen;JAHR;Jahr;2008;DINSG;Deutschland insgesamt;DG;Deutschland;UNTGR2;Unternehmensgröße;UNT-0010;Kleine Unternehmen;-;Mill. EUR;PAW002;Personalaufwendungen;
48121;Statistik für kleine und mittlere Unternehmen;JAHR;Jahr;2008;DINSG;Deutschland insgesamt;DG;Deutschland;UNTGR2;Unternehmensgröße;UNT-0010;Kleine Unternehmen;.;Mill. EUR;PRO013;Produktionswert;
48121;Statistik für kleine und mittlere Unternehmen;JAHR;Jahr;2008;DINSG;Deutschland insgesamt;DG;Deutschland;UNTGR2;Unternehmensgröße;UNT-0010;Kleine Unternehmen;.;Mill. EUR;KAU007;Waren- und Dienstleistungskäufe;
48121;Statistik für kleine und mittlere Unternehmen;JAHR;Jahr;2008;DINSG;Deutschland insgesamt;DG;Deutschland;UNTGR2;Unternehmensgröße;UNT-0010;Kleine Unternehmen;215365;Mill. EUR;BWS003;Bruttowertschöpfung zu Faktorkosten;e
48121;Statistik für kleine und mittlere Unternehmen;JAHR;Jahr;2008;DINSG;Deutschland insgesamt;DG;Deutschland;UNTGR2;Unternehmensgröße;UNT-0010;Kleine Unternehmen;114501;EUR;UMS050;Umsatz je tätige Person;e
48121;Statistik für kleine und mittlere Unternehmen;JAHR;Jahr;2008;DINSG;Deutschland insgesamt;DG;Deutschland;UNTGR2;Unternehmensgröße;UNT-0010;Kleine Unternehmen;200143;Anzahl;UNT007;Unternehmen mit Investitionen;e
48121;Statistik für kleine und mittlere Unternehmen;JAHR;Jahr;2008;DINSG;Deutschland insgesamt;DG;Deutschland;UNTGR2;Unternehmensgröße;UNT-0010;Kleine Unternehmen;-;EUR;BBU003;Bruttobetriebsüberschuss je tätige Person;
48121;Statistik für kleine und mittlere Unternehmen;JAHR;Jahr;2008;DINSG;Deutschland insgesamt;DG;Deutschland;UNTGR2;Unternehmensgröße;UNT-0010;Kleine Unternehmen;-;Mill. EUR;BBU001;Bruttobetriebsüberschuss;
48121;Statistik für kleine und mittlere Unternehmen;JAHR;Jahr;2008;DINSG;Deutschland insgesamt;DG;Deutschland;UNTGR2;Unternehmensgröße;UNT-0010;Kleine Unternehmen;-;Mill. EUR;VRV001;Vorratsveränderungen bei Waren;
48121;Statistik für kleine und mittlere Unternehmen;JAHR;Jahr;2008;DINSG;Deutschland insgesamt;DG;Deutschland;UNTGR2;Unternehmensgröße;UNT-0010;Kleine Unternehmen;44190;EUR;BWS010;Bruttowertschöpf. zu Faktorkosten je tätige Person;e
48121;Statistik für kleine und mittlere Unternehmen;JAHR;Jahr;2008;DINSG;Deutschland insgesamt;DG;Deutschland;UNTGR2;Unternehmensgröße;UNT-0010;Kleine Unternehmen;.;Anzahl;UNT002;Unternehmen (EU);
48121;Statistik für kleine und mittlere Unternehmen;JAHR;Jahr;2020;DINSG;Deutschland insgesamt;DG;Deutschland;UNTGR2;Unternehmensgröße;UNT-1000;Großunternehmen;-;Anzahl;UNT003;Unternehmen;
48121;Statistik für kleine und mittlere Unternehmen;JAHR;Jahr;2020;DINSG;Deutschland insgesamt;DG;Deutschland;UNTGR2;Unternehmensgröße;UNT-1000;Großunternehmen;20794;Mill. EUR;AUFW05;Aufwendungen für Leiharbeitnehmer;e
48121;Statistik für kleine und mittlere Unternehmen;JAHR;Jahr;2020;DINSG;Deutschland insgesamt;DG;Deutschland;UNTGR2;Unternehmensgröße;UNT-1000;Großunternehmen;599029;Mill. EUR;VST005;Bruttolöhne und -gehälter;e
48121;Statistik für kleine und mittlere Unternehmen;JAHR;Jahr;2020;DINSG;Deutschland insgesamt;DG;Deutschland;UNTGR2;Unternehmensgröße;UNT-1000;Großunternehmen;176337;Mill. EUR;INV018;Bruttoinvestitionen in Sachanlagen;e
48121;Statistik für kleine und mittlere Unternehmen;JAHR;Jahr;2020;DINSG;Deutschland insgesamt;DG;Deutschland;UNTGR2;Unternehmensgröße;UNT-1000;Großunternehmen;4672955;Mill. EUR;UMS002;Umsatz;e
48121;Statistik für kleine und mittlere Unternehmen;JAHR;Jahr;2020;DINSG;Deutschland insgesamt;DG;Deutschland;UNTGR2;Unternehmensgröße;UNT-1000;Großunternehmen;13166904;Anzahl;LGE001;Lohn- und Gehaltsempfänger;e
48121;Statistik für kleine und mittlere Unternehmen;JAHR;Jahr;2020;DINSG;Deutschland insgesamt;DG;Deutschland;UNTGR2;Unternehmensgröße;UNT-1000;Großunternehmen;13352;EUR;INV023;Bruttoinvestitionen in Sachanl. je tätige Person;e
48121;Statistik für kleine und mittlere Unternehmen;JAHR;Jahr;2020;DINSG;Deutschland insgesamt;DG;Deutschland;UNTGR2;Unternehmensgröße;UNT-1000;Großunternehmen;-;Mill. EUR;KOS002;Kosten für Mieten und Pachten;
48121;Statistik für kleine und mittlere Unternehmen;JAHR;Jahr;2020;DINSG;Deutschland insgesamt;DG;Deutschland;UNTGR2;Unternehmensgröße;UNT-1000;Großunternehmen;55412;EUR;PAW008;Personalaufwendungen je tätige Person;e
48121;Statistik für kleine und mittlere Unternehmen;JAHR;Jahr;2020;DINSG;Deutschland insgesamt;DG;Deutschland;UNTGR2;Unternehmensgröße;UNT-1000;Großunternehmen;1621641;Mill. EUR;KAU008;Käufe v.Waren u.DL z.Wiederverk. i.unveränd. Zust.;e
48121;Statistik für kleine und mittlere Unternehmen;JAHR;Jahr;2020;DINSG;Deutschland insgesamt;DG;Deutschland;UNTGR2;Unternehmensgröße;UNT-1000;Großunternehmen;13207283;Anzahl;PER005;Tätige Personen;e
48121;Statistik für kleine und mittlere Unternehmen;JAHR;Jahr;2020;DINSG;Deutschland insgesamt;DG;Deutschland;UNTGR2;Unternehmensgröße;UNT-1000;Großunternehmen;132807;Mill. EUR;KOS026;Sozialversicherungskosten;e
48121;Statistik für kleine und mittlere Unternehmen;JAHR;Jahr;2020;DINSG;Deutschland insgesamt;DG;Deutschland;UNTGR2;Unternehmensgröße;UNT-1000;Großunternehmen;11452337;Anzahl;LGE002;Lohn- und Gehaltsempfänger in Vollzeiteinheiten;e
48121;Statistik für kleine und mittlere Unternehmen;JAHR;Jahr;2020;DINSG;Deutschland insgesamt;DG;Deutschland;UNTGR2;Unternehmensgröße;UNT-1000;Großunternehmen;731836;Mill. EUR;PAW002;Personalaufwendungen;e
48121;Statistik für kleine und mittlere Unternehmen;JAHR;Jahr;2020;DINSG;Deutschland insgesamt;DG;Deutschland;UNTGR2;Unternehmensgröße;UNT-1000;Großunternehmen;3086596;Mill. EUR;PRO013;Produktionswert;e
48121;Statistik für kleine und mittlere Unternehmen;JAHR;Jahr;2020;DINSG;Deutschland insgesamt;DG;Deutschland;UNTGR2;Unternehmensgröße;UNT-1000;Großunternehmen;3609110;Mill. EUR;KAU007;Waren- und Dienstleistungskäufe;e
48121;Statistik für kleine und mittlere Unternehmen;JAHR;Jahr;2020;DINSG;Deutschland insgesamt;DG;Deutschland;UNTGR2;Unternehmensgröße;UNT-1000;Großunternehmen;1048886;Mill. EUR;BWS003;Bruttowertschöpfung zu Faktorkosten;e
48121;Statistik für kleine und mittlere Unternehmen;JAHR;Jahr;2020;DINSG;Deutschland insgesamt;DG;Deutschland;UNTGR2;Unternehmensgröße;UNT-1000;Großunternehmen;353817;EUR;UMS050;Umsatz je tätige Person;e
48121;Statistik für kleine und mittlere Unternehmen;JAHR;Jahr;2020;DINSG;Deutschland insgesamt;DG;Deutschland;UNTGR2;Unternehmensgröße;UNT-1000;Großunternehmen;14517;Anzahl;UNT007;Unternehmen mit Investitionen;e
48121;Statistik für kleine und mittlere Unternehmen;JAHR;Jahr;2020;DINSG;Deutschland insgesamt;DG;Deutschland;UNTGR2;Unternehmensgröße;UNT-1000;Großunternehmen;24006;EUR;BBU003;Bruttobetriebsüberschuss je tätige Person;e
48121;Statistik für kleine und mittlere Unternehmen;JAHR;Jahr;2020;DINSG;Deutschland insgesamt;DG;Deutschland;UNTGR2;Unternehmensgröße;UNT-1000;Großunternehmen;317050;Mill. EUR;BBU001;Bruttobetriebsüberschuss;e
48121;Statistik für kleine und mittlere Unternehmen;JAHR;Jahr;2020;DINSG;Deutschland insgesamt;DG;Deutschland;UNTGR2;Unternehmensgröße;UNT-1000;Großunternehmen;-;Mill. EUR;VRV001;Vorratsveränderungen bei Waren;
48121;Statistik für kleine und mittlere Unternehmen;JAHR;Jahr;2020;DINSG;Deutschland insgesamt;DG;Deutschland;UNTGR2;Unternehmensgröße;UNT-1000;Großunternehmen;79417;EUR;BWS010;Bruttowertschöpf. zu Faktorkosten je tätige Person;e
48121;Statistik für kleine und mittlere Unternehmen;JAHR;Jahr;2020;DINSG;Deutschland insgesamt;DG;Deutschland;UNTGR2;Unternehmensgröße;UNT-1000;Großunternehmen;15507;Anzahl;UNT002;Unternehmen (EU);e
48121;Statistik für kleine und mittlere Unternehmen;JAHR;Jahr;2024;DINSG;Deutschland insgesamt;DG;Deutschland;UNTGR2;Unternehmensgröße;UNT-1000;Großunternehmen;-;Anzahl;UNT003;Unternehmen;
48121;Statistik für kleine und mittlere Unternehmen;JAHR;Jahr;2024;DINSG;Deutschland insgesamt;DG;Deutschland;UNTGR2;Unternehmensgröße;UNT-1000;Großunternehmen;30698;Mill. EUR;AUFW05;Aufwendungen für Leiharbeitnehmer;e
48121;Statistik für kleine und mittlere Unternehmen;JAHR;Jahr;2024;DINSG;Deutschland insgesamt;DG;Deutschland;UNTGR2;Unternehmensgröße;UNT-1000;Großunternehmen;936211;Mill. EUR;VST005;Bruttolöhne und -gehälter;e
48121;Statistik für kleine und mittlere Unternehmen;JAHR;Jahr;2024;DINSG;Deutschland insgesamt;DG;Deutschland;UNTGR2;Unternehmensgröße;UNT-1000;Großunternehmen;299958;Mill. EUR;INV018;Bruttoinvestitionen in Sachanlagen;e
48121;Statistik für kleine und mittlere Unternehmen;JAHR;Jahr;2024;DINSG;Deutschland insgesamt;DG;Deutschland;UNTGR2;Unternehmensgröße;UNT-1000;Großunternehmen;7120752;Mill. EUR;UMS002;Umsatz;e
48121;Statistik für kleine und mittlere Unternehmen;JAHR;Jahr;2024;DINSG;Deutschland insgesamt;DG;Deutschland;UNTGR2;Unternehmensgröße;UNT-1000;Großunternehmen;18130634;Anzahl;LGE001;Lohn- und Gehaltsempfänger;e
48121;Statistik für kleine und mittlere Unternehmen;JAHR;Jahr;2024;DINSG;Deutschland insgesamt;DG;Deutschland;UNTGR2;Unternehmensgröße;UNT-1000;Großunternehmen;16490;EUR;INV023;Bruttoinvestitionen in Sachanl. je tätige Person;e
48121;Statistik für kleine und mittlere Unternehmen;JAHR;Jahr;2024;DINSG;Deutschland insgesamt;DG;Deutschland;UNTGR2;Unternehmensgröße;UNT-1000;Großunternehmen;125148;Mill. EUR;KOS002;Kosten für Mieten und Pachten;e
48121;Statistik für kleine und mittlere Unternehmen;JAHR;Jahr;2024;DINSG;Deutschland insgesamt;DG;Deutschland;UNTGR2;Unternehmensgröße;UNT-1000;Großunternehmen;62587;EUR;PAW008;Personalaufwendungen je tätige Person;e
48121;Statistik für kleine und mittlere Unternehmen;JAHR;Jahr;2024;DINSG;Deutschland insgesamt;DG;Deutschland;UNTGR2;Unternehmensgröße;UNT-1000;Großunternehmen;2083792;Mill. EUR;KAU008;Käufe v.Waren u.DL z.Wiederverk. i.unveränd. Zust.;e
48121;Statistik für kleine und mittlere Unternehmen;JAHR;Jahr;2024;DINSG;Deutschland insgesamt;DG;Deutschland;UNTGR2;Unternehmensgröße;UNT-1000;Großunternehmen;18190354;Anzahl;PER005;Tätige Personen;e
48121;Statistik für kleine und mittlere Unternehmen;JAHR;Jahr;2024;DINSG;Deutschland insgesamt;DG;Deutschland;UNTGR2;Unternehmensgröße;UNT-1000;Großunternehmen;202263;Mill. EUR;KOS026;Sozialversicherungskosten;e
48121;Statistik für kleine und mittlere Unternehmen;JAHR;Jahr;2024;DINSG;Deutschland insgesamt;DG;Deutschland;UNTGR2;Unternehmensgröße;UNT-1000;Großunternehmen;15539022;Anzahl;LGE002;Lohn- und Gehaltsempfänger in Vollzeiteinheiten;e
48121;Statistik für kleine und mittlere Unternehmen;JAHR;Jahr;2024;DINSG;Deutschland insgesamt;DG;Deutschland;UNTGR2;Unternehmensgröße;UNT-1000;Großunternehmen;1138474;Mill. EUR;PAW002;Personalaufwendungen;e
48121;Statistik für kleine und mittlere Unternehmen;JAHR;Jahr;2024;DINSG;Deutschland insgesamt;DG;Deutschland;UNTGR2;Unternehmensgröße;UNT-1000;Großunternehmen;4874522;Mill. EUR;PRO013;Produktionswert;e
48121;Statistik für kleine und mittlere Unternehmen;JAHR;Jahr;2024;DINSG;Deutschland insgesamt;DG;Deutschland;UNTGR2;Unternehmensgröße;UNT-1000;Großunternehmen;5268834;Mill. EUR;KAU007;Waren- und Dienstleistungskäufe;e
48121;Statistik für kleine und mittlere Unternehmen;JAHR;Jahr;2024;DINSG;Deutschland insgesamt;DG;Deutschland;UNTGR2;Unternehmensgröße;UNT-1000;Großunternehmen;1697665;Mill. EUR;BWS003;Bruttowertschöpfung zu Faktorkosten;e
48121;Statistik für kleine und mittlere Unternehmen;JAHR;Jahr;2024;DINSG;Deutschland insgesamt;DG;Deutschland;UNTGR2;Unternehmensgröße;UNT-1000;Großunternehmen;391458;EUR;UMS050;Umsatz je tätige Person;e
48121;Statistik für kleine und mittlere Unternehmen;JAHR;Jahr;2024;DINSG;Deutschland insgesamt;DG;Deutschland;UNTGR2;Unternehmensgröße;UNT-1000;Großunternehmen;18368;Anzahl;UNT007;Unternehmen mit Investitionen;e
48121;Statistik für kleine und mittlere Unternehmen;JAHR;Jahr;2024;DINSG;Deutschland insgesamt;DG;Deutschland;UNTGR2;Unternehmensgröße;UNT-1000;Großunternehmen;30741;EUR;BBU003;Bruttobetriebsüberschuss je tätige Person;e
48121;Statistik für kleine und mittlere Unternehmen;JAHR;Jahr;2024;DINSG;Deutschland insgesamt;DG;Deutschland;UNTGR2;Unternehmensgröße;UNT-1000;Großunternehmen;559191;Mill. EUR;BBU001;Bruttobetriebsüberschuss;e
48121;Statistik für kleine und mittlere Unternehmen;JAHR;Jahr;2024;DINSG;Deutschland insgesamt;DG;Deutschland;UNTGR2;Unternehmensgröße;UNT-1000;Großunternehmen;-501;Mill. EUR;VRV001;Vorratsveränderungen bei Waren;e
48121;Statistik für kleine und mittlere Unternehmen;JAHR;Jahr;2024;DINSG;Deutschland insgesamt;DG;Deutschland;UNTGR2;Unternehmensgröße;UNT-1000;Großunternehmen;93328;EUR;BWS010;Bruttowertschöpf. zu Faktorkosten je tätige Person;e
48121;Statistik für kleine und mittlere Unternehmen;JAHR;Jahr;2024;DINSG;Deutschland insgesamt;DG;Deutschland;UNTGR2;Unternehmensgröße;UNT-1000;Großunternehmen;21370;Anzahl;UNT002;Unternehmen (EU);e
48121;Statistik für kleine und mittlere Unternehmen;JAHR;Jahr;2022;DINSG;Deutschland insgesamt;DG;Deutschland;UNTGR2;Unternehmensgröße;UNT-1000;Großunternehmen;-;Anzahl;UNT003;Unternehmen;
48121;Statistik für kleine und mittlere Unternehmen;JAHR;Jahr;2022;DINSG;Deutschland insgesamt;DG;Deutschland;UNTGR2;Unternehmensgröße;UNT-1000;Großunternehmen;30777;Mill. EUR;AUFW05;Aufwendungen für Leiharbeitnehmer;e
48121;Statistik für kleine und mittlere Unternehmen;JAHR;Jahr;2022;DINSG;Deutschland insgesamt;DG;Deutschland;UNTGR2;Unternehmensgröße;UNT-1000;Großunternehmen;839723;Mill. EUR;VST005;Bruttolöhne und -gehälter;e
48121;Statistik für kleine und mittlere Unternehmen;JAHR;Jahr;2022;DINSG;Deutschland insgesamt;DG;Deutschland;UNTGR2;Unternehmensgröße;UNT-1000;Großunternehmen;248633;Mill. EUR;INV018;Bruttoinvestitionen in Sachanlagen;e
48121;Statistik für kleine und mittlere Unternehmen;JAHR;Jahr;2022;DINSG;Deutschland insgesamt;DG;Deutschland;UNTGR2;Unternehmensgröße;UNT-1000;Großunternehmen;7442283;Mill. EUR;UMS002;Umsatz;e
48121;Statistik für kleine und mittlere Unternehmen;JAHR;Jahr;2022;DINSG;Deutschland insgesamt;DG;Deutschland;UNTGR2;Unternehmensgröße;UNT-1000;Großunternehmen;17490646;Anzahl;LGE001;Lohn- und Gehaltsempfänger;e
48121;Statistik für kleine und mittlere Unternehmen;JAHR;Jahr;2022;DINSG;Deutschland insgesamt;DG;Deutschland;UNTGR2;Unternehmensgröße;UNT-1000;Großunternehmen;14168;EUR;INV023;Bruttoinvestitionen in Sachanl. je tätige Person;e
48121;Statistik für kleine und mittlere Unternehmen;JAHR;Jahr;2022;DINSG;Deutschland insgesamt;DG;Deutschland;UNTGR2;Unternehmensgröße;UNT-1000;Großunternehmen;117462;Mill. EUR;KOS002;Kosten für Mieten und Pachten;e
48121;Statistik für kleine und mittlere Unternehmen;JAHR;Jahr;2022;DINSG;Deutschland insgesamt;DG;Deutschland;UNTGR2;Unternehmensgröße;UNT-1000;Großunternehmen;59890;EUR;PAW008;Personalaufwendungen je tätige Person;e
48121;Statistik für kleine und mittlere Unternehmen;JAHR;Jahr;2022;DINSG;Deutschland insgesamt;DG;Deutschland;UNTGR2;Unternehmensgröße;UNT-1000;Großunternehmen;2090593;Mill. EUR;KAU008;Käufe v.Waren u.DL z.Wiederverk. i.unveränd. Zust.;e
48121;Statistik für kleine und mittlere Unternehmen;JAHR;Jahr;2022;DINSG;Deutschland insgesamt;DG;Deutschland;UNTGR2;Unternehmensgröße;UNT-1000;Großunternehmen;17548730;Anzahl;PER005;Tätige Personen;e
48121;Statistik für kleine und mittlere Unternehmen;JAHR;Jahr;2022;DINSG;Deutschland insgesamt;DG;Deutschland;UNTGR2;Unternehmensgröße;UNT-1000;Großunternehmen;211277;Mill. EUR;KOS026;Sozialversicherungskosten;e
48121;Statistik für kleine und mittlere Unternehmen;JAHR;Jahr;2022;DINSG;Deutschland insgesamt;DG;Deutschland;UNTGR2;Unternehmensgröße;UNT-1000;Großunternehmen;15143146;Anzahl;LGE002;Lohn- und Gehaltsempfänger in Vollzeiteinheiten;e
48121;Statistik für kleine und mittlere Unternehmen;JAHR;Jahr;2022;DINSG;Deutschland insgesamt;DG;Deutschland;UNTGR2;Unternehmensgröße;UNT-1000;Großunternehmen;1051000;Mill. EUR;PAW002;Personalaufwendungen;e
48121;Statistik für kleine und mittlere Unternehmen;JAHR;Jahr;2022;DINSG;Deutschland insgesamt;DG;Deutschland;UNTGR2;Unternehmensgröße;UNT-1000;Großunternehmen;5247625;Mill. EUR;PRO013;Produktionswert;e
48121;Statistik für kleine und mittlere Unternehmen;JAHR;Jahr;2022;DINSG;Deutschland insgesamt;DG;Deutschland;UNTGR2;Unternehmensgröße;UNT-1000;Großunternehmen;5714391;Mill. EUR;KAU007;Waren- und Dienstleistungskäufe;e
48121;Statistik für kleine und mittlere Unternehmen;JAHR;Jahr;2022;DINSG;Deutschland insgesamt;DG;Deutschland;UNTGR2;Unternehmensgröße;UNT-1000;Großunternehmen;1678497;Mill. EUR;BWS003;Bruttowertschöpfung zu Faktorkosten;e
48121;Statistik für kleine und mittlere Unternehmen;JAHR;Jahr;2022;DINSG;Deutschland insgesamt;DG;Deutschland;UNTGR2;Unternehmensgröße;UNT-1000;Großunternehmen;424092;EUR;UMS050;Umsatz je tätige Person;e
48121;Statistik für kleine und mittlere Unternehmen;JAHR;Jahr;2022;DINSG;Deutschland insgesamt;DG;Deutschland;UNTGR2;Unternehmensgröße;UNT-1000;Großunternehmen;19713;Anzahl;UNT007;Unternehmen mit Investitionen;e
48121;Statistik für kleine und mittlere Unternehmen;JAHR;Jahr;2022;DINSG;Deutschland insgesamt;DG;Deutschland;UNTGR2;Unternehmensgröße;UNT-1000;Großunternehmen;35757;EUR;BBU003;Bruttobetriebsüberschuss je tätige Person;e
48121;Statistik für kleine und mittlere Unternehmen;JAHR;Jahr;2022;DINSG;Deutschland insgesamt;DG;Deutschland;UNTGR2;Unternehmensgröße;UNT-1000;Großunternehmen;627497;Mill. EUR;BBU001;Bruttobetriebsüberschuss;e
48121;Statistik für kleine und mittlere Unternehmen;JAHR;Jahr;2022;DINSG;Deutschland insgesamt;DG;Deutschland;UNTGR2;Unternehmensgröße;UNT-1000;Großunternehmen;102208;Mill. EUR;VRV001;Vorratsveränderungen bei Waren;e
48121;Statistik für kleine und mittlere Unternehmen;JAHR;Jahr;2022;DINSG;Deutschland insgesamt;DG;Deutschland;UNTGR2;Unternehmensgröße;UNT-1000;Großunternehmen;95648;EUR;BWS010;Bruttowertschöpf. zu Faktorkosten je tätige Person;e
48121;Statistik für kleine und mittlere Unternehmen;JAHR;Jahr;2022;DINSG;Deutschland insgesamt;DG;Deutschland;UNTGR2;Unternehmensgröße;UNT-1000;Großunternehmen;20681;Anzahl;UNT002;Unternehmen (EU);e
